timestamp,host,cpu_util,mem_util,temp_cpu,net_in_bytes,net_out_bytes,tcp_conn,user_active,usb_event,usb_device,anomaly
2025-08-21T13:24:25,nanema-HP,5.9,26.1,45.0,1474050281.0,27307082.0,17,1,0,,0
2025-08-21T13:24:32,nanema-HP,0.4,25.8,48.0,1474050881.0,27307736.0,17,1,0,,0
2025-08-21T13:24:38,nanema-HP,1.4,25.8,48.0,1474055288.0,27311871.0,17,1,0,,0
2025-08-21T13:24:44,nanema-HP,0.8,25.7,48.0,1474056625.0,27313116.0,17,1,0,,0
2025-08-21T13:24:50,nanema-HP,0.8,25.7,44.0,1474057225.0,27313716.0,17,1,0,,0
2025-08-21T13:24:56,nanema-HP,0.9,25.7,44.0,1474058436.0,27314316.0,17,1,0,,0
2025-08-21T13:25:02,nanema-HP,0.7,25.8,44.0,1474059380.0,27315258.0,17,1,0,,0
2025-08-21T13:25:08,nanema-HP,0.6,25.8,44.0,1474060675.0,27316183.0,17,1,0,,0
2025-08-21T13:25:15,nanema-HP,0.4,25.7,44.0,1474061261.0,27316761.0,17,1,0,,0
2025-08-21T13:25:21,nanema-HP,0.9,25.8,44.0,1474061861.0,27317361.0,17,1,0,,0
2025-08-21T13:25:27,nanema-HP,0.4,25.7,44.0,1474063001.0,27318417.0,17,1,0,,0
2025-08-21T13:25:33,nanema-HP,1.0,25.8,44.0,1474063838.0,27322494.0,17,1,0,,0
2025-08-21T13:25:39,nanema-HP,1.1,25.9,44.0,1474064480.0,27329312.0,17,1,0,,0
2025-08-21T13:25:45,nanema-HP,0.4,25.8,44.0,1474065487.0,27330315.0,17,1,0,,0
2025-08-21T13:25:51,nanema-HP,0.6,26.3,44.0,1474066087.0,27330915.0,17,1,0,,0
2025-08-21T13:25:58,nanema-HP,0.5,25.8,44.0,1474066931.0,27331757.0,17,1,0,,0
2025-08-21T13:26:04,nanema-HP,1.2,25.9,44.0,1474085126.0,27342821.0,17,1,0,,0
2025-08-21T13:26:10,nanema-HP,0.4,25.8,43.0,1474086187.0,27344234.0,17,1,0,,0
2025-08-21T13:26:16,nanema-HP,1.7,25.9,43.0,1474086873.0,27344912.0,17,1,0,,0
2025-08-21T13:26:22,nanema-HP,2.1,25.9,43.0,1474087473.0,27345512.0,17,1,0,,0
2025-08-21T13:41:03,nanema-HP,3.0,26.3,44.0,1481104338.0,28585054.0,15,1,0,,0
2025-08-21T13:41:09,nanema-HP,0.7,26.2,44.0,1481105808.0,28585654.0,15,1,0,,0
2025-08-21T13:41:15,nanema-HP,0.7,26.4,45.0,1481106752.0,28586596.0,15,1,0,,0
2025-08-21T13:41:22,nanema-HP,2.6,26.5,45.0,1481107352.0,28587196.0,15,1,0,,0
2025-08-21T13:41:28,nanema-HP,2.8,26.5,45.0,1481108418.0,28591419.0,15,1,-1,Device('/sys/devices/pci0000:00/0000:00:14.0/usb3/3-2/3-2:1.0'),0
2025-08-21T13:41:34,nanema-HP,0.7,26.4,45.0,1481110566.0,28592339.0,15,1,-1,Device('/sys/devices/pci0000:00/0000:00:14.0/usb3/3-2'),0
2025-08-21T13:41:40,nanema-HP,1.9,26.5,45.0,1481111333.0,28599115.0,15,1,1,Device('/sys/devices/pci0000:00/0000:00:14.0/usb3/3-2'),0
2025-08-21T13:41:46,nanema-HP,0.7,26.4,46.0,1481112129.0,28599829.0,15,1,1,Device('/sys/devices/pci0000:00/0000:00:14.0/usb3/3-2/3-2:1.0'),0
2025-08-21T13:41:52,nanema-HP,4.1,26.4,46.0,1481113228.0,28600640.0,15,1,0,,0
2025-08-21T13:41:58,nanema-HP,0.9,26.4,46.0,1481114315.0,28601482.0,15,1,0,,0
2025-08-21T13:42:05,nanema-HP,0.3,26.5,46.0,1481133499.0,28602596.0,15,1,0,,0
2025-08-21T13:42:11,nanema-HP,1.0,26.7,46.0,1481139571.0,28603274.0,15,1,0,,0
2025-08-21T13:42:17,nanema-HP,4.4,26.6,44.0,1481146517.0,28603874.0,15,1,0,,0
2025-08-21T13:42:23,nanema-HP,3.6,26.5,44.0,1481147313.0,28604588.0,15,1,0,,0
2025-08-21T13:42:29,nanema-HP,0.9,26.6,44.0,1481148157.0,28605430.0,14,1,0,,0
2025-08-21T13:42:35,nanema-HP,1.0,26.6,45.0,1481148913.0,28606116.0,14,1,0,,0
2025-08-21T13:42:41,nanema-HP,2.1,26.5,45.0,1481149513.0,28606716.0,14,1,0,,0
2025-08-21T13:42:48,nanema-HP,2.3,26.5,46.0,1481159176.0,28609235.0,14,1,0,,0
2025-08-21T13:42:54,nanema-HP,0.8,26.5,46.0,1481162917.0,28613343.0,14,1,-1,Device('/sys/devices/pci0000:00/0000:00:14.0/usb3/3-2/3-2:1.0'),0
2025-08-21T13:43:00,nanema-HP,0.6,26.5,46.0,1481163750.0,28613943.0,14,1,-1,Device('/sys/devices/pci0000:00/0000:00:14.0/usb3/3-2'),0
2025-08-21T13:43:06,nanema-HP,0.5,26.5,45.0,1481164546.0,28614657.0,14,1,0,,0
2025-08-21T13:43:12,nanema-HP,2.2,26.5,45.0,1481165882.0,28615499.0,14,1,0,,0
2025-08-21T13:43:18,nanema-HP,0.6,26.6,45.0,1481166758.0,28622275.0,14,1,1,Device('/sys/devices/pci0000:00/0000:00:14.0/usb3/3-2'),0
2025-08-21T13:43:24,nanema-HP,0.6,26.6,45.0,1481169701.0,28622989.0,14,1,1,Device('/sys/devices/pci0000:00/0000:00:14.0/usb3/3-2/3-2:1.0'),0
2025-08-21T13:43:31,nanema-HP,0.6,26.6,45.0,1481171125.0,28623831.0,14,1,0,,0
2025-08-21T13:43:37,nanema-HP,0.4,26.6,45.0,1481172338.0,28624591.0,14,1,0,,0
2025-08-21T13:43:43,nanema-HP,0.8,26.6,45.0,1481173915.0,28625810.0,14,1,0,,0
2025-08-21T13:43:49,nanema-HP,0.5,26.5,45.0,1481174891.0,28626488.0,14,1,0,,0
2025-08-21T13:43:55,nanema-HP,0.6,26.5,46.0,1481175635.0,28627230.0,14,1,0,,0
2025-08-21T13:44:01,nanema-HP,0.3,26.5,46.0,1481176468.0,28627830.0,14,1,0,,0
2025-08-21T13:44:07,nanema-HP,0.8,26.5,46.0,1481178468.0,28628758.0,14,1,0,,0
2025-08-21T13:44:14,nanema-HP,0.5,26.5,44.0,1481179068.0,28629358.0,14,1,0,,0
2025-08-21T13:44:20,nanema-HP,0.5,26.5,44.0,1481179668.0,28629958.0,14,1,0,,0
2025-08-21T13:44:26,nanema-HP,3.0,26.6,46.0,1481180720.0,28631142.0,14,1,0,,0
2025-08-21T13:44:32,nanema-HP,0.5,26.6,46.0,1481181320.0,28631742.0,14,1,0,,0
2025-08-21T13:44:38,nanema-HP,2.8,26.5,46.0,1481181920.0,28632342.0,14,1,0,,0
2025-08-21T13:44:44,nanema-HP,0.8,26.5,45.0,1481191048.0,28643161.0,14,1,0,,0
2025-08-21T13:44:50,nanema-HP,0.5,26.5,45.0,1481191992.0,28644103.0,14,1,0,,0
2025-08-21T13:44:57,nanema-HP,0.6,26.5,44.0,1481192592.0,28644703.0,14,1,0,,0
2025-08-21T13:45:03,nanema-HP,0.5,26.5,44.0,1481193621.0,28645417.0,14,1,0,,0
2025-08-21T13:45:09,nanema-HP,3.6,26.5,44.0,1481194221.0,28646017.0,14,1,0,,0
2025-08-21T13:45:15,nanema-HP,0.6,26.5,44.0,1481194979.0,28646859.0,14,1,0,,0
2025-08-21T13:45:21,nanema-HP,0.7,26.5,44.0,1481195579.0,28647459.0,14,1,0,,0
2025-08-21T13:45:27,nanema-HP,1.4,26.5,44.0,1481196375.0,28648173.0,14,1,0,,0
2025-08-21T13:45:33,nanema-HP,3.9,26.5,45.0,1481197219.0,28649015.0,14,1,0,,0
2025-08-21T13:45:39,nanema-HP,0.5,26.5,45.0,1481198024.0,28649886.0,14,1,0,,0
2025-08-21T13:45:46,nanema-HP,0.6,26.5,45.0,1481198820.0,28650600.0,14,1,0,,0
2025-08-21T13:45:52,nanema-HP,1.8,26.5,45.0,1481199420.0,28651200.0,14,1,0,,0
2025-08-21T13:45:58,nanema-HP,4.3,26.3,45.0,1481200020.0,28651800.0,14,1,0,,0
2025-08-21T13:46:04,nanema-HP,0.6,26.3,44.0,1481201305.0,28652870.0,14,1,0,,0
2025-08-21T13:46:10,nanema-HP,0.3,26.3,44.0,1481201905.0,28653470.0,14,1,0,,0
2025-08-21T13:46:16,nanema-HP,0.4,26.3,44.0,1481202505.0,28654070.0,14,1,0,,0
2025-08-21T13:46:22,nanema-HP,2.0,26.3,46.0,1481203105.0,28654670.0,14,1,0,,0
2025-08-21T13:46:29,nanema-HP,0.5,26.3,46.0,1481204001.0,28655484.0,14,1,0,,0
2025-08-21T13:46:35,nanema-HP,0.3,26.3,45.0,1481204845.0,28656326.0,14,1,0,,0
2025-08-21T13:46:41,nanema-HP,0.4,26.3,45.0,1481205550.0,28657097.0,14,1,0,,0
2025-08-21T13:46:47,nanema-HP,2.3,26.3,45.0,1481206388.0,28657853.0,14,1,0,,0
2025-08-21T13:46:53,nanema-HP,9.4,26.4,43.0,1481206988.0,28658453.0,14,1,0,,0
2025-08-21T13:46:59,nanema-HP,3.4,26.1,43.0,1481248811.0,28691078.0,15,1,0,,0
2025-08-21T13:47:05,nanema-HP,3.1,26.1,43.0,1481251669.0,28700306.0,15,1,0,,0
2025-08-21T13:47:12,nanema-HP,4.1,26.1,43.0,1481254466.0,28707052.0,15,1,0,,0
2025-08-21T13:47:18,nanema-HP,3.9,26.1,43.0,1481257230.0,28715979.0,15,1,0,,0
2025-08-21T13:47:24,nanema-HP,2.0,26.1,44.0,1481260824.0,28730733.0,15,1,0,,0
2025-08-21T13:47:30,nanema-HP,9.7,26.8,44.0,1481275028.0,28759587.0,15,1,0,,0
2025-08-21T13:47:36,nanema-HP,8.8,26.9,44.0,1481281082.0,28762797.0,15,1,0,,0
2025-08-21T13:47:42,nanema-HP,12.8,26.8,44.0,1481287621.0,28766220.0,16,1,0,,0
2025-08-21T13:47:48,nanema-HP,6.5,26.9,44.0,1481300192.0,28798263.0,15,1,0,,0
2025-08-21T13:47:55,nanema-HP,3.3,26.2,46.0,1481304076.0,28808215.0,15,1,0,,0
2025-08-21T13:48:01,nanema-HP,0.5,26.2,46.0,1481306272.0,28815003.0,15,1,0,,0
2025-08-21T13:48:07,nanema-HP,0.5,26.2,46.0,1481307068.0,28815717.0,15,1,0,,0
2025-08-21T13:48:13,nanema-HP,1.6,26.1,45.0,1481307668.0,28816317.0,15,1,0,,0
2025-08-21T13:48:19,nanema-HP,4.9,26.2,45.0,1481315291.0,28824315.0,16,1,0,,0
2025-08-21T13:48:25,nanema-HP,0.9,26.2,45.0,1481316087.0,28825029.0,16,1,0,,0
2025-08-21T13:48:31,nanema-HP,0.7,26.2,45.0,1481316687.0,28825629.0,15,1,0,,0
2025-08-21T13:48:38,nanema-HP,1.0,26.3,45.0,1481317443.0,28826323.0,15,1,0,,0
2025-08-21T13:48:44,nanema-HP,0.7,26.2,45.0,1481318567.0,28827363.0,15,1,0,,0
2025-08-21T13:48:50,nanema-HP,1.1,26.2,45.0,1481319167.0,28827963.0,15,1,0,,0
2025-08-21T13:48:56,nanema-HP,1.3,26.2,45.0,1481319767.0,28828563.0,15,1,0,,0
2025-08-21T13:49:02,nanema-HP,1.0,26.2,48.0,1481320811.0,28829374.0,15,1,0,,0
2025-08-21T13:49:08,nanema-HP,3.0,26.2,48.0,1481321951.0,28830430.0,15,1,0,,0
2025-08-21T13:49:15,nanema-HP,0.5,26.2,46.0,1481322551.0,28831030.0,15,1,0,,0
2025-08-21T13:49:21,nanema-HP,0.5,26.2,46.0,1481323769.0,28832384.0,14,1,0,,0
2025-08-21T13:49:27,nanema-HP,0.8,26.4,46.0,1481338379.0,28847305.0,14,1,0,,0
2025-08-21T13:49:33,nanema-HP,3.0,26.4,45.0,1481340523.0,28854996.0,14,1,0,,0
2025-08-21T13:49:39,nanema-HP,1.2,26.4,45.0,1481341123.0,28855596.0,14,1,0,,0
2025-08-21T13:49:45,nanema-HP,0.5,26.4,45.0,1481341919.0,28856310.0,14,1,0,,0
2025-08-21T13:49:51,nanema-HP,0.3,26.4,47.0,1481342519.0,28856910.0,14,1,0,,0
2025-08-21T13:49:57,nanema-HP,8.2,27.1,47.0,1481353911.0,28890230.0,14,1,0,,0
2025-08-21T13:50:04,nanema-HP,8.3,26.8,47.0,1481360705.0,28894665.0,14,1,0,,0
2025-08-21T13:50:10,nanema-HP,8.0,26.8,47.0,1481365763.0,28897071.0,14,1,0,,0
2025-08-21T13:50:16,nanema-HP,1.8,26.6,47.0,1481374313.0,28932231.0,14,1,0,,0
2025-08-21T13:50:22,nanema-HP,1.7,26.5,45.0,1481376189.0,28935165.0,14,1,0,,0
2025-08-21T13:50:28,nanema-HP,4.3,26.6,45.0,1481378721.0,28941157.0,14,1,0,,0
2025-08-21T13:50:34,nanema-HP,6.9,26.6,45.0,1481379321.0,28941757.0,14,1,0,,0
2025-08-21T13:50:40,nanema-HP,0.5,26.5,45.0,1481379921.0,28942357.0,14,1,0,,0
2025-08-21T13:50:47,nanema-HP,0.8,26.5,45.0,1481387285.0,28950214.0,15,1,0,,0
2025-08-21T13:50:53,nanema-HP,3.3,26.5,48.0,1481387971.0,28950892.0,15,1,0,,0
2025-08-21T13:50:59,nanema-HP,1.5,26.5,48.0,1481388804.0,28951492.0,15,1,0,,0
2025-08-21T13:51:05,nanema-HP,0.6,26.5,48.0,1481390054.0,28952450.0,15,1,0,,0
2025-08-21T13:51:11,nanema-HP,0.4,26.5,45.0,1481390654.0,28953050.0,15,1,0,,0
2025-08-21T13:51:17,nanema-HP,2.7,26.5,45.0,1481391498.0,28953892.0,15,1,0,,0
2025-08-21T13:51:23,nanema-HP,0.5,26.5,45.0,1481392505.0,28954817.0,15,1,0,,0
2025-08-21T13:51:29,nanema-HP,0.5,26.5,45.0,1481393563.0,28955897.0,15,1,0,,0
2025-08-21T13:51:36,nanema-HP,0.5,26.5,45.0,1481394263.0,28956597.0,15,1,0,,0
2025-08-21T13:51:42,nanema-HP,3.3,26.5,45.0,1481395318.0,28957650.0,15,1,0,,0
2025-08-21T13:51:48,nanema-HP,0.4,26.5,45.0,1481396423.0,28958943.0,14,1,0,,0
2025-08-21T13:51:54,nanema-HP,0.5,26.5,45.0,1481397023.0,28959543.0,14,1,0,,0
2025-08-21T13:52:00,nanema-HP,0.6,26.7,45.0,1481415542.0,28966711.0,14,1,-1,Device('/sys/devices/pci0000:00/0000:00:14.0/usb3/3-4/3-4:4.1'),0
2025-08-21T13:52:06,nanema-HP,3.5,26.5,45.0,1481416562.0,28967575.0,14,1,-1,Device('/sys/devices/pci0000:00/0000:00:14.0/usb3/3-4/3-4:4.0'),0
2025-08-21T13:52:12,nanema-HP,0.8,26.5,45.0,1481420538.0,28974367.0,14,1,-1,Device('/sys/devices/pci0000:00/0000:00:14.0/usb3/3-4/3-4:4.2'),0
2025-08-21T13:52:19,nanema-HP,0.5,26.5,45.0,1481421468.0,28975287.0,14,1,-1,Device('/sys/devices/pci0000:00/0000:00:14.0/usb3/3-4'),0
2025-08-21T13:52:25,nanema-HP,0.7,26.5,45.0,1481425779.0,28979338.0,14,1,1,Device('/sys/devices/pci0000:00/0000:00:14.0/usb3/3-4'),0
2025-08-21T13:52:31,nanema-HP,0.7,26.5,44.0,1481426535.0,28980024.0,14,1,1,Device('/sys/devices/pci0000:00/0000:00:14.0/usb3/3-4/3-4:1.0'),0
2025-08-21T13:52:37,nanema-HP,0.4,26.5,44.0,1481427379.0,28980866.0,14,1,-1,Device('/sys/devices/pci0000:00/0000:00:14.0/usb3/3-4/3-4:1.0'),0
2025-08-21T13:52:43,nanema-HP,0.7,26.5,44.0,1481429923.0,28982848.0,14,1,1,Device('/sys/devices/pci0000:00/0000:00:14.0/usb3/3-4/3-4:4.0'),0
2025-08-21T13:52:49,nanema-HP,0.5,26.5,44.0,1481430693.0,28983610.0,14,1,1,Device('/sys/devices/pci0000:00/0000:00:14.0/usb3/3-4/3-4:4.1'),0
2025-08-21T13:52:56,nanema-HP,0.4,26.5,44.0,1481431451.0,28984452.0,14,1,1,Device('/sys/devices/pci0000:00/0000:00:14.0/usb3/3-4/3-4:4.2'),0
2025-08-21T13:53:02,nanema-HP,0.5,26.4,44.0,1481432284.0,28985052.0,14,1,-1,Device('/sys/devices/pci0000:00/0000:00:14.0/usb3/3-4/3-4:4.1'),0
2025-08-21T13:53:08,nanema-HP,0.4,26.4,44.0,1481433180.0,28985866.0,14,1,-1,Device('/sys/devices/pci0000:00/0000:00:14.0/usb3/3-4/3-4:4.0'),0
2025-08-21T13:53:14,nanema-HP,0.3,26.4,44.0,1481433780.0,28986466.0,14,1,-1,Device('/sys/devices/pci0000:00/0000:00:14.0/usb3/3-4/3-4:4.2'),0
2025-08-21T13:53:20,nanema-HP,0.5,26.7,43.0,1481448991.0,28994426.0,14,1,-1,Device('/sys/devices/pci0000:00/0000:00:14.0/usb3/3-4'),0
2025-08-21T13:53:26,nanema-HP,0.8,26.6,43.0,1481449873.0,28995218.0,14,1,0,,0
2025-08-21T13:53:32,nanema-HP,1.2,26.5,43.0,1481450813.0,28996431.0,14,1,0,,0
2025-08-21T13:53:38,nanema-HP,0.5,26.5,43.0,1481464257.0,29011688.0,16,1,0,,0
2025-08-21T13:53:45,nanema-HP,0.7,26.5,43.0,1481466236.0,29018265.0,15,1,0,,0
2025-08-21T13:53:51,nanema-HP,0.8,26.5,43.0,1481474574.0,29038414.0,17,1,0,,0
2025-08-21T13:53:57,nanema-HP,0.6,26.5,43.0,1481476078.0,29039114.0,17,1,0,,0
2025-08-21T13:54:03,nanema-HP,0.6,26.4,43.0,1481477412.0,29039714.0,17,1,0,,0
2025-08-21T13:54:09,nanema-HP,0.7,26.4,42.0,1481478740.0,29040670.0,17,1,0,,0
2025-08-21T13:54:15,nanema-HP,0.5,26.5,42.0,1481479340.0,29041270.0,17,1,0,,0
2025-08-21T13:54:21,nanema-HP,0.8,26.5,42.0,1481479940.0,29041870.0,16,1,0,,0
2025-08-21T13:54:28,nanema-HP,0.4,26.5,43.0,1481480736.0,29042584.0,16,1,0,,0
2025-08-21T13:54:34,nanema-HP,0.6,26.5,43.0,1481481798.0,29043644.0,16,1,0,,0
2025-08-21T13:54:40,nanema-HP,0.8,26.5,43.0,1481482584.0,29044422.0,16,1,0,,0
2025-08-21T13:54:46,nanema-HP,0.4,26.5,43.0,1481483606.0,29045444.0,16,1,0,,0
2025-08-21T13:54:52,nanema-HP,0.5,26.5,43.0,1481484646.0,29046400.0,16,1,0,,0
2025-08-21T13:54:58,nanema-HP,1.3,26.5,42.0,1481485911.0,29047000.0,16,1,0,,0
2025-08-21T13:55:05,nanema-HP,0.7,26.5,42.0,1481486630.0,29047600.0,16,1,0,,0
2025-08-21T13:55:11,nanema-HP,0.4,26.5,42.0,1481487426.0,29048314.0,16,1,0,,0
2025-08-21T13:55:17,nanema-HP,0.5,26.5,42.0,1481488026.0,29048914.0,16,1,0,,0
2025-08-21T13:55:23,nanema-HP,0.6,26.5,42.0,1481489089.0,29049856.0,16,1,0,,0
2025-08-21T13:55:29,nanema-HP,0.4,26.5,42.0,1481489885.0,29050570.0,16,1,0,,0
2025-08-21T13:55:35,nanema-HP,0.6,26.5,42.0,1481490617.0,29051388.0,16,1,0,,0
2025-08-21T13:55:41,nanema-HP,0.5,26.4,42.0,1481491805.0,29052308.0,16,1,0,,0
2025-08-21T13:55:48,nanema-HP,0.9,26.3,43.0,1481492851.0,29053444.0,16,1,0,,0
2025-08-21T13:55:54,nanema-HP,0.6,26.3,43.0,1481493695.0,29054286.0,16,1,0,,0
2025-08-21T13:56:00,nanema-HP,0.8,26.3,43.0,1481494786.0,29054886.0,16,1,0,,0
2025-08-21T13:56:06,nanema-HP,0.3,26.3,43.0,1481495386.0,29055486.0,16,1,0,,0
2025-08-21T13:56:12,nanema-HP,0.5,26.3,43.0,1481496282.0,29056300.0,16,1,0,,0
2025-08-21T13:56:18,nanema-HP,0.5,26.3,43.0,1481497126.0,29057142.0,16,1,0,,0
2025-08-21T13:56:25,nanema-HP,0.4,26.3,43.0,1481497984.0,29057742.0,16,1,0,,0
2025-08-21T13:56:31,nanema-HP,0.8,26.3,43.0,1481501872.0,29058756.0,16,1,0,,0
2025-08-21T13:56:37,nanema-HP,0.5,26.3,43.0,1481504370.0,29061042.0,15,1,0,,0
2025-08-21T13:56:43,nanema-HP,1.2,26.3,43.0,1481505830.0,29061720.0,15,1,0,,0
2025-08-21T13:56:49,nanema-HP,0.5,26.3,43.0,1481506884.0,29062434.0,15,1,0,,0
2025-08-21T13:56:55,nanema-HP,0.9,26.3,43.0,1481508100.0,29063134.0,15,1,0,,0
2025-08-21T13:57:01,nanema-HP,0.5,26.3,43.0,1481528122.0,29064034.0,15,1,0,,0
2025-08-21T13:57:07,nanema-HP,2.8,26.4,43.0,1481534859.0,29072487.0,16,1,0,,0
2025-08-21T13:57:14,nanema-HP,14.3,26.7,43.0,1481536319.0,29073165.0,16,1,0,,0
2025-08-21T13:57:20,nanema-HP,0.4,26.6,44.0,1481536919.0,29073765.0,16,1,0,,0
2025-08-21T13:57:26,nanema-HP,0.3,26.6,44.0,1481537519.0,29074365.0,16,1,0,,0
2025-08-21T13:57:32,nanema-HP,0.5,26.8,44.0,1481538559.0,29075321.0,16,1,0,,0
2025-08-21T13:57:38,nanema-HP,0.4,27.0,43.0,1481539814.0,29075921.0,16,1,0,,0
2025-08-21T13:57:44,nanema-HP,0.4,27.1,43.0,1481542262.0,29077889.0,14,1,0,,0
2025-08-21T13:57:51,nanema-HP,0.4,27.2,43.0,1481543186.0,29078723.0,14,1,0,,0
2025-08-21T13:57:57,nanema-HP,0.6,27.4,43.0,1481544546.0,29079565.0,14,1,0,,0
2025-08-21T13:58:03,nanema-HP,0.3,27.5,43.0,1481545637.0,29080165.0,14,1,0,,0
2025-08-21T13:58:09,nanema-HP,0.6,27.6,42.0,1481546656.0,29081215.0,14,1,0,,0
2025-08-21T13:58:15,nanema-HP,0.5,27.6,42.0,1481547256.0,29081815.0,14,1,0,,0
2025-08-21T13:58:21,nanema-HP,0.4,27.7,42.0,1481548735.0,29082657.0,14,1,0,,0
2025-08-21T13:58:27,nanema-HP,1.5,27.8,42.0,1481549919.0,29083471.0,14,1,0,,0
2025-08-21T13:58:33,nanema-HP,0.4,27.8,42.0,1481550519.0,29084071.0,14,1,0,,0
2025-08-21T13:58:40,nanema-HP,0.5,27.8,42.0,1481551317.0,29084915.0,14,1,0,,0
2025-08-21T13:58:46,nanema-HP,0.3,27.9,42.0,1481552103.0,29085657.0,14,1,0,,0
2025-08-21T13:58:52,nanema-HP,0.4,27.9,42.0,1481552999.0,29086471.0,14,1,0,,0
2025-08-21T13:58:58,nanema-HP,0.4,28.0,42.0,1481553599.0,29087071.0,14,1,0,,0
2025-08-21T13:59:04,nanema-HP,0.5,27.8,42.0,1481554432.0,29087671.0,14,1,0,,0
2025-08-21T13:59:10,nanema-HP,0.3,27.8,42.0,1481555683.0,29088838.0,14,1,0,,0
2025-08-21T13:59:16,nanema-HP,0.3,27.9,42.0,1481556369.0,29089516.0,14,1,0,,0
2025-08-21T13:59:23,nanema-HP,0.3,27.9,42.0,1481556969.0,29090116.0,14,1,0,,0
2025-08-21T13:59:29,nanema-HP,0.4,28.0,41.0,1481558005.0,29090830.0,14,1,0,,0
2025-08-21T13:59:35,nanema-HP,0.8,27.0,41.0,1481558605.0,29091430.0,14,1,0,,0
2025-08-21T13:59:41,nanema-HP,0.3,27.0,41.0,1481559549.0,29092372.0,14,1,0,,0
2025-08-21T13:59:47,nanema-HP,0.6,27.1,42.0,1481560345.0,29093086.0,14,1,0,,0
2025-08-21T13:59:53,nanema-HP,0.4,27.1,42.0,1481561203.0,29093686.0,14,1,0,,0
2025-08-21T14:00:00,nanema-HP,0.9,26.8,42.0,1481564042.0,29094849.0,14,1,0,,0
2025-08-21T14:00:06,nanema-HP,0.7,26.8,42.0,1481565532.0,29095527.0,14,1,0,,0
2025-08-21T14:00:12,nanema-HP,0.5,26.9,42.0,1481566672.0,29096241.0,14,1,0,,0
2025-08-21T14:00:18,nanema-HP,0.3,26.9,42.0,1481567530.0,29096841.0,14,1,0,,0
2025-08-21T14:00:24,nanema-HP,0.6,27.0,42.0,1481568474.0,29097783.0,14,1,0,,0
2025-08-21T14:00:30,nanema-HP,0.7,27.1,42.0,1481569270.0,29098497.0,14,1,0,,0
2025-08-21T14:00:36,nanema-HP,0.4,27.2,42.0,1481569956.0,29099097.0,14,1,0,,0
2025-08-21T14:00:42,nanema-HP,0.3,26.4,42.0,1481570556.0,29099697.0,14,1,0,,0
2025-08-21T14:00:49,nanema-HP,0.5,26.4,42.0,1481571352.0,29100411.0,14,1,0,,0
2025-08-21T14:00:55,nanema-HP,0.5,26.6,42.0,1481572742.0,29101253.0,14,1,0,,0
2025-08-21T14:01:01,nanema-HP,0.6,26.7,42.0,1481574091.0,29101853.0,13,1,0,,0
2025-08-21T14:01:07,nanema-HP,0.3,26.7,42.0,1481575131.0,29102809.0,13,1,0,,0
2025-08-21T14:01:13,nanema-HP,0.7,26.7,42.0,1481576665.0,29103509.0,13,1,0,,0
2025-08-21T14:01:19,nanema-HP,0.4,26.8,42.0,1481577781.0,29104109.0,13,1,0,,0
2025-08-21T14:01:25,nanema-HP,0.8,26.9,42.0,1481578913.0,29104951.0,13,1,0,,0
2025-08-21T14:01:32,nanema-HP,0.5,27.0,42.0,1481579709.0,29105665.0,13,1,0,,0
2025-08-21T14:01:38,nanema-HP,0.4,27.2,42.0,1481580309.0,29106265.0,13,1,0,,0
2025-08-21T14:01:44,nanema-HP,0.4,27.3,42.0,1481581153.0,29107107.0,13,1,0,,0
2025-08-21T14:01:50,nanema-HP,0.3,27.5,42.0,1481581949.0,29107821.0,13,1,0,,0
2025-08-21T14:01:56,nanema-HP,0.3,27.6,42.0,1481582549.0,29108421.0,13,1,0,,0
2025-08-21T14:02:02,nanema-HP,0.4,27.8,42.0,1481602822.0,29109563.0,13,1,0,,0
2025-08-21T14:02:08,nanema-HP,0.6,27.8,42.0,1481603618.0,29110277.0,13,1,0,,0
2025-08-21T14:02:15,nanema-HP,0.3,27.9,42.0,1481604304.0,29110955.0,13,1,0,,0
2025-08-21T14:02:21,nanema-HP,0.6,27.9,42.0,1481605148.0,29111797.0,13,1,0,,0
2025-08-21T14:02:27,nanema-HP,0.4,28.0,42.0,1481606044.0,29112611.0,13,1,0,,0
2025-08-21T14:02:33,nanema-HP,0.7,28.1,42.0,1481607044.0,29113539.0,13,1,0,,0
2025-08-21T14:02:39,nanema-HP,0.3,28.1,42.0,1481607644.0,29114139.0,13,1,0,,0
2025-08-21T14:02:45,nanema-HP,0.5,28.2,42.0,1481609992.0,29115987.0,13,1,0,,0
2025-08-21T14:02:51,nanema-HP,0.6,28.2,42.0,1481610916.0,29116821.0,13,1,0,,0
2025-08-21T14:02:58,nanema-HP,0.4,28.2,42.0,1481611760.0,29117663.0,13,1,0,,0
2025-08-21T14:03:04,nanema-HP,0.5,27.8,42.0,1481612593.0,29118263.0,13,1,0,,0
2025-08-21T14:03:10,nanema-HP,0.3,27.8,42.0,1481614001.0,29119077.0,13,1,0,,0
2025-08-21T14:03:16,nanema-HP,0.5,27.9,42.0,1481615283.0,29119677.0,13,1,0,,0
2025-08-21T14:03:22,nanema-HP,0.5,27.9,42.0,1481616381.0,29120519.0,13,1,0,,0
2025-08-21T14:03:28,nanema-HP,0.6,28.0,42.0,1481617517.0,29121233.0,13,1,0,,0
2025-08-21T14:03:34,nanema-HP,0.6,28.0,42.0,1481618243.0,29121833.0,13,1,0,,0
2025-08-21T14:03:41,nanema-HP,2.2,28.1,42.0,1481619625.0,29122853.0,13,1,0,,0
2025-08-21T14:03:47,nanema-HP,0.6,28.1,42.0,1481620507.0,29123567.0,13,1,0,,0
2025-08-21T14:03:53,nanema-HP,0.5,28.2,42.0,1481621107.0,29124167.0,13,1,0,,0
2025-08-21T14:03:59,nanema-HP,0.9,27.7,42.0,1481622166.0,29124867.0,13,1,0,,0
2025-08-21T14:04:05,nanema-HP,0.6,27.7,42.0,1481622892.0,29125467.0,13,1,0,,0
2025-08-21T14:04:11,nanema-HP,0.5,27.7,42.0,1481623932.0,29126423.0,13,1,0,,0
2025-08-21T14:04:17,nanema-HP,0.5,27.8,42.0,1481624532.0,29127023.0,13,1,0,,0
2025-08-21T14:04:24,nanema-HP,0.4,27.8,42.0,1481625132.0,29127623.0,13,1,0,,0
2025-08-21T14:04:30,nanema-HP,0.4,27.9,42.0,1481625928.0,29128337.0,13,1,0,,0
2025-08-21T14:04:36,nanema-HP,0.5,28.0,41.0,1481626772.0,29129179.0,13,1,0,,0
2025-08-21T14:04:42,nanema-HP,0.3,28.0,41.0,1481627372.0,29129779.0,13,1,0,,0
2025-08-21T14:04:48,nanema-HP,0.5,28.1,41.0,1481628394.0,29130593.0,13,1,0,,0
2025-08-21T14:04:54,nanema-HP,0.5,28.1,42.0,1481628994.0,29131193.0,13,1,0,,0
2025-08-21T14:05:00,nanema-HP,0.8,27.7,42.0,1481630071.0,29132035.0,13,1,0,,0
2025-08-21T14:05:07,nanema-HP,0.4,27.8,42.0,1481630867.0,29132749.0,13,1,0,,0
2025-08-21T14:05:13,nanema-HP,0.3,27.8,41.0,1481631467.0,29133349.0,13,1,0,,0
2025-08-21T14:05:19,nanema-HP,0.5,27.9,41.0,1481632067.0,29133949.0,13,1,0,,0
2025-08-21T14:05:25,nanema-HP,0.4,27.9,41.0,1481632911.0,29134791.0,13,1,0,,0
2025-08-21T14:05:31,nanema-HP,0.3,28.0,41.0,1481633807.0,29135605.0,13,1,0,,0
2025-08-21T14:05:37,nanema-HP,0.6,28.0,41.0,1481634407.0,29136205.0,13,1,0,,0
2025-08-21T14:05:43,nanema-HP,0.3,27.3,41.0,1481635251.0,29137047.0,13,1,0,,0
2025-08-21T14:05:50,nanema-HP,0.4,27.3,41.0,1481636047.0,29137761.0,13,1,0,,0
2025-08-21T14:05:56,nanema-HP,0.8,26.5,41.0,1481636689.0,29138361.0,13,1,0,,0
2025-08-21T14:06:02,nanema-HP,0.4,26.4,42.0,1481637849.0,29138961.0,13,1,0,,0
2025-08-21T14:06:08,nanema-HP,0.5,26.5,42.0,1481638889.0,29139917.0,13,1,0,,0
2025-08-21T14:06:14,nanema-HP,0.5,26.6,42.0,1481639589.0,29140617.0,13,1,0,,0
2025-08-21T14:06:20,nanema-HP,0.8,26.8,42.0,1481642395.0,29141217.0,13,1,0,,0
2025-08-21T14:06:27,nanema-HP,0.6,26.9,42.0,1481645169.0,29142473.0,13,1,0,,0
2025-08-21T14:06:33,nanema-HP,0.7,27.2,41.0,1481647121.0,29143073.0,13,1,0,,0
2025-08-21T14:06:39,nanema-HP,0.5,27.3,41.0,1481647807.0,29143673.0,13,1,0,,0
2025-08-21T14:06:45,nanema-HP,1.9,27.4,41.0,1481648651.0,29144515.0,13,1,0,,0
2025-08-21T14:06:51,nanema-HP,0.4,27.6,41.0,1481649447.0,29145229.0,13,1,0,,0
2025-08-21T14:06:57,nanema-HP,0.7,27.7,41.0,1481650047.0,29145829.0,13,1,0,,0
2025-08-21T14:07:03,nanema-HP,0.4,27.8,42.0,1481671869.0,29146971.0,13,1,0,,0
2025-08-21T14:27:02,nanema-HP,23.7,27.2,42.0,1481736521.0,29219022.0,22,1,0,,0
2025-08-21T14:27:08,nanema-HP,4.1,27.1,42.0,1481781517.0,29260552.0,20,1,0,,0
2025-08-21T14:27:14,nanema-HP,0.6,27.1,38.0,1481798106.0,29294124.0,23,1,0,,0
2025-08-21T14:27:20,nanema-HP,0.8,26.9,38.0,1481800180.0,29295350.0,23,1,0,,0
2025-08-21T14:27:26,nanema-HP,0.7,26.9,38.0,1481801492.0,29296206.0,23,1,0,,0
2025-08-21T14:27:33,nanema-HP,5.4,27.0,38.0,1481802882.0,29297534.0,23,1,0,,0
2025-08-21T14:27:39,nanema-HP,3.5,27.1,38.0,1481804582.0,29298580.0,23,1,0,,0
2025-08-21T14:27:45,nanema-HP,2.3,26.9,39.0,1481805440.0,29299180.0,23,1,0,,0
2025-08-21T14:27:51,nanema-HP,0.7,27.0,39.0,1481806516.0,29300112.0,23,1,0,,0
2025-08-21T14:27:57,nanema-HP,0.5,27.0,40.0,1481807312.0,29300826.0,23,1,0,,0
2025-08-21T14:28:03,nanema-HP,6.3,27.1,40.0,1481808925.0,29302282.0,22,1,0,,0
2025-08-21T14:28:10,nanema-HP,0.7,27.0,40.0,1481809743.0,29303100.0,21,1,0,,0
2025-08-21T14:28:16,nanema-HP,0.4,27.0,41.0,1481810875.0,29304236.0,20,1,0,,0
2025-08-21T14:28:22,nanema-HP,0.5,27.1,41.0,1481812241.0,29305334.0,20,1,0,,0
2025-08-21T14:28:28,nanema-HP,0.7,27.1,41.0,1481813013.0,29306048.0,20,1,0,,0
2025-08-21T14:28:34,nanema-HP,0.7,27.0,41.0,1481814113.0,29306980.0,20,1,0,,0
2025-08-21T14:28:40,nanema-HP,0.6,27.0,41.0,1481815267.0,29307884.0,20,1,0,,0
2025-08-21T14:28:46,nanema-HP,0.4,27.0,41.0,1481816257.0,29308864.0,20,1,0,,0
2025-08-21T14:28:53,nanema-HP,0.5,27.0,41.0,1481817271.0,29309796.0,20,1,0,,0
2025-08-21T14:28:59,nanema-HP,0.6,27.0,41.0,1481818308.0,29310598.0,19,1,0,,0
2025-08-21T14:29:05,nanema-HP,0.4,27.0,41.0,1481819602.0,29311852.0,19,1,0,,0
2025-08-21T14:29:11,nanema-HP,0.5,27.0,41.0,1481820330.0,29312766.0,19,1,0,,0
2025-08-21T14:29:17,nanema-HP,0.7,27.0,41.0,1481821587.0,29314111.0,19,1,0,,0
2025-08-21T14:29:23,nanema-HP,0.6,27.0,41.0,1481822519.0,29314856.0,19,1,0,,0
2025-08-21T14:29:30,nanema-HP,1.4,27.0,41.0,1481828544.0,29316709.0,19,1,0,,0
2025-08-21T14:29:36,nanema-HP,0.7,26.9,42.0,1481835036.0,29324020.0,20,1,0,,0
2025-08-21T14:29:42,nanema-HP,0.5,26.9,42.0,1481835894.0,29324620.0,20,1,0,,0
2025-08-21T14:29:48,nanema-HP,0.7,26.9,42.0,1481839305.0,29326054.0,19,1,0,,0
2025-08-21T14:29:54,nanema-HP,1.0,26.9,43.0,1481840101.0,29326768.0,19,1,0,,0
2025-08-21T14:30:00,nanema-HP,0.8,27.0,43.0,1481842920.0,29327815.0,19,1,0,,0
2025-08-21T14:30:06,nanema-HP,0.5,26.9,43.0,1481844342.0,29329370.0,16,1,0,,0
2025-08-21T14:30:13,nanema-HP,0.8,26.9,43.0,1481845737.0,29330466.0,16,1,0,,0
2025-08-21T14:30:19,nanema-HP,0.6,26.9,43.0,1481846337.0,29331066.0,16,1,0,,0
2025-08-21T14:30:25,nanema-HP,0.4,26.9,43.0,1481847195.0,29331666.0,16,1,0,,0
2025-08-21T14:30:31,nanema-HP,0.7,26.9,43.0,1481847999.0,29332468.0,16,1,0,,0
2025-08-21T14:30:37,nanema-HP,2.1,26.9,43.0,1481849006.0,29333393.0,16,1,0,,0
2025-08-21T14:30:43,nanema-HP,0.7,26.9,43.0,1481850692.0,29334071.0,16,1,0,,0
2025-08-21T14:30:49,nanema-HP,0.3,26.9,43.0,1481851292.0,29334671.0,16,1,0,,0
2025-08-21T14:30:56,nanema-HP,0.5,26.9,43.0,1481852292.0,29335587.0,16,1,0,,0
2025-08-21T14:31:02,nanema-HP,0.5,26.9,43.0,1481853922.0,29336446.0,16,1,0,,0
2025-08-21T14:31:08,nanema-HP,0.3,26.9,43.0,1481854608.0,29337124.0,14,1,0,,0
2025-08-21T14:31:14,nanema-HP,0.3,26.9,44.0,1481856466.0,29337838.0,14,1,0,,0
2025-08-21T14:31:20,nanema-HP,0.6,26.9,44.0,1481857066.0,29338768.0,14,1,0,,0
2025-08-21T14:31:26,nanema-HP,0.7,26.9,44.0,1481857870.0,29339434.0,14,1,0,,0
2025-08-21T14:31:32,nanema-HP,0.3,26.9,44.0,1481858924.0,29340148.0,14,1,0,,0
2025-08-21T14:31:39,nanema-HP,0.4,26.9,44.0,1481859939.0,29341239.0,14,1,0,,0
2025-08-21T14:31:45,nanema-HP,0.3,26.9,43.0,1481861155.0,29341939.0,14,1,0,,0
2025-08-21T14:31:51,nanema-HP,1.0,26.9,43.0,1481862421.0,29342539.0,14,1,0,,0
2025-08-21T14:31:57,nanema-HP,0.6,26.9,43.0,1481863757.0,29343541.0,14,1,0,,0
2025-08-21T14:32:03,nanema-HP,0.8,26.9,44.0,1481883766.0,29345194.0,14,1,0,,0
2025-08-21T14:32:09,nanema-HP,0.5,26.9,44.0,1481885718.0,29346549.0,14,1,0,,0
2025-08-21T14:32:16,nanema-HP,0.8,26.9,44.0,1481887374.0,29347341.0,14,1,0,,0
2025-08-21T14:32:22,nanema-HP,0.5,27.0,44.0,1481888446.0,29347941.0,14,1,0,,0
2025-08-21T14:32:28,nanema-HP,0.5,26.9,44.0,1481890100.0,29349126.0,13,1,0,,0
2025-08-21T14:32:34,nanema-HP,0.6,26.9,44.0,1481891494.0,29349840.0,13,1,0,,0
2025-08-21T14:32:40,nanema-HP,0.3,26.9,44.0,1481892136.0,29350440.0,13,1,0,,0
2025-08-21T14:32:46,nanema-HP,0.5,26.9,44.0,1481892948.0,29351040.0,13,1,0,,0
2025-08-21T14:32:52,nanema-HP,0.7,26.9,44.0,1481895145.0,29352260.0,13,1,0,,0
2025-08-21T14:32:59,nanema-HP,0.6,26.9,44.0,1481896236.0,29352860.0,13,1,0,,0
2025-08-21T14:33:05,nanema-HP,0.5,26.9,44.0,1481897134.0,29353460.0,13,1,0,,0
2025-08-21T14:33:11,nanema-HP,0.7,26.9,44.0,1481898204.0,29354060.0,13,1,0,,0
2025-08-21T14:33:17,nanema-HP,0.3,26.9,44.0,1481899204.0,29354976.0,13,1,0,,0
2025-08-21T14:33:23,nanema-HP,0.6,26.9,44.0,1481900062.0,29355576.0,13,1,0,,0
2025-08-21T14:33:29,nanema-HP,2.8,26.9,44.0,1481900662.0,29356176.0,13,1,0,,0
2025-08-21T14:33:36,nanema-HP,4.4,26.9,44.0,1481904814.0,29357190.0,13,1,0,,0
2025-08-21T14:33:42,nanema-HP,0.4,26.8,44.0,1481906282.0,29357992.0,13,1,0,,0
2025-08-21T14:33:48,nanema-HP,0.5,26.8,44.0,1481906968.0,29358592.0,13,1,0,,0
2025-08-21T14:33:54,nanema-HP,0.4,26.8,45.0,1481908848.0,29359406.0,13,1,0,,0
2025-08-21T14:34:00,nanema-HP,0.5,26.9,45.0,1481910473.0,29360208.0,13,1,0,,0
2025-08-21T14:34:06,nanema-HP,3.8,26.9,45.0,1481911741.0,29360850.0,13,1,0,,0
2025-08-21T14:34:13,nanema-HP,8.7,27.2,45.0,1481912795.0,29361564.0,13,1,0,,0
2025-08-21T14:34:19,nanema-HP,1.2,27.1,45.0,1481913825.0,29362164.0,13,1,0,,0
2025-08-21T14:34:25,nanema-HP,2.4,27.1,46.0,1481930179.0,29393133.0,14,1,0,,0
2025-08-21T14:34:31,nanema-HP,0.8,27.0,46.0,1481932364.0,29393853.0,14,1,0,,0
2025-08-21T14:34:37,nanema-HP,2.3,27.1,46.0,1481948020.0,29406292.0,14,1,0,,0
2025-08-21T14:34:43,nanema-HP,1.5,27.1,46.0,1481949984.0,29412803.0,14,1,0,,0
2025-08-21T14:34:49,nanema-HP,2.5,27.1,46.0,1481953637.0,29426230.0,14,1,0,,0
2025-08-21T14:34:56,nanema-HP,3.2,26.9,46.0,1481956265.0,29438307.0,14,1,0,,0
2025-08-21T14:35:02,nanema-HP,2.5,26.9,45.0,1481959902.0,29446174.0,14,1,0,,0
2025-08-21T14:35:08,nanema-HP,1.3,26.9,45.0,1481968088.0,29460422.0,15,1,0,,0
2025-08-21T14:35:14,nanema-HP,2.6,26.9,46.0,1481970648.0,29466875.0,15,1,0,,0
2025-08-21T14:35:20,nanema-HP,2.6,27.0,46.0,1481974257.0,29479295.0,15,1,0,,0
2025-08-21T14:35:26,nanema-HP,6.2,27.2,46.0,1481983812.0,29505586.0,15,1,0,,0
2025-08-21T14:35:32,nanema-HP,7.6,27.6,47.0,1481990942.0,29509694.0,15,1,0,,0
2025-08-21T14:35:39,nanema-HP,8.7,27.2,47.0,1481996122.0,29512530.0,15,1,0,,0
2025-08-21T14:35:45,nanema-HP,9.2,27.4,47.0,1482000919.0,29515224.0,15,1,0,,0
2025-08-21T14:35:51,nanema-HP,1.3,27.8,47.0,1482011149.0,29553213.0,15,1,0,,0
2025-08-21T14:35:57,nanema-HP,0.5,27.4,47.0,1482015034.0,29562157.0,15,1,0,,0
2025-08-21T14:36:03,nanema-HP,0.6,27.3,48.0,1482016078.0,29562968.0,15,1,0,,0
2025-08-21T14:36:09,nanema-HP,0.6,27.2,48.0,1482016864.0,29563746.0,15,1,0,,0
2025-08-21T14:36:15,nanema-HP,0.4,27.1,48.0,1482017864.0,29564662.0,15,1,0,,0
2025-08-21T14:36:22,nanema-HP,1.3,27.2,46.0,1482018464.0,29565262.0,15,1,0,,0
2025-08-21T14:36:28,nanema-HP,0.8,27.1,46.0,1482019064.0,29565862.0,15,1,0,,0
2025-08-21T14:36:34,nanema-HP,0.4,27.1,45.0,1482019860.0,29566576.0,15,1,0,,0
2025-08-21T14:36:40,nanema-HP,2.6,27.0,45.0,1482020836.0,29567378.0,15,1,0,,0
2025-08-21T14:36:46,nanema-HP,0.6,26.9,45.0,1482021564.0,29568020.0,15,1,0,,0
2025-08-21T14:36:52,nanema-HP,0.6,26.9,44.0,1482022671.0,29569045.0,15,1,0,,0
2025-08-21T14:36:59,nanema-HP,0.5,26.9,44.0,1482023590.0,29569723.0,15,1,0,,0
2025-08-21T14:37:05,nanema-HP,3.9,26.9,44.0,1482043616.0,29571689.0,15,1,0,,0
2025-08-21T14:37:11,nanema-HP,0.5,26.9,44.0,1482045696.0,29573144.0,15,1,0,,0
2025-08-21T14:37:17,nanema-HP,0.5,26.9,44.0,1482046492.0,29573858.0,15,1,0,,0
2025-08-21T14:37:23,nanema-HP,0.3,26.9,44.0,1482047092.0,29574458.0,15,1,0,,0
2025-08-21T14:37:29,nanema-HP,0.9,26.9,44.0,1482047896.0,29575260.0,15,1,0,,0
2025-08-21T14:37:35,nanema-HP,0.5,26.9,44.0,1482048692.0,29575974.0,15,1,0,,0
2025-08-21T14:37:42,nanema-HP,0.7,26.9,44.0,1482049612.0,29576778.0,15,1,0,,0
2025-08-21T14:37:48,nanema-HP,2.6,26.9,44.0,1482050212.0,29577378.0,15,1,0,,0
2025-08-21T14:37:54,nanema-HP,0.9,26.9,44.0,1482051817.0,29578988.0,14,1,0,,0
2025-08-21T14:38:00,nanema-HP,0.6,26.9,44.0,1482052778.0,29579708.0,14,1,0,,0
2025-08-21T14:38:06,nanema-HP,0.5,27.0,44.0,1482053378.0,29580308.0,14,1,0,,0
2025-08-21T14:38:12,nanema-HP,0.7,27.1,44.0,1482054174.0,29581022.0,14,1,0,,0
2025-08-21T14:38:19,nanema-HP,0.4,27.1,44.0,1482055083.0,29581916.0,14,1,0,,0
2025-08-21T14:38:25,nanema-HP,0.5,27.1,44.0,1482055973.0,29582796.0,14,1,0,,0
2025-08-21T14:38:31,nanema-HP,0.3,27.1,43.0,1482056573.0,29583396.0,14,1,0,,0
2025-08-21T14:38:37,nanema-HP,0.4,27.1,43.0,1482057369.0,29584110.0,14,1,0,,0
2025-08-21T14:38:43,nanema-HP,0.7,27.1,43.0,1482058609.0,29585256.0,14,1,0,,0
2025-08-21T14:38:49,nanema-HP,0.4,27.0,43.0,1482059861.0,29586136.0,14,1,0,,0
2025-08-21T14:38:56,nanema-HP,0.4,27.0,43.0,1482060699.0,29586892.0,14,1,0,,0
2025-08-21T14:39:02,nanema-HP,0.4,27.1,43.0,1482061532.0,29587492.0,14,1,0,,0
2025-08-21T14:39:08,nanema-HP,0.4,27.1,43.0,1482062132.0,29588092.0,14,1,0,,0
2025-08-21T14:39:14,nanema-HP,0.4,27.1,43.0,1482063132.0,29589008.0,14,1,0,,0
2025-08-21T14:39:20,nanema-HP,0.6,27.1,43.0,1482063952.0,29589836.0,14,1,0,,0
2025-08-21T14:39:26,nanema-HP,0.5,27.1,43.0,1482064638.0,29590514.0,14,1,0,,0
2025-08-21T14:39:32,nanema-HP,0.5,27.1,42.0,1482065434.0,29591228.0,14,1,0,,0
2025-08-21T14:39:39,nanema-HP,2.0,27.1,42.0,1482066034.0,29591828.0,14,1,0,,0
2025-08-21T14:39:45,nanema-HP,0.5,27.1,42.0,1482066838.0,29592630.0,14,1,0,,0
2025-08-21T14:39:51,nanema-HP,0.7,27.0,43.0,1482067480.0,29593272.0,13,1,0,,0
2025-08-21T14:39:57,nanema-HP,0.6,27.0,43.0,1482068648.0,29594072.0,13,1,0,,0
2025-08-21T14:40:03,nanema-HP,0.6,27.0,43.0,1482070833.0,29594952.0,13,1,0,,0
2025-08-21T14:40:09,nanema-HP,0.7,27.1,42.0,1482071533.0,29595652.0,13,1,0,,0
2025-08-21T14:40:15,nanema-HP,0.5,27.0,42.0,1482072617.0,29596366.0,13,1,0,,0
2025-08-21T14:40:22,nanema-HP,1.3,27.2,42.0,1482073421.0,29597168.0,13,1,0,,0
2025-08-21T14:40:28,nanema-HP,0.7,27.1,42.0,1482074063.0,29597810.0,13,1,0,,0
2025-08-21T14:40:34,nanema-HP,0.6,27.1,42.0,1482074859.0,29598524.0,13,1,0,,0
2025-08-21T14:40:40,nanema-HP,0.6,27.1,42.0,1482075537.0,29599210.0,13,1,0,,0
2025-08-21T14:40:46,nanema-HP,0.8,27.1,42.0,1482076395.0,29599888.0,13,1,0,,0
2025-08-21T14:40:52,nanema-HP,0.4,27.1,42.0,1482077487.0,29600804.0,13,1,0,,0
2025-08-21T14:40:58,nanema-HP,0.7,27.1,42.0,1482078646.0,29601546.0,13,1,0,,0
2025-08-21T14:41:05,nanema-HP,0.5,27.0,42.0,1482079246.0,29602146.0,13,1,0,,0
2025-08-21T14:41:11,nanema-HP,0.4,27.0,41.0,1482080050.0,29602948.0,13,1,0,,0
2025-08-21T14:41:17,nanema-HP,0.6,27.0,41.0,1482080924.0,29603748.0,13,1,0,,0
2025-08-21T14:41:23,nanema-HP,0.4,27.0,41.0,1482081610.0,29604426.0,13,1,0,,0
2025-08-21T14:41:29,nanema-HP,0.4,27.0,42.0,1482082210.0,29605026.0,13,1,0,,0
2025-08-21T14:41:35,nanema-HP,0.4,27.0,42.0,1482083210.0,29605942.0,13,1,0,,0
2025-08-21T14:41:41,nanema-HP,0.5,27.0,42.0,1482083952.0,29606684.0,13,1,0,,0
2025-08-21T14:41:48,nanema-HP,0.4,27.0,42.0,1482084552.0,29607284.0,13,1,0,,0
2025-08-21T14:41:54,nanema-HP,0.5,27.0,42.0,1482085552.0,29608200.0,13,1,0,,0
2025-08-21T14:42:00,nanema-HP,0.6,27.0,42.0,1482105671.0,29609036.0,13,1,0,,0
2025-08-21T14:42:06,nanema-HP,0.4,27.1,42.0,1482115335.0,29619796.0,14,1,0,,0
2025-08-21T14:42:12,nanema-HP,0.5,27.0,42.0,1482116760.0,29621365.0,15,1,0,,0
2025-08-21T14:42:18,nanema-HP,0.7,27.0,42.0,1482117446.0,29622231.0,15,1,0,,0
2025-08-21T14:42:25,nanema-HP,0.7,27.1,42.0,1482118671.0,29623461.0,14,1,0,,0
2025-08-21T14:42:31,nanema-HP,0.5,27.0,42.0,1482119475.0,29624263.0,14,1,0,,0
2025-08-21T14:42:37,nanema-HP,0.4,27.0,42.0,1482120313.0,29625019.0,14,1,0,,0
2025-08-21T14:42:43,nanema-HP,1.0,27.0,42.0,1482121233.0,29625823.0,14,1,0,,0
2025-08-21T14:42:49,nanema-HP,2.3,27.1,42.0,1482127278.0,29633458.0,15,1,0,,0
2025-08-21T14:42:55,nanema-HP,6.6,27.0,42.0,1482128288.0,29634292.0,15,1,0,,0
2025-08-21T14:43:01,nanema-HP,0.7,27.0,44.0,1482129292.0,29635063.0,15,1,0,,0
2025-08-21T14:43:08,nanema-HP,0.3,27.1,44.0,1482129992.0,29635763.0,15,1,0,,0
2025-08-21T14:43:14,nanema-HP,0.7,27.3,44.0,1482130992.0,29636679.0,15,1,0,,0
2025-08-21T14:43:20,nanema-HP,2.3,27.7,43.0,1482148541.0,29643594.0,15,1,0,,0
2025-08-21T14:43:26,nanema-HP,0.7,27.8,43.0,1482155051.0,29655917.0,16,1,0,,0
2025-08-21T14:43:32,nanema-HP,0.7,27.9,43.0,1482156087.0,29656673.0,16,1,0,,0
2025-08-21T14:43:38,nanema-HP,0.7,28.0,43.0,1482178359.0,29676792.0,16,1,0,,0
2025-08-21T14:43:44,nanema-HP,0.5,28.1,43.0,1482178959.0,29677392.0,16,1,0,,0
2025-08-21T14:43:51,nanema-HP,0.4,28.2,42.0,1482179784.0,29678303.0,16,1,0,,0
2025-08-21T14:43:57,nanema-HP,0.9,28.4,42.0,1482180784.0,29679219.0,16,1,0,,0
2025-08-21T14:44:03,nanema-HP,0.5,28.4,42.0,1482181722.0,29679990.0,16,1,0,,0
2025-08-21T14:44:09,nanema-HP,0.6,28.4,42.0,1482182322.0,29680784.0,16,1,0,,0
2025-08-21T14:44:15,nanema-HP,0.6,28.4,42.0,1482183322.0,29681700.0,16,1,0,,0
2025-08-21T14:44:21,nanema-HP,0.5,28.5,42.0,1482183922.0,29682300.0,16,1,0,,0
2025-08-21T14:44:28,nanema-HP,0.7,28.6,42.0,1482184647.0,29683111.0,16,1,0,,0
2025-08-21T14:44:34,nanema-HP,0.5,28.6,42.0,1482185529.0,29683903.0,16,1,0,,0
2025-08-21T14:44:40,nanema-HP,0.5,28.6,41.0,1482186433.0,29684805.0,16,1,0,,0
2025-08-21T14:44:46,nanema-HP,0.6,27.9,41.0,1482187158.0,29685616.0,16,1,0,,0
2025-08-21T14:44:52,nanema-HP,0.6,27.9,41.0,1482188126.0,29686330.0,16,1,0,,0
2025-08-21T14:44:58,nanema-HP,0.6,27.9,41.0,1482189344.0,29687191.0,16,1,0,,0
2025-08-21T14:45:04,nanema-HP,0.6,27.2,41.0,1482190190.0,29688035.0,16,1,0,,0
2025-08-21T14:45:11,nanema-HP,0.3,27.3,41.0,1482190832.0,29688677.0,16,1,0,,0
2025-08-21T14:45:17,nanema-HP,0.9,27.1,41.0,1482191628.0,29689391.0,16,1,0,,0
2025-08-21T14:45:23,nanema-HP,0.6,27.1,41.0,1482192453.0,29690302.0,16,1,0,,0
2025-08-21T14:45:29,nanema-HP,1.2,26.8,41.0,1482193343.0,29691182.0,16,1,0,,0
2025-08-21T14:45:35,nanema-HP,2.7,27.1,41.0,1482194181.0,29691938.0,16,1,0,,0
2025-08-21T14:45:41,nanema-HP,2.2,26.9,41.0,1482195201.0,29692859.0,16,1,0,,0
2025-08-21T14:45:47,nanema-HP,0.5,26.9,43.0,1482195801.0,29693459.0,16,1,0,,0
2025-08-21T14:45:54,nanema-HP,0.4,27.0,43.0,1482197007.0,29697465.0,16,1,-1,Device('/sys/devices/pci0000:00/0000:00:14.0/usb3/3-2/3-2:1.0'),0
2025-08-21T14:46:00,nanema-HP,0.5,27.0,42.0,1482198044.0,29698267.0,15,1,-1,Device('/sys/devices/pci0000:00/0000:00:14.0/usb3/3-2'),0
2025-08-21T14:46:06,nanema-HP,0.7,26.9,42.0,1482198786.0,29699009.0,15,1,0,,0
2025-08-21T14:46:12,nanema-HP,0.5,26.9,42.0,1482199582.0,29699723.0,15,1,0,,0
2025-08-21T14:46:18,nanema-HP,0.5,26.9,42.0,1482200452.0,29706730.0,15,1,1,Device('/sys/devices/pci0000:00/0000:00:14.0/usb3/3-2'),0
2025-08-21T14:46:24,nanema-HP,0.8,26.9,42.0,1482201342.0,29707610.0,15,1,1,Device('/sys/devices/pci0000:00/0000:00:14.0/usb3/3-2/3-2:1.0'),0
2025-08-21T14:46:31,nanema-HP,14.4,27.8,42.0,1482201984.0,29708252.0,15,1,0,,0
2025-08-21T14:46:37,nanema-HP,9.8,27.6,44.0,1482202780.0,29708966.0,15,1,0,,0
2025-08-21T14:46:43,nanema-HP,9.0,27.8,44.0,1482203584.0,29709768.0,14,1,0,,0
2025-08-21T14:46:49,nanema-HP,2.3,27.5,59.0,1482204184.0,29710368.0,14,1,0,,0
2025-08-21T14:46:55,nanema-HP,1.3,27.1,59.0,1482222895.0,29728073.0,15,1,0,,0
2025-08-21T14:47:01,nanema-HP,2.0,27.1,59.0,1482245017.0,29738182.0,15,1,0,,0
2025-08-21T14:47:07,nanema-HP,3.8,27.2,47.0,1482289812.0,29757605.0,17,1,0,,0
2025-08-21T14:47:14,nanema-HP,2.8,27.2,47.0,1482293904.0,29772325.0,17,1,0,,0
2025-08-21T14:47:20,nanema-HP,8.4,27.6,47.0,1482296847.0,29791032.0,16,1,0,,0
2025-08-21T14:47:26,nanema-HP,7.7,27.8,47.0,1482310295.0,29809691.0,16,1,0,,0
2025-08-21T14:47:32,nanema-HP,3.1,27.2,47.0,1482315587.0,29812499.0,16,1,0,,0
2025-08-21T14:47:38,nanema-HP,2.5,27.1,47.0,1482325260.0,29848975.0,16,1,0,,0
2025-08-21T14:47:44,nanema-HP,1.2,27.0,47.0,1482328035.0,29860077.0,16,1,0,,0
2025-08-21T14:47:50,nanema-HP,14.0,27.7,47.0,1482329738.0,29865504.0,16,1,0,,0
2025-08-21T14:47:57,nanema-HP,4.7,26.6,46.0,1482330634.0,29866318.0,16,1,0,,0
2025-08-21T14:48:03,nanema-HP,0.8,26.5,46.0,1482333492.0,29873377.0,16,1,0,,0
2025-08-21T14:48:09,nanema-HP,2.3,26.5,46.0,1482334178.0,29874055.0,16,1,0,,0
2025-08-21T14:48:15,nanema-HP,2.6,26.8,46.0,1482334974.0,29874769.0,16,1,0,,0
2025-08-21T14:48:21,nanema-HP,0.6,26.8,46.0,1482335574.0,29875369.0,16,1,0,,0
2025-08-21T14:48:27,nanema-HP,2.5,26.9,45.0,1482336378.0,29876171.0,16,1,0,,0
2025-08-21T14:48:34,nanema-HP,10.3,27.5,45.0,1482337216.0,29876927.0,16,1,0,,0
2025-08-21T14:48:40,nanema-HP,9.6,27.4,45.0,1482337916.0,29877627.0,16,1,0,,0
2025-08-21T14:48:46,nanema-HP,7.9,26.9,56.0,1482338720.0,29878429.0,16,1,0,,0
2025-08-21T14:48:52,nanema-HP,1.8,26.9,56.0,1482339516.0,29879143.0,16,1,0,,0
2025-08-21T14:48:58,nanema-HP,1.5,26.9,48.0,1482340732.0,29879954.0,16,1,0,,0
2025-08-21T14:49:04,nanema-HP,2.2,26.9,48.0,1482341768.0,29881068.0,16,1,0,,0
2025-08-21T14:49:10,nanema-HP,1.3,26.9,48.0,1482342572.0,29881870.0,16,1,0,,0
2025-08-21T14:49:17,nanema-HP,6.3,26.5,47.0,1482343368.0,29882584.0,16,1,0,,0
2025-08-21T14:49:23,nanema-HP,1.3,26.5,47.0,1482344068.0,29883420.0,16,1,0,,0
2025-08-21T14:49:29,nanema-HP,1.8,26.6,47.0,1482344872.0,29884086.0,16,1,0,,0
2025-08-21T14:49:35,nanema-HP,1.4,26.9,47.0,1482345668.0,29884800.0,16,1,0,,0
2025-08-21T14:49:41,nanema-HP,2.8,26.9,47.0,1482346268.0,29885400.0,16,1,0,,0
2025-08-21T14:49:47,nanema-HP,1.2,27.0,46.0,1482347072.0,29886202.0,16,1,0,,0
2025-08-21T14:49:53,nanema-HP,9.0,27.0,46.0,1482347910.0,29886958.0,16,1,0,,0
2025-08-21T14:50:00,nanema-HP,28.0,29.8,46.0,1482349470.0,29888689.0,15,1,0,,0
2025-08-21T14:50:06,nanema-HP,31.6,30.1,52.0,1482350070.0,29889289.0,15,1,0,,0
2025-08-21T14:50:12,nanema-HP,9.6,28.6,52.0,1482350966.0,29890103.0,15,1,0,,0
2025-08-21T14:50:18,nanema-HP,10.6,29.0,70.0,1482352832.0,29890905.0,15,1,0,,0
2025-08-21T14:50:24,nanema-HP,2.5,27.8,70.0,1482360375.0,29906053.0,16,1,0,,0
2025-08-21T14:50:30,nanema-HP,1.5,27.6,70.0,1482361305.0,29906695.0,16,1,0,,0
2025-08-21T14:50:36,nanema-HP,3.1,27.5,54.0,1482362337.0,29907409.0,16,1,0,,0
2025-08-21T14:50:43,nanema-HP,3.2,27.4,54.0,1482363313.0,29908211.0,16,1,0,,0
2025-08-21T14:50:49,nanema-HP,2.6,27.0,54.0,1482363955.0,29908853.0,16,1,0,,0
2025-08-21T14:50:55,nanema-HP,3.3,27.2,52.0,1482370361.0,29922152.0,17,1,0,,0
2025-08-21T14:51:01,nanema-HP,6.8,27.1,52.0,1482371398.0,29922954.0,16,1,0,,0
2025-08-21T14:51:07,nanema-HP,2.4,27.4,51.0,1482372853.0,29929014.0,16,1,0,,0
2025-08-21T14:51:13,nanema-HP,4.6,27.4,51.0,1482373649.0,29929728.0,16,1,0,,0
2025-08-21T14:51:20,nanema-HP,8.1,27.1,51.0,1482374249.0,29930328.0,16,1,0,,0
2025-08-21T14:51:26,nanema-HP,9.1,27.4,50.0,1482375053.0,29931130.0,15,1,0,,0
2025-08-21T14:51:32,nanema-HP,8.3,27.8,50.0,1482405365.0,29977390.0,15,1,0,,0
2025-08-21T14:51:38,nanema-HP,4.5,28.0,50.0,1482417023.0,30008242.0,15,1,0,,0
2025-08-21T14:51:44,nanema-HP,7.4,28.0,50.0,1482420059.0,30021712.0,15,1,0,,0
2025-08-21T14:51:50,nanema-HP,4.5,27.1,50.0,1482420659.0,30022312.0,15,1,0,,0
2025-08-21T14:51:56,nanema-HP,4.2,27.0,49.0,1482421455.0,30023026.0,14,1,0,,0
2025-08-21T14:52:03,nanema-HP,1.7,27.0,49.0,1482445124.0,30029704.0,14,1,0,,0
2025-08-21T14:52:09,nanema-HP,1.6,27.1,49.0,1482447340.0,30031293.0,14,1,0,,0
2025-08-21T14:52:15,nanema-HP,10.8,28.1,48.0,1482470255.0,30068212.0,14,1,0,,0
2025-08-21T14:52:21,nanema-HP,8.9,27.4,48.0,1482479467.0,30084772.0,14,1,0,,0
2025-08-21T14:52:27,nanema-HP,5.4,28.3,49.0,1482490396.0,30126740.0,14,1,0,,0
2025-08-21T14:52:33,nanema-HP,7.6,27.4,49.0,1482491192.0,30127454.0,14,1,0,,0
2025-08-21T14:52:39,nanema-HP,1.8,27.4,49.0,1482493079.0,30133557.0,14,1,0,,0
2025-08-21T14:52:46,nanema-HP,6.2,27.4,49.0,1482494641.0,30138791.0,14,1,0,,0
2025-08-21T14:52:52,nanema-HP,2.2,27.3,49.0,1482495779.0,30139899.0,14,1,0,,0
2025-08-21T14:52:58,nanema-HP,4.4,27.2,49.0,1482496379.0,30140499.0,14,1,0,,0
2025-08-21T14:53:04,nanema-HP,1.6,27.4,48.0,1482497212.0,30141099.0,14,1,0,,0
2025-08-21T14:53:10,nanema-HP,5.0,27.8,48.0,1482498616.0,30147993.0,14,1,0,,0
2025-08-21T14:53:16,nanema-HP,9.4,28.3,48.0,1482500092.0,30148965.0,14,1,0,,0
2025-08-21T14:53:23,nanema-HP,4.4,28.5,48.0,1486493097.0,30301473.0,18,1,0,,0
2025-08-21T14:53:29,nanema-HP,1.5,28.8,48.0,1495874397.0,30491403.0,18,1,0,,0
2025-08-21T14:53:35,nanema-HP,1.3,28.3,49.0,1495875193.0,30492117.0,18,1,0,,0
2025-08-21T14:53:41,nanema-HP,1.1,28.3,49.0,1495875997.0,30492919.0,18,1,0,,0
2025-08-21T14:53:47,nanema-HP,1.4,28.2,49.0,1495876597.0,30493519.0,18,1,0,,0
2025-08-21T14:53:53,nanema-HP,6.1,29.5,48.0,1506866526.0,30991815.0,23,1,0,,0
2025-08-21T14:53:59,nanema-HP,3.3,28.8,48.0,1519588174.0,31312629.0,23,1,0,,0
2025-08-21T14:54:06,nanema-HP,2.8,28.7,48.0,1535052614.0,31532369.0,23,1,0,,0
2025-08-21T14:54:12,nanema-HP,4.4,28.9,48.0,1549922980.0,31728764.0,23,1,0,,0
2025-08-21T14:54:18,nanema-HP,1.1,28.5,48.0,1549924354.0,31730912.0,23,1,0,,0
2025-08-21T14:54:24,nanema-HP,1.7,28.1,55.0,1549925244.0,31731792.0,23,1,0,,0
2025-08-21T14:54:30,nanema-HP,1.3,27.7,55.0,1549925844.0,31732392.0,23,1,0,,0
2025-08-21T14:54:36,nanema-HP,1.4,27.6,55.0,1549930053.0,31733384.0,23,1,0,,0
2025-08-21T14:54:42,nanema-HP,1.3,27.5,49.0,1549930653.0,31733984.0,23,1,0,,0
2025-08-21T14:54:48,nanema-HP,1.5,27.5,49.0,1549931557.0,31734886.0,23,1,0,,0
2025-08-21T14:54:54,nanema-HP,1.5,27.5,48.0,1549932353.0,31735600.0,23,1,0,,0
2025-08-21T14:55:01,nanema-HP,1.3,27.5,48.0,1549933086.0,31736100.0,23,1,0,,0
2025-08-21T14:55:07,nanema-HP,1.2,27.5,48.0,1549933686.0,31736700.0,23,1,0,,0
2025-08-21T14:55:13,nanema-HP,0.9,27.5,48.0,1549934607.0,31737761.0,23,1,0,,0
2025-08-21T14:55:19,nanema-HP,1.3,27.5,48.0,1549935553.0,31738569.0,14,1,0,,0
2025-08-21T14:55:25,nanema-HP,1.3,27.4,48.0,1549936153.0,31739169.0,14,1,0,,0
2025-08-21T14:55:31,nanema-HP,1.3,27.5,47.0,1549936957.0,31739971.0,14,1,0,,0
2025-08-21T14:55:37,nanema-HP,1.2,27.5,47.0,1549937753.0,31740685.0,14,1,0,,0
2025-08-21T14:55:43,nanema-HP,1.2,27.5,47.0,1549938353.0,31741285.0,14,1,0,,0
2025-08-21T14:55:49,nanema-HP,4.9,27.5,47.0,1549938953.0,31741885.0,14,1,0,,0
2025-08-21T14:55:56,nanema-HP,1.9,27.5,47.0,1549939953.0,31742801.0,14,1,0,,0
2025-08-21T14:56:02,nanema-HP,4.1,27.5,47.0,1549940786.0,31743401.0,14,1,0,,0
2025-08-21T14:56:08,nanema-HP,3.1,27.5,47.0,1549941962.0,31744604.0,14,1,0,,0
2025-08-21T14:56:14,nanema-HP,1.3,27.6,47.0,1549942962.0,31745520.0,14,1,0,,0
2025-08-21T14:56:20,nanema-HP,1.3,27.5,47.0,1549943662.0,31746220.0,14,1,0,,0
2025-08-21T14:56:26,nanema-HP,1.7,27.5,47.0,1549944262.0,31746820.0,14,1,0,,0
2025-08-21T14:56:32,nanema-HP,1.4,27.5,48.0,1549945262.0,31747736.0,14,1,0,,0
2025-08-21T14:56:38,nanema-HP,1.7,27.5,48.0,1549945862.0,31748336.0,14,1,0,,0
2025-08-21T14:56:44,nanema-HP,2.6,27.4,48.0,1549946462.0,31748936.0,14,1,0,,0
2025-08-21T14:56:51,nanema-HP,1.2,27.5,47.0,1549947062.0,31749536.0,14,1,0,,0
2025-08-21T14:56:57,nanema-HP,1.3,27.5,47.0,1549947858.0,31750250.0,14,1,0,,0
2025-08-21T14:57:03,nanema-HP,2.2,27.5,47.0,1549976417.0,31761453.0,15,1,0,,0
2025-08-21T14:57:09,nanema-HP,3.9,28.0,47.0,1549981719.0,31766207.0,15,1,0,,0
2025-08-21T14:57:15,nanema-HP,1.7,27.7,47.0,1549995093.0,31797041.0,17,1,0,,0
2025-08-21T14:57:21,nanema-HP,1.3,27.7,49.0,1549995693.0,31797641.0,17,1,0,,0
2025-08-21T14:57:27,nanema-HP,2.3,27.7,49.0,1549996669.0,31798443.0,17,1,0,,0
2025-08-21T14:57:33,nanema-HP,1.4,27.6,49.0,1549997527.0,31799043.0,17,1,0,,0
2025-08-21T14:57:39,nanema-HP,5.1,28.0,47.0,1550017718.0,31844453.0,17,1,0,,0
2025-08-21T14:57:46,nanema-HP,5.6,27.7,47.0,1550018576.0,31845053.0,17,1,0,,0
2025-08-21T14:57:52,nanema-HP,5.1,27.3,47.0,1550020894.0,31846225.0,17,1,0,,0
2025-08-21T14:57:58,nanema-HP,4.9,27.4,47.0,1550021732.0,31846981.0,17,1,0,,0
2025-08-21T14:58:04,nanema-HP,5.7,27.4,47.0,1550023212.0,31848075.0,17,1,0,,0
2025-08-21T14:58:10,nanema-HP,4.6,27.3,47.0,1550027891.0,31866388.0,17,1,0,,0
2025-08-21T14:58:16,nanema-HP,1.2,27.5,47.0,1550035623.0,31883341.0,17,1,0,,0
2025-08-21T14:58:22,nanema-HP,5.2,27.6,47.0,1550037567.0,31884629.0,17,1,0,,0
2025-08-21T14:58:28,nanema-HP,7.0,28.1,48.0,1550040581.0,31886519.0,17,1,0,,0
2025-08-21T14:58:34,nanema-HP,5.1,27.7,48.0,1550043913.0,31888609.0,17,1,0,,0
2025-08-21T14:58:41,nanema-HP,7.1,27.5,48.0,1550050830.0,31900624.0,17,1,0,,0
2025-08-21T14:58:47,nanema-HP,6.5,27.7,49.0,1550055318.0,31903330.0,17,1,0,,0
2025-08-21T14:58:53,nanema-HP,7.7,27.7,49.0,1550061575.0,31924429.0,17,1,0,,0
2025-08-21T14:58:59,nanema-HP,5.7,27.8,49.0,1550069103.0,31949816.0,17,1,0,,0
2025-08-21T14:59:05,nanema-HP,4.6,27.4,51.0,1550070144.0,31951007.0,17,1,0,,0
2025-08-21T14:59:11,nanema-HP,5.1,27.3,51.0,1550070830.0,31951685.0,17,1,0,,0
2025-08-21T14:59:17,nanema-HP,4.9,27.3,50.0,1550072192.0,31953131.0,17,1,0,,0
2025-08-21T14:59:23,nanema-HP,1.3,27.2,50.0,1550073890.0,31958172.0,17,1,0,,0
2025-08-21T14:59:29,nanema-HP,1.6,27.2,50.0,1550074490.0,31958772.0,17,1,0,,0
2025-08-21T14:59:36,nanema-HP,1.2,27.6,48.0,1550075490.0,31959688.0,17,1,0,,0
2025-08-21T14:59:42,nanema-HP,1.3,27.5,48.0,1550076090.0,31960288.0,17,1,0,,0
2025-08-21T14:59:48,nanema-HP,1.2,27.5,48.0,1550076690.0,31960888.0,17,1,0,,0
2025-08-21T14:59:54,nanema-HP,1.8,27.5,48.0,1550077822.0,31962065.0,17,1,0,,0
2025-08-21T15:00:00,nanema-HP,1.3,27.5,48.0,1550078697.0,31962707.0,17,1,0,,0
2025-08-21T15:00:06,nanema-HP,1.4,27.5,47.0,1550079665.0,31963738.0,17,1,0,,0
2025-08-21T15:00:12,nanema-HP,1.2,27.5,47.0,1550080555.0,31964618.0,17,1,0,,0
2025-08-21T15:00:18,nanema-HP,1.2,27.5,47.0,1550081451.0,31965432.0,16,1,0,,0
2025-08-21T15:00:25,nanema-HP,1.4,27.6,47.0,1550082176.0,31966243.0,16,1,0,,0
2025-08-21T15:00:31,nanema-HP,1.1,27.5,47.0,1550082980.0,31967045.0,16,1,0,,0
2025-08-21T15:00:37,nanema-HP,1.3,27.5,47.0,1550089395.0,31968122.0,16,1,0,,0
2025-08-21T15:00:43,nanema-HP,1.0,27.5,48.0,1550090191.0,31969203.0,16,1,0,,0
2025-08-21T15:00:49,nanema-HP,5.1,27.2,48.0,1550090791.0,31969803.0,16,1,0,,0
2025-08-21T15:00:55,nanema-HP,1.3,27.2,47.0,1550091587.0,31970517.0,16,1,0,,0
2025-08-21T15:01:01,nanema-HP,1.5,27.2,47.0,1550092624.0,31971319.0,15,1,0,,0
2025-08-21T15:01:08,nanema-HP,1.4,27.5,47.0,1550094559.0,31973034.0,15,1,0,,0
2025-08-21T15:01:14,nanema-HP,1.3,27.5,47.0,1550095387.0,31973854.0,14,1,0,,0
2025-08-21T15:01:20,nanema-HP,1.1,27.4,47.0,1550096512.0,31974981.0,14,1,0,,0
2025-08-21T15:01:26,nanema-HP,1.3,27.5,47.0,1550097012.0,31975481.0,14,1,0,,0
2025-08-21T15:01:32,nanema-HP,1.3,27.5,47.0,1550097612.0,31976081.0,14,1,0,,0
2025-08-21T15:01:38,nanema-HP,1.6,27.4,47.0,1550098518.0,31976905.0,14,1,0,,0
2025-08-21T15:01:44,nanema-HP,1.5,27.4,47.0,1550099508.0,31977885.0,14,1,0,,0
2025-08-21T15:01:51,nanema-HP,1.3,27.4,47.0,1550100108.0,31978485.0,14,1,0,,0
2025-08-21T15:01:57,nanema-HP,1.2,27.3,47.0,1550100904.0,31979199.0,14,1,0,,0
2025-08-21T15:02:03,nanema-HP,1.3,27.3,47.0,1550122210.0,31980692.0,14,1,0,,0
2025-08-21T15:02:09,nanema-HP,1.1,27.3,47.0,1550124174.0,31982409.0,14,1,0,,0
2025-08-21T15:02:15,nanema-HP,1.4,27.3,47.0,1550125240.0,31983765.0,14,1,0,,0
2025-08-21T15:02:21,nanema-HP,1.5,27.3,47.0,1550125926.0,31984443.0,14,1,0,,0
2025-08-21T15:02:27,nanema-HP,1.3,27.5,47.0,1550126526.0,31985043.0,14,1,0,,0
2025-08-21T15:02:33,nanema-HP,1.8,27.4,47.0,1550127330.0,31985845.0,14,1,0,,0
2025-08-21T15:02:39,nanema-HP,1.3,27.4,48.0,1550128330.0,31986761.0,14,1,0,,0
2025-08-21T15:02:46,nanema-HP,1.3,27.4,48.0,1550129140.0,31987571.0,14,1,0,,0
2025-08-21T15:02:52,nanema-HP,1.1,27.4,47.0,1550129740.0,31988171.0,14,1,0,,0
2025-08-21T15:02:58,nanema-HP,1.3,27.4,47.0,1550130536.0,31988885.0,14,1,0,,0
2025-08-21T15:03:04,nanema-HP,1.3,27.4,47.0,1550131573.0,31989687.0,14,1,0,,0
2025-08-21T15:03:10,nanema-HP,1.3,27.4,47.0,1550132173.0,31990287.0,14,1,0,,0
2025-08-21T15:03:16,nanema-HP,1.2,27.4,47.0,1550132969.0,31991001.0,13,1,0,,0
2025-08-21T15:03:22,nanema-HP,1.1,27.4,47.0,1550133569.0,31991601.0,13,1,0,,0
2025-08-21T15:03:28,nanema-HP,1.3,27.4,47.0,1550134373.0,31992403.0,13,1,0,,0
2025-08-21T15:03:34,nanema-HP,1.3,27.4,47.0,1550135169.0,31993117.0,13,1,0,,0
2025-08-21T15:03:41,nanema-HP,1.3,27.4,47.0,1550135769.0,31993717.0,13,1,0,,0
2025-08-21T15:03:47,nanema-HP,1.3,27.4,47.0,1550136673.0,31994619.0,13,1,0,,0
2025-08-21T15:03:53,nanema-HP,1.3,27.3,47.0,1550137273.0,31995219.0,13,1,0,,0
2025-08-21T15:03:59,nanema-HP,1.9,27.3,47.0,1550138302.0,31995933.0,13,1,0,,0
2025-08-21T15:04:05,nanema-HP,1.4,27.3,47.0,1550138902.0,31996533.0,13,1,0,,0
2025-08-21T15:04:11,nanema-HP,1.2,27.3,47.0,1550139706.0,31997335.0,13,1,0,,0
2025-08-21T15:04:17,nanema-HP,1.1,27.3,48.0,1550140502.0,31998049.0,13,1,0,,0
2025-08-21T15:04:23,nanema-HP,1.3,27.4,48.0,1550141102.0,31998649.0,13,1,0,,0
2025-08-21T15:04:29,nanema-HP,1.3,27.4,48.0,1550141702.0,31999249.0,13,1,0,,0
2025-08-21T15:04:36,nanema-HP,1.2,27.4,48.0,1550142702.0,32000165.0,13,1,0,,0
2025-08-21T15:04:42,nanema-HP,1.2,27.4,48.0,1550143302.0,32000765.0,13,1,0,,0
2025-08-21T15:04:48,nanema-HP,1.1,27.4,48.0,1550144002.0,32001465.0,13,1,0,,0
2025-08-21T15:04:54,nanema-HP,1.3,27.4,48.0,1550144712.0,32002175.0,13,1,0,,0
2025-08-21T15:05:00,nanema-HP,1.3,27.4,48.0,1550146031.0,32003169.0,13,1,0,,0
2025-08-21T15:05:06,nanema-HP,1.3,27.4,48.0,1550146631.0,32003769.0,13,1,0,,0
2025-08-21T15:05:12,nanema-HP,1.2,27.4,48.0,1550147231.0,32004369.0,13,1,0,,0
2025-08-21T15:05:18,nanema-HP,1.5,27.4,48.0,1550148027.0,32005083.0,13,1,0,,0
2025-08-21T15:05:24,nanema-HP,1.3,27.4,48.0,1550148627.0,32005683.0,13,1,0,,0
2025-08-21T15:05:31,nanema-HP,1.5,27.4,48.0,1550149431.0,32006485.0,13,1,0,,0
2025-08-21T15:05:37,nanema-HP,1.3,27.4,47.0,1550150227.0,32007199.0,13,1,0,,0
2025-08-21T15:05:43,nanema-HP,1.3,27.4,47.0,1550150827.0,32007799.0,13,1,0,,0
2025-08-21T15:05:49,nanema-HP,1.3,27.4,47.0,1550151527.0,32008499.0,13,1,0,,0
2025-08-21T15:05:55,nanema-HP,2.8,27.4,47.0,1550152323.0,32009213.0,13,1,0,,0
2025-08-21T15:06:01,nanema-HP,2.3,27.3,47.0,1550153603.0,32010015.0,13,1,0,,0
2025-08-21T15:06:07,nanema-HP,1.6,27.3,47.0,1550154203.0,32010615.0,13,1,0,,0
2025-08-21T15:06:13,nanema-HP,2.4,27.2,48.0,1550154803.0,32011215.0,13,1,0,,0
2025-08-21T15:06:19,nanema-HP,1.6,27.2,48.0,1550155803.0,32012131.0,13,1,0,,0
2025-08-21T15:06:26,nanema-HP,3.3,27.4,48.0,1550156403.0,32012731.0,13,1,0,,0
2025-08-21T15:06:32,nanema-HP,1.3,27.3,48.0,1550157003.0,32013331.0,13,1,0,,0
2025-08-21T15:06:38,nanema-HP,1.2,27.3,48.0,1550157799.0,32014045.0,13,1,0,,0
2025-08-21T15:06:44,nanema-HP,6.4,27.2,47.0,1550158873.0,32017891.0,13,1,0,,0
2025-08-21T15:06:50,nanema-HP,1.3,27.4,47.0,1550159813.0,32018635.0,13,1,1,Device('/sys/devices/pci0000:00/0000:00:14.0/usb3/3-4'),0
2025-08-21T15:06:56,nanema-HP,2.3,27.3,47.0,1550163779.0,32022255.0,13,1,1,Device('/sys/devices/pci0000:00/0000:00:14.0/usb3/3-4/3-4:1.0'),0
2025-08-21T15:07:02,nanema-HP,2.4,27.3,49.0,1550187712.0,32023790.0,13,1,-1,Device('/sys/devices/pci0000:00/0000:00:14.0/usb3/3-4/3-4:1.0'),0
2025-08-21T15:07:08,nanema-HP,1.1,27.7,49.0,1550380497.0,32040692.0,16,1,1,Device('/sys/devices/pci0000:00/0000:00:14.0/usb3/3-4/3-4:4.2'),0
2025-08-21T15:07:15,nanema-HP,1.3,27.5,49.0,1550381683.0,32041786.0,16,1,1,Device('/sys/devices/pci0000:00/0000:00:14.0/usb3/3-4/3-4:4.0'),0
2025-08-21T15:07:21,nanema-HP,2.4,27.5,49.0,1550382283.0,32042386.0,16,1,1,Device('/sys/devices/pci0000:00/0000:00:14.0/usb3/3-4/3-4:4.1'),0
2025-08-21T15:07:27,nanema-HP,3.5,27.4,49.0,1550382883.0,32042986.0,16,1,0,,0
2025-08-21T15:07:33,nanema-HP,1.2,27.4,49.0,1550383687.0,32043788.0,16,1,0,,0
2025-08-21T15:07:39,nanema-HP,1.4,27.4,49.0,1550384483.0,32044502.0,16,1,0,,0
2025-08-21T15:07:45,nanema-HP,1.3,27.3,49.0,1550385083.0,32045102.0,16,1,0,,0
2025-08-21T15:07:51,nanema-HP,1.3,27.3,51.0,1550385683.0,32045702.0,16,1,0,,0
2025-08-21T15:07:57,nanema-HP,1.0,27.3,51.0,1550386479.0,32046416.0,16,1,0,,0
2025-08-21T15:08:03,nanema-HP,2.8,27.3,50.0,1550388084.0,32047872.0,16,1,0,,0
2025-08-21T15:08:10,nanema-HP,1.0,27.3,50.0,1550388770.0,32048550.0,16,1,0,,0
2025-08-21T15:08:16,nanema-HP,1.4,27.3,50.0,1550389666.0,32049364.0,16,1,0,,0
2025-08-21T15:08:22,nanema-HP,1.2,27.3,50.0,1550390266.0,32049964.0,16,1,0,,0
2025-08-21T15:08:28,nanema-HP,1.2,27.5,50.0,1550391070.0,32050766.0,16,1,0,,0
2025-08-21T15:08:34,nanema-HP,1.2,27.4,50.0,1550392150.0,32051366.0,16,1,0,,0
2025-08-21T15:08:40,nanema-HP,4.6,27.3,53.0,1550393390.0,32052282.0,16,1,0,,0
2025-08-21T15:08:46,nanema-HP,2.8,27.3,53.0,1550393990.0,32052882.0,16,1,0,,0
2025-08-21T15:08:52,nanema-HP,1.4,27.3,50.0,1550394590.0,32053482.0,16,1,0,,0
2025-08-21T15:08:58,nanema-HP,1.3,27.3,50.0,1550395386.0,32054196.0,16,1,0,,0
2025-08-21T15:09:05,nanema-HP,1.1,27.3,50.0,1550396701.0,32055450.0,16,1,0,,0
2025-08-21T15:09:11,nanema-HP,1.4,27.4,51.0,1550397701.0,32056440.0,16,1,0,,0
2025-08-21T15:09:17,nanema-HP,1.2,27.4,51.0,1550398597.0,32057254.0,16,1,0,,0
2025-08-21T15:09:23,nanema-HP,3.3,27.4,51.0,1550399599.0,32057854.0,16,1,0,,0
2025-08-21T15:09:29,nanema-HP,1.1,27.3,49.0,1550401083.0,32058665.0,16,1,0,,0
2025-08-21T15:09:35,nanema-HP,1.3,27.3,49.0,1550402371.0,32059581.0,16,1,0,,0
2025-08-21T15:09:41,nanema-HP,1.2,27.3,49.0,1550402971.0,32060181.0,16,1,0,,0
2025-08-21T15:09:47,nanema-HP,1.3,27.3,52.0,1550403775.0,32060983.0,16,1,0,,0
2025-08-21T15:09:53,nanema-HP,1.0,27.3,52.0,1550404375.0,32061583.0,16,1,0,,0
2025-08-21T15:10:00,nanema-HP,3.1,27.3,49.0,1550406233.0,32063364.0,15,1,0,,0
2025-08-21T15:10:06,nanema-HP,1.8,27.3,49.0,1550406919.0,32064042.0,15,1,0,,0
2025-08-21T15:10:12,nanema-HP,1.1,27.3,49.0,1550407519.0,32064642.0,15,1,0,,0
2025-08-21T15:10:18,nanema-HP,0.9,27.3,50.0,1550408619.0,32065658.0,15,1,0,,0
2025-08-21T15:10:24,nanema-HP,1.2,27.3,50.0,1550409219.0,32066258.0,15,1,0,,0
2025-08-21T15:10:30,nanema-HP,1.3,27.4,50.0,1550410023.0,32067060.0,15,1,0,,0
2025-08-21T15:10:36,nanema-HP,1.1,27.4,50.0,1550410819.0,32067774.0,15,1,0,,0
2025-08-21T15:10:42,nanema-HP,3.3,27.3,50.0,1550411419.0,32068374.0,15,1,0,,0
2025-08-21T15:10:48,nanema-HP,1.2,27.3,52.0,1550412019.0,32068974.0,15,1,0,,0
2025-08-21T15:10:55,nanema-HP,1.0,27.3,52.0,1550413019.0,32069890.0,15,1,0,,0
2025-08-21T15:11:01,nanema-HP,1.6,27.3,52.0,1550413852.0,32070490.0,13,1,0,,0
2025-08-21T15:11:07,nanema-HP,1.3,27.3,49.0,1550414452.0,32071090.0,13,1,0,,0
2025-08-21T15:11:13,nanema-HP,1.2,27.3,49.0,1550415152.0,32071790.0,13,1,0,,0
2025-08-21T15:11:19,nanema-HP,3.0,27.3,49.0,1550415948.0,32072504.0,13,1,0,,0
2025-08-21T15:11:25,nanema-HP,1.2,27.3,50.0,1550416752.0,32073306.0,13,1,0,,0
2025-08-21T15:11:31,nanema-HP,1.3,27.3,50.0,1550417352.0,32073906.0,13,1,0,,0
2025-08-21T15:11:37,nanema-HP,1.1,27.3,52.0,1550418148.0,32074620.0,13,1,0,,0
2025-08-21T15:11:44,nanema-HP,1.4,27.3,52.0,1550418748.0,32075220.0,13,1,0,,0
2025-08-21T15:11:50,nanema-HP,2.6,27.3,52.0,1550419552.0,32076022.0,13,1,0,,0
2025-08-21T15:11:56,nanema-HP,5.9,27.4,50.0,1550420348.0,32076736.0,13,1,0,,0
2025-08-21T15:12:02,nanema-HP,4.3,27.1,50.0,1550441084.0,32078229.0,13,1,0,,0
2025-08-21T15:12:08,nanema-HP,1.1,27.1,50.0,1550451168.0,32089457.0,14,1,0,,0
2025-08-21T15:12:14,nanema-HP,1.5,27.1,53.0,1550451854.0,32090135.0,14,1,0,,0
2025-08-21T15:12:20,nanema-HP,1.3,27.4,53.0,1550452650.0,32090849.0,14,1,0,,0
2025-08-21T15:12:26,nanema-HP,1.7,27.5,52.0,1550453250.0,32091449.0,14,1,0,,0
2025-08-21T15:12:32,nanema-HP,1.3,27.4,52.0,1550454054.0,32092251.0,14,1,0,,0
2025-08-21T15:12:39,nanema-HP,3.3,27.4,52.0,1550454950.0,32093065.0,14,1,0,,0
2025-08-21T15:12:45,nanema-HP,1.8,27.4,52.0,1550455754.0,32096955.0,14,1,-1,Device('/sys/devices/pci0000:00/0000:00:14.0/usb3/3-4/3-4:4.1'),0
2025-08-21T15:12:51,nanema-HP,0.9,27.5,52.0,1550456694.0,32100643.0,14,1,-1,Device('/sys/devices/pci0000:00/0000:00:14.0/usb3/3-4/3-4:4.0'),0
2025-08-21T15:12:57,nanema-HP,1.2,27.7,52.0,1550457660.0,32107533.0,14,1,-1,Device('/sys/devices/pci0000:00/0000:00:14.0/usb3/3-4/3-4:4.2'),0
2025-08-21T15:13:03,nanema-HP,1.3,27.8,54.0,1550458867.0,32111423.0,14,1,-1,Device('/sys/devices/pci0000:00/0000:00:14.0/usb3/3-4'),0
2025-08-21T15:13:09,nanema-HP,1.3,27.9,54.0,1550470633.0,32121149.0,15,1,1,Device('/sys/devices/pci0000:00/0000:00:14.0/usb3/3-4'),0
2025-08-21T15:13:15,nanema-HP,0.9,27.8,54.0,1550471557.0,32121983.0,15,1,1,Device('/sys/devices/pci0000:00/0000:00:14.0/usb3/3-4/3-4:1.0'),0
2025-08-21T15:13:21,nanema-HP,1.6,27.8,51.0,1550472157.0,32122583.0,15,1,-1,Device('/sys/devices/pci0000:00/0000:00:14.0/usb3/3-4/3-4:1.0'),0
2025-08-21T15:13:28,nanema-HP,1.8,27.5,51.0,1550478997.0,32134943.0,16,1,1,Device('/sys/devices/pci0000:00/0000:00:14.0/usb3/3-4/3-4:4.1'),0
2025-08-21T15:13:34,nanema-HP,1.2,27.5,49.0,1550479739.0,32135685.0,16,1,1,Device('/sys/devices/pci0000:00/0000:00:14.0/usb3/3-4/3-4:4.0'),0
2025-08-21T15:13:40,nanema-HP,1.1,27.4,49.0,1550480535.0,32136399.0,16,1,1,Device('/sys/devices/pci0000:00/0000:00:14.0/usb3/3-4/3-4:4.2'),0
2025-08-21T15:13:46,nanema-HP,1.2,27.4,49.0,1550482197.0,32136999.0,16,1,-1,Device('/sys/devices/pci0000:00/0000:00:14.0/usb3/3-4/3-4:4.1'),0
2025-08-21T15:13:52,nanema-HP,1.5,27.4,48.0,1550483289.0,32137801.0,16,1,-1,Device('/sys/devices/pci0000:00/0000:00:14.0/usb3/3-4/3-4:4.0'),0
2025-08-21T15:13:58,nanema-HP,1.0,27.4,48.0,1550484085.0,32138515.0,16,1,-1,Device('/sys/devices/pci0000:00/0000:00:14.0/usb3/3-4/3-4:4.2'),0
2025-08-21T15:14:04,nanema-HP,2.0,27.3,48.0,1550485023.0,32139286.0,16,1,-1,Device('/sys/devices/pci0000:00/0000:00:14.0/usb3/3-4'),0
2025-08-21T15:14:10,nanema-HP,1.2,27.3,48.0,1550485827.0,32140088.0,15,1,1,Device('/sys/devices/pci0000:00/0000:00:14.0/usb3/3-4'),0
2025-08-21T15:14:16,nanema-HP,1.3,27.3,48.0,1550486623.0,32140802.0,15,1,1,Device('/sys/devices/pci0000:00/0000:00:14.0/usb3/3-4/3-4:1.0'),0
2025-08-21T15:14:23,nanema-HP,1.1,27.3,48.0,1550487223.0,32141402.0,15,1,-1,Device('/sys/devices/pci0000:00/0000:00:14.0/usb3/3-4/3-4:1.0'),0
2025-08-21T15:14:29,nanema-HP,1.2,27.4,48.0,1550487948.0,32142213.0,15,1,1,Device('/sys/devices/pci0000:00/0000:00:14.0/usb3/3-4/3-4:4.0'),0
2025-08-21T15:14:35,nanema-HP,1.2,27.4,48.0,1550489134.0,32143307.0,15,1,1,Device('/sys/devices/pci0000:00/0000:00:14.0/usb3/3-4/3-4:4.1'),0
2025-08-21T15:14:41,nanema-HP,1.3,27.4,47.0,1550489734.0,32143907.0,15,1,1,Device('/sys/devices/pci0000:00/0000:00:14.0/usb3/3-4/3-4:4.2'),0
2025-08-21T15:14:47,nanema-HP,1.4,27.4,47.0,1550490538.0,32144709.0,15,1,-1,Device('/sys/devices/pci0000:00/0000:00:14.0/usb3/3-4/3-4:4.1'),0
2025-08-21T15:14:53,nanema-HP,1.3,27.4,47.0,1550491138.0,32145309.0,15,1,-1,Device('/sys/devices/pci0000:00/0000:00:14.0/usb3/3-4/3-4:4.0'),0
2025-08-21T15:14:59,nanema-HP,1.3,27.4,47.0,1550492167.0,32146023.0,15,1,-1,Device('/sys/devices/pci0000:00/0000:00:14.0/usb3/3-4/3-4:4.2'),0
2025-08-21T15:15:05,nanema-HP,1.2,27.3,47.0,1550493004.0,32147031.0,14,1,-1,Device('/sys/devices/pci0000:00/0000:00:14.0/usb3/3-4'),0
2025-08-21T15:15:11,nanema-HP,1.1,27.3,48.0,1550493850.0,32147875.0,14,1,0,,0
2025-08-21T15:15:18,nanema-HP,1.2,27.3,48.0,1550494646.0,32148589.0,14,1,0,,0
2025-08-21T15:15:24,nanema-HP,1.2,27.3,48.0,1550495246.0,32149189.0,14,1,0,,0
2025-08-21T15:15:30,nanema-HP,1.3,27.3,47.0,1550496057.0,32150078.0,14,1,0,,0
2025-08-21T15:15:36,nanema-HP,1.1,27.3,47.0,1550497057.0,32150994.0,14,1,0,,0
2025-08-21T15:15:42,nanema-HP,1.4,27.3,47.0,1550497657.0,32151594.0,14,1,0,,0
2025-08-21T15:15:48,nanema-HP,1.4,27.3,47.0,1550498257.0,32152194.0,14,1,0,,0
2025-08-21T15:15:54,nanema-HP,1.1,27.3,47.0,1550499053.0,32152908.0,14,1,0,,0
2025-08-21T15:16:00,nanema-HP,1.4,27.3,47.0,1550499886.0,32153508.0,14,1,0,,0
2025-08-21T15:16:06,nanema-HP,1.1,27.3,47.0,1550500790.0,32154410.0,14,1,0,,0
2025-08-21T15:16:13,nanema-HP,1.0,27.3,47.0,1550501390.0,32155010.0,14,1,0,,0
2025-08-21T15:16:19,nanema-HP,1.3,27.3,47.0,1550502758.0,32156357.0,14,1,0,,0
2025-08-21T15:16:25,nanema-HP,1.2,27.5,47.0,1550503784.0,32160123.0,14,1,1,Device('/sys/devices/pci0000:00/0000:00:14.0/usb3/3-4'),0
2025-08-21T15:16:31,nanema-HP,1.2,27.5,47.0,1550504554.0,32160723.0,14,1,1,Device('/sys/devices/pci0000:00/0000:00:14.0/usb3/3-4/3-4:1.0'),0
2025-08-21T15:16:37,nanema-HP,3.4,27.5,49.0,1550508562.0,32164499.0,14,1,-1,Device('/sys/devices/pci0000:00/0000:00:14.0/usb3/3-4/3-4:1.0'),0
2025-08-21T15:16:43,nanema-HP,1.3,27.4,49.0,1550511973.0,32166065.0,14,1,1,Device('/sys/devices/pci0000:00/0000:00:14.0/usb3/3-4/3-4:4.2'),0
2025-08-21T15:16:49,nanema-HP,1.3,27.4,49.0,1550512573.0,32166665.0,14,1,1,Device('/sys/devices/pci0000:00/0000:00:14.0/usb3/3-4/3-4:4.1'),0
2025-08-21T15:16:55,nanema-HP,1.2,27.4,50.0,1550513369.0,32167379.0,14,1,1,Device('/sys/devices/pci0000:00/0000:00:14.0/usb3/3-4/3-4:4.0'),0
2025-08-21T15:17:02,nanema-HP,1.8,27.4,50.0,1550533625.0,32169892.0,14,1,0,,0
2025-08-21T15:17:08,nanema-HP,1.4,27.4,52.0,1550535745.0,32171407.0,14,1,0,,0
2025-08-21T15:17:14,nanema-HP,3.0,27.4,52.0,1550537493.0,32172085.0,14,1,0,,0
2025-08-21T15:17:20,nanema-HP,1.8,27.3,52.0,1550538523.0,32172799.0,13,1,0,,0
2025-08-21T15:17:26,nanema-HP,1.3,27.3,52.0,1550539177.0,32173399.0,13,1,0,,0
2025-08-21T15:17:32,nanema-HP,1.4,27.3,52.0,1550539981.0,32174201.0,13,1,0,,0
2025-08-21T15:17:38,nanema-HP,1.0,27.3,52.0,1550540777.0,32174915.0,13,1,0,,0
2025-08-21T15:17:44,nanema-HP,1.3,27.3,52.0,1550542549.0,32175625.0,13,1,0,,0
2025-08-21T15:17:50,nanema-HP,1.1,27.3,52.0,1550543149.0,32176225.0,13,1,0,,0
2025-08-21T15:17:57,nanema-HP,4.2,27.3,52.0,1550544437.0,32177141.0,13,1,0,,0
2025-08-21T15:18:03,nanema-HP,1.2,27.3,52.0,1550545613.0,32177841.0,13,1,0,,0
2025-08-21T15:18:09,nanema-HP,1.3,27.3,52.0,1550547275.0,32178441.0,13,1,0,,0
2025-08-21T15:18:15,nanema-HP,1.3,27.3,52.0,1550548071.0,32179155.0,13,1,0,,0
2025-08-21T15:18:21,nanema-HP,1.3,27.3,52.0,1550548959.0,32179755.0,13,1,0,,0
2025-08-21T15:18:27,nanema-HP,1.5,27.5,52.0,1550549763.0,32180557.0,13,1,0,,0
2025-08-21T15:18:33,nanema-HP,0.9,27.4,54.0,1550553014.0,32181382.0,13,1,0,,0
2025-08-21T15:18:39,nanema-HP,3.1,27.4,54.0,1550553888.0,32182182.0,13,1,0,,0
2025-08-21T15:18:45,nanema-HP,1.2,27.3,51.0,1550554778.0,32183062.0,13,1,0,,0
2025-08-21T15:18:52,nanema-HP,1.1,27.4,51.0,1550555378.0,32183662.0,13,1,0,,0
2025-08-21T15:18:58,nanema-HP,1.2,27.4,51.0,1550556174.0,32184376.0,13,1,0,,0
2025-08-21T15:19:04,nanema-HP,1.3,27.4,55.0,1550557107.0,32185076.0,13,1,0,,0
2025-08-21T15:19:10,nanema-HP,1.2,27.3,55.0,1550557911.0,32185878.0,13,1,0,,0
2025-08-21T15:19:16,nanema-HP,3.8,27.4,55.0,1550558817.0,32186804.0,13,1,0,,0
2025-08-21T15:19:22,nanema-HP,3.2,27.4,53.0,1550559495.0,32187490.0,13,1,0,,0
2025-08-21T15:19:28,nanema-HP,1.3,27.4,53.0,1550560095.0,32188090.0,13,1,0,,0
2025-08-21T15:19:34,nanema-HP,1.2,27.4,54.0,1550560891.0,32188890.0,13,1,0,,0
2025-08-21T15:19:40,nanema-HP,1.3,27.4,54.0,1550561695.0,32189692.0,13,1,0,,0
2025-08-21T15:19:47,nanema-HP,1.3,27.4,54.0,1550562337.0,32190334.0,13,1,0,,0
2025-08-21T15:19:53,nanema-HP,1.3,27.4,56.0,1550562937.0,32190934.0,13,1,0,,0
2025-08-21T15:19:59,nanema-HP,1.5,27.4,56.0,1550563966.0,32191784.0,13,1,0,,0
2025-08-21T15:20:05,nanema-HP,3.2,27.4,56.0,1550565034.0,32192714.0,13,1,0,,0
2025-08-21T15:20:11,nanema-HP,1.0,27.4,52.0,1550565634.0,32193314.0,13,1,0,,0
2025-08-21T15:20:17,nanema-HP,1.0,27.4,52.0,1550566430.0,32194028.0,13,1,0,,0
2025-08-21T15:20:23,nanema-HP,1.2,27.4,53.0,1550567030.0,32194628.0,13,1,0,,0
2025-08-21T15:20:29,nanema-HP,1.4,27.4,53.0,1550568038.0,32195632.0,13,1,0,,0
2025-08-21T15:20:35,nanema-HP,1.3,27.4,53.0,1550568834.0,32196346.0,13,1,0,,0
2025-08-21T15:20:42,nanema-HP,2.7,27.4,51.0,1550569512.0,32197032.0,13,1,0,,0
2025-08-21T15:20:48,nanema-HP,1.3,27.4,51.0,1550570112.0,32197632.0,13,1,0,,0
2025-08-21T15:20:54,nanema-HP,1.2,27.4,51.0,1550570916.0,32198434.0,13,1,0,,0
2025-08-21T15:21:00,nanema-HP,1.2,27.4,53.0,1550571945.0,32199148.0,13,1,0,,0
2025-08-21T15:21:06,nanema-HP,2.2,27.4,53.0,1550572645.0,32199848.0,13,1,0,,0
2025-08-21T15:21:12,nanema-HP,1.4,27.4,53.0,1550573245.0,32200448.0,13,1,0,,0
2025-08-21T15:21:18,nanema-HP,1.3,27.4,52.0,1550574245.0,32201364.0,13,1,0,,0
2025-08-21T15:21:24,nanema-HP,3.0,27.4,52.0,1550574923.0,32202050.0,13,1,0,,0
2025-08-21T15:21:30,nanema-HP,3.2,27.4,54.0,1550575759.0,32202728.0,13,1,0,,0
2025-08-21T15:21:37,nanema-HP,6.8,27.3,54.0,1550576555.0,32203442.0,13,1,0,,0
2025-08-21T15:21:43,nanema-HP,1.2,27.3,54.0,1550577359.0,32204244.0,13,1,0,,0
2025-08-21T15:21:49,nanema-HP,1.1,27.3,55.0,1550577959.0,32204844.0,13,1,0,,0
2025-08-21T15:21:55,nanema-HP,1.2,27.3,55.0,1550578755.0,32205694.0,13,1,0,,0
2025-08-21T15:22:01,nanema-HP,4.1,27.4,55.0,1550602277.0,32207439.0,13,1,0,,0
2025-08-21T15:22:07,nanema-HP,3.2,27.4,55.0,1550604175.0,32208888.0,14,1,0,,0
2025-08-21T15:22:13,nanema-HP,1.0,27.4,55.0,1550604947.0,32209652.0,13,1,0,,0
2025-08-21T15:22:19,nanema-HP,1.1,27.4,51.0,1550605947.0,32210568.0,13,1,0,,0
2025-08-21T15:22:25,nanema-HP,1.3,27.4,51.0,1550606547.0,32211168.0,13,1,0,,0
2025-08-21T15:22:32,nanema-HP,1.2,27.5,51.0,1550607147.0,32211768.0,13,1,0,,0
2025-08-21T15:22:38,nanema-HP,2.5,27.5,53.0,1550607943.0,32212482.0,13,1,0,,0
2025-08-21T15:22:44,nanema-HP,3.4,27.6,53.0,1550608825.0,32213370.0,13,1,0,,0
2025-08-21T15:22:50,nanema-HP,1.3,27.6,53.0,1550609511.0,32214048.0,13,1,0,,0
2025-08-21T15:22:56,nanema-HP,1.1,27.7,52.0,1550610307.0,32214762.0,13,1,0,,0
2025-08-21T15:23:02,nanema-HP,1.3,27.2,52.0,1550611140.0,32215362.0,13,1,0,,0
2025-08-21T15:23:08,nanema-HP,1.1,27.2,54.0,1550612044.0,32216264.0,13,1,0,,0
2025-08-21T15:23:14,nanema-HP,1.1,27.3,54.0,1550612840.0,32216978.0,13,1,0,,0
2025-08-21T15:23:20,nanema-HP,2.7,27.3,54.0,1550613518.0,32217664.0,13,1,0,,0
2025-08-21T15:23:27,nanema-HP,1.0,27.4,51.0,1550614118.0,32218264.0,13,1,0,,0
2025-08-21T15:23:33,nanema-HP,1.1,27.4,51.0,1550614718.0,32218864.0,13,1,0,,0
2025-08-21T15:23:39,nanema-HP,1.1,27.5,51.0,1550615718.0,32219780.0,13,1,0,,0
2025-08-21T15:23:45,nanema-HP,1.1,27.5,52.0,1550616318.0,32220380.0,13,1,0,,0
2025-08-21T15:23:51,nanema-HP,1.1,27.6,52.0,1550617122.0,32221182.0,13,1,0,,0
2025-08-21T15:23:57,nanema-HP,1.2,27.6,51.0,1550617918.0,32221896.0,13,1,0,,0
2025-08-21T15:24:03,nanema-HP,2.8,27.6,51.0,1550618929.0,32222682.0,13,1,0,,0
2025-08-21T15:24:09,nanema-HP,1.1,27.7,51.0,1550619615.0,32223360.0,13,1,0,,0
2025-08-21T15:24:15,nanema-HP,1.1,27.3,53.0,1550620615.0,32224276.0,13,1,0,,0
2025-08-21T15:24:22,nanema-HP,1.3,27.3,53.0,1550621215.0,32224876.0,13,1,0,,0
2025-08-21T15:24:28,nanema-HP,1.6,27.3,53.0,1550621815.0,32225476.0,13,1,0,,0
2025-08-21T15:24:34,nanema-HP,0.8,27.4,55.0,1550622619.0,32226278.0,13,1,0,,0
2025-08-21T15:24:40,nanema-HP,2.8,27.4,55.0,1550623493.0,32227078.0,13,1,0,,0
2025-08-21T15:24:46,nanema-HP,2.3,27.5,55.0,1550625036.0,32227678.0,13,1,0,,0
2025-08-21T15:24:52,nanema-HP,1.0,27.5,53.0,1550625636.0,32228278.0,13,1,0,,0
2025-08-21T15:24:58,nanema-HP,0.8,27.5,53.0,1550626720.0,32228992.0,13,1,0,,0
2025-08-21T15:25:04,nanema-HP,0.9,27.6,51.0,1550627857.0,32229894.0,13,1,0,,0
2025-08-21T15:25:11,nanema-HP,1.0,27.6,51.0,1550628457.0,32230494.0,13,1,0,,0
2025-08-21T15:25:17,nanema-HP,1.3,27.2,51.0,1550629253.0,32231208.0,13,1,0,,0
2025-08-21T15:25:23,nanema-HP,5.2,27.4,54.0,1550630035.0,32231996.0,13,1,0,,0
2025-08-21T15:25:29,nanema-HP,1.7,27.5,54.0,1550630721.0,32232674.0,13,1,0,,0
2025-08-21T15:25:35,nanema-HP,2.4,27.4,54.0,1550631617.0,32233488.0,13,1,0,,0
2025-08-21T15:25:41,nanema-HP,1.3,27.4,53.0,1550632217.0,32234088.0,13,1,0,,0
2025-08-21T15:25:47,nanema-HP,1.3,27.4,53.0,1550632817.0,32234688.0,13,1,0,,0
2025-08-21T15:25:53,nanema-HP,1.3,27.4,51.0,1550633771.0,32235490.0,13,1,0,,0
2025-08-21T15:25:59,nanema-HP,1.3,27.4,51.0,1550634800.0,32236204.0,13,1,0,,0
2025-08-21T15:26:06,nanema-HP,4.7,27.4,51.0,1550635564.0,32236968.0,13,1,0,,0
2025-08-21T15:26:12,nanema-HP,1.3,27.4,51.0,1550636164.0,32237568.0,13,1,0,,0
2025-08-21T15:26:18,nanema-HP,1.1,27.4,51.0,1550637164.0,32238484.0,13,1,0,,0
2025-08-21T15:26:24,nanema-HP,1.2,27.4,51.0,1550637764.0,32239084.0,13,1,0,,0
2025-08-21T15:26:30,nanema-HP,1.2,27.5,52.0,1550639526.0,32239784.0,13,1,0,,0
2025-08-21T15:26:36,nanema-HP,1.4,27.4,52.0,1550640322.0,32240498.0,13,1,0,,0
2025-08-21T15:26:42,nanema-HP,1.4,27.4,54.0,1550641288.0,32241184.0,13,1,0,,0
2025-08-21T15:26:48,nanema-HP,2.8,27.4,54.0,1550642178.0,32242064.0,13,1,0,,0
2025-08-21T15:26:54,nanema-HP,1.8,27.4,54.0,1550651468.0,32243205.0,13,1,0,,0
2025-08-21T15:27:01,nanema-HP,1.2,27.4,52.0,1550670583.0,32243805.0,13,1,0,,0
2025-08-21T15:27:07,nanema-HP,1.2,27.4,52.0,1550672593.0,32245624.0,12,1,0,,0
2025-08-21T15:27:13,nanema-HP,1.6,27.4,52.0,1550689885.0,32266768.0,16,1,0,,0
2025-08-21T15:27:19,nanema-HP,1.1,27.6,53.0,1550703323.0,32303361.0,18,1,-1,Device('/sys/devices/pci0000:00/0000:00:14.0/usb3/3-4/3-4:4.1'),0
2025-08-21T15:27:25,nanema-HP,1.2,27.6,53.0,1550703923.0,32303961.0,18,1,-1,Device('/sys/devices/pci0000:00/0000:00:14.0/usb3/3-4/3-4:4.0'),0
2025-08-21T15:27:31,nanema-HP,1.1,27.6,51.0,1550707897.0,32307669.0,18,1,-1,Device('/sys/devices/pci0000:00/0000:00:14.0/usb3/3-4/3-4:4.2'),0
2025-08-21T15:27:37,nanema-HP,1.2,27.7,51.0,1550708497.0,32308269.0,18,1,-1,Device('/sys/devices/pci0000:00/0000:00:14.0/usb3/3-4'),0
2025-08-21T15:27:43,nanema-HP,3.5,27.7,51.0,1550709371.0,32309069.0,18,1,1,Device('/sys/devices/pci0000:00/0000:00:14.0/usb3/3-4'),0
2025-08-21T15:27:50,nanema-HP,1.4,27.7,53.0,1550710057.0,32309747.0,18,1,1,Device('/sys/devices/pci0000:00/0000:00:14.0/usb3/3-4/3-4:1.0'),0
2025-08-21T15:27:56,nanema-HP,1.6,27.7,53.0,1550710861.0,32310549.0,18,1,-1,Device('/sys/devices/pci0000:00/0000:00:14.0/usb3/3-4/3-4:1.0'),0
2025-08-21T15:28:02,nanema-HP,1.0,27.7,53.0,1550711757.0,32311363.0,18,1,1,Device('/sys/devices/pci0000:00/0000:00:14.0/usb3/3-4/3-4:4.2'),0
2025-08-21T15:28:08,nanema-HP,1.2,27.7,51.0,1550712917.0,32312523.0,18,1,1,Device('/sys/devices/pci0000:00/0000:00:14.0/usb3/3-4/3-4:4.0'),0
2025-08-21T15:28:14,nanema-HP,1.2,27.7,51.0,1550713603.0,32313201.0,18,1,1,Device('/sys/devices/pci0000:00/0000:00:14.0/usb3/3-4/3-4:4.1'),0
2025-08-21T15:28:20,nanema-HP,1.3,27.7,51.0,1550714939.0,32314539.0,18,1,0,,0
2025-08-21T15:28:26,nanema-HP,3.4,27.7,54.0,1550715539.0,32315139.0,18,1,0,,0
2025-08-21T15:28:32,nanema-HP,1.3,27.7,54.0,1550716139.0,32315739.0,18,1,0,,0
2025-08-21T15:28:38,nanema-HP,1.3,27.5,52.0,1550717229.0,32316453.0,18,1,0,,0
2025-08-21T15:28:45,nanema-HP,1.7,27.4,52.0,1550718285.0,32320409.0,18,1,-1,Device('/sys/devices/pci0000:00/0000:00:14.0/usb3/3-4/3-4:4.0'),0
2025-08-21T15:28:51,nanema-HP,1.3,27.4,52.0,1550720797.0,32322942.0,18,1,-1,Device('/sys/devices/pci0000:00/0000:00:14.0/usb3/3-4/3-4:4.1'),0
2025-08-21T15:28:57,nanema-HP,1.6,27.4,48.0,1550723067.0,32324997.0,18,1,-1,Device('/sys/devices/pci0000:00/0000:00:14.0/usb3/3-4/3-4:4.2'),0
2025-08-21T15:29:03,nanema-HP,1.2,27.4,48.0,1550724096.0,32325711.0,18,1,-1,Device('/sys/devices/pci0000:00/0000:00:14.0/usb3/3-4'),0
2025-08-21T15:29:09,nanema-HP,1.1,27.4,48.0,1550725038.0,32326871.0,18,1,0,,0
2025-08-21T15:29:15,nanema-HP,0.8,27.4,47.0,1550725724.0,32327685.0,18,1,0,,0
2025-08-21T15:29:21,nanema-HP,1.1,27.4,47.0,1550726974.0,32328887.0,18,1,0,,0
2025-08-21T15:29:28,nanema-HP,1.2,27.4,47.0,1550727574.0,32329487.0,18,1,0,,0
2025-08-21T15:29:34,nanema-HP,1.0,27.4,47.0,1550728378.0,32330289.0,18,1,0,,0
2025-08-21T15:29:40,nanema-HP,1.1,27.4,47.0,1550729274.0,32331103.0,18,1,0,,0
2025-08-21T15:29:46,nanema-HP,1.0,27.4,45.0,1550729874.0,32331703.0,18,1,0,,0
2025-08-21T15:29:52,nanema-HP,1.2,27.4,45.0,1550730678.0,32332505.0,18,1,0,,0
2025-08-21T15:29:58,nanema-HP,1.1,27.4,45.0,1550731738.0,32333741.0,18,1,0,,0
2025-08-21T15:30:04,nanema-HP,1.3,27.4,45.0,1550733596.0,32334882.0,18,1,0,,0
2025-08-21T15:30:11,nanema-HP,1.3,27.4,45.0,1550734834.0,32336234.0,18,1,0,,0
2025-08-21T15:30:17,nanema-HP,1.3,27.4,45.0,1550736700.0,32337036.0,18,1,0,,0
2025-08-21T15:30:23,nanema-HP,1.1,27.4,45.0,1550737496.0,32337750.0,18,1,0,,0
2025-08-21T15:30:29,nanema-HP,0.9,27.4,45.0,1550738196.0,32338450.0,18,1,0,,0
2025-08-21T15:30:35,nanema-HP,1.1,27.4,44.0,1550739054.0,32339050.0,18,1,0,,0
2025-08-21T15:30:41,nanema-HP,0.9,27.3,44.0,1550739850.0,32339764.0,18,1,0,,0
2025-08-21T15:30:47,nanema-HP,1.0,27.3,44.0,1550740654.0,32340566.0,18,1,0,,0
2025-08-21T15:30:54,nanema-HP,1.2,27.3,44.0,1550741254.0,32341166.0,18,1,0,,0
2025-08-21T15:31:00,nanema-HP,0.8,27.3,44.0,1550742614.0,32341953.0,16,1,0,,0
2025-08-21T15:31:06,nanema-HP,1.6,27.3,44.0,1550743472.0,32342553.0,15,1,0,,0
2025-08-21T15:31:12,nanema-HP,1.0,27.3,44.0,1550744634.0,32343455.0,13,1,0,,0
2025-08-21T15:31:18,nanema-HP,1.3,27.3,44.0,1550745688.0,32344169.0,13,1,0,,0
2025-08-21T15:31:24,nanema-HP,1.0,27.3,44.0,1550746576.0,32344769.0,13,1,0,,0
2025-08-21T15:31:31,nanema-HP,1.1,27.3,44.0,1550747326.0,32345669.0,13,1,0,,0
2025-08-21T15:31:37,nanema-HP,1.3,27.3,44.0,1550748130.0,32346471.0,13,1,0,,0
2025-08-21T15:31:43,nanema-HP,1.1,27.3,44.0,1550748926.0,32347185.0,13,1,0,,0
2025-08-21T15:31:49,nanema-HP,1.0,27.3,44.0,1550749526.0,32347785.0,13,1,0,,0
2025-08-21T15:31:55,nanema-HP,1.0,27.3,43.0,1550750430.0,32348687.0,13,1,0,,0
2025-08-21T15:32:01,nanema-HP,1.4,27.3,43.0,1550770891.0,32350144.0,13,1,0,,0
2025-08-21T15:32:07,nanema-HP,1.2,27.3,43.0,1550772723.0,32351551.0,13,1,0,,0
2025-08-21T15:32:14,nanema-HP,1.4,27.3,43.0,1550780240.0,32355264.0,14,1,0,,0
2025-08-21T15:32:20,nanema-HP,1.0,27.3,43.0,1550781036.0,32355978.0,14,1,0,,0
2025-08-21T15:32:26,nanema-HP,1.1,27.3,43.0,1550781840.0,32356780.0,14,1,0,,0
2025-08-21T15:32:32,nanema-HP,1.0,27.4,43.0,1550782566.0,32357380.0,14,1,0,,0
2025-08-21T15:32:38,nanema-HP,1.2,27.4,43.0,1550783634.0,32358194.0,14,1,0,,0
2025-08-21T15:32:44,nanema-HP,1.1,27.4,43.0,1550784782.0,32358996.0,14,1,0,,0
2025-08-21T15:32:50,nanema-HP,1.1,27.3,43.0,1550785640.0,32359596.0,14,1,0,,0
2025-08-21T15:32:57,nanema-HP,1.1,27.3,43.0,1550786756.0,32360196.0,14,1,0,,0
2025-08-21T15:33:03,nanema-HP,1.4,27.3,43.0,1550788331.0,32361112.0,14,1,0,,0
2025-08-21T15:33:09,nanema-HP,1.2,27.3,43.0,1550789493.0,32361930.0,14,1,0,,0
2025-08-21T15:33:15,nanema-HP,0.9,27.3,42.0,1550790813.0,32362810.0,14,1,0,,0
2025-08-21T15:33:21,nanema-HP,1.1,27.3,42.0,1550791609.0,32363524.0,14,1,0,,0
2025-08-21T15:33:27,nanema-HP,1.2,27.3,42.0,1550792609.0,32364224.0,14,1,0,,0
2025-08-21T15:33:33,nanema-HP,1.0,27.3,42.0,1550793755.0,32365026.0,14,1,0,,0
2025-08-21T15:33:40,nanema-HP,1.0,27.3,42.0,1550794895.0,32365740.0,14,1,0,,0
2025-08-21T15:33:46,nanema-HP,3.7,27.3,42.0,1550795925.0,32366340.0,14,1,0,,0
2025-08-21T15:33:52,nanema-HP,0.9,27.2,42.0,1550797041.0,32366940.0,14,1,0,,0
2025-08-21T15:33:58,nanema-HP,1.0,27.2,42.0,1550798557.0,32367856.0,14,1,0,,0
2025-08-21T15:34:04,nanema-HP,1.0,27.2,44.0,1550799820.0,32368456.0,14,1,0,,0
2025-08-21T15:34:10,nanema-HP,1.2,27.2,44.0,1550801168.0,32369374.0,14,1,0,,0
2025-08-21T15:34:17,nanema-HP,1.2,27.2,44.0,1550802370.0,32370052.0,14,1,0,,0
2025-08-21T15:34:23,nanema-HP,1.2,27.2,43.0,1550803714.0,32370968.0,14,1,0,,0
2025-08-21T15:34:29,nanema-HP,2.1,27.4,43.0,1550804572.0,32371568.0,14,1,0,,0
2025-08-21T15:34:35,nanema-HP,1.2,27.4,42.0,1550805602.0,32372168.0,14,1,0,,0
2025-08-21T15:34:41,nanema-HP,1.1,27.5,42.0,1550807356.0,32373288.0,14,1,0,,0
2025-08-21T15:34:47,nanema-HP,1.1,27.5,42.0,1550808496.0,32373998.0,14,1,0,,0
2025-08-21T15:34:53,nanema-HP,1.1,27.5,42.0,1550809540.0,32374698.0,14,1,0,,0
2025-08-21T15:35:00,nanema-HP,0.9,27.6,42.0,1550811031.0,32375614.0,14,1,0,,0
2025-08-21T15:35:06,nanema-HP,1.1,27.6,42.0,1550811631.0,32376214.0,14,1,0,,0
2025-08-21T15:35:12,nanema-HP,0.9,27.6,42.0,1550813161.0,32377343.0,13,1,0,,0
2025-08-21T15:35:18,nanema-HP,1.1,27.5,42.0,1550814129.0,32378329.0,13,1,0,,0
2025-08-21T15:35:24,nanema-HP,0.9,27.5,42.0,1550814933.0,32379131.0,13,1,0,,0
2025-08-21T15:35:30,nanema-HP,0.9,27.5,42.0,1550815533.0,32379731.0,13,1,0,,0
2025-08-21T15:35:36,nanema-HP,1.0,27.5,42.0,1550816133.0,32380331.0,13,1,0,,0
2025-08-21T15:35:43,nanema-HP,0.8,27.5,41.0,1550817491.0,32381347.0,13,1,0,,0
2025-08-21T15:35:49,nanema-HP,0.8,27.5,41.0,1550818091.0,32381947.0,13,1,0,,0
2025-08-21T15:35:55,nanema-HP,0.8,27.6,41.0,1550818691.0,32382547.0,13,1,0,,0
2025-08-21T15:36:01,nanema-HP,0.9,27.6,41.0,1550819720.0,32383261.0,13,1,0,,0
2025-08-21T15:36:07,nanema-HP,0.9,27.6,41.0,1550820524.0,32384063.0,13,1,0,,0
2025-08-21T15:36:13,nanema-HP,1.0,27.2,41.0,1550821166.0,32384705.0,13,1,0,,0
2025-08-21T15:36:19,nanema-HP,0.9,27.2,41.0,1550821962.0,32385419.0,13,1,0,,0
2025-08-21T15:36:26,nanema-HP,1.3,27.2,41.0,1550822866.0,32386321.0,13,1,0,,0
2025-08-21T15:36:32,nanema-HP,1.0,27.4,41.0,1550823466.0,32386921.0,13,1,0,,0
2025-08-21T15:36:38,nanema-HP,1.1,27.4,41.0,1550824262.0,32387635.0,13,1,0,,0
2025-08-21T15:36:44,nanema-HP,1.1,27.4,41.0,1550824862.0,32388235.0,13,1,0,,0
2025-08-21T15:36:50,nanema-HP,1.2,27.4,41.0,1550825462.0,32388835.0,13,1,0,,0
2025-08-21T15:36:56,nanema-HP,1.1,27.5,41.0,1550826266.0,32389637.0,13,1,0,,0
2025-08-21T15:37:03,nanema-HP,1.2,27.5,41.0,1550846761.0,32391274.0,14,1,0,,0
2025-08-21T15:37:09,nanema-HP,1.3,27.5,41.0,1550848757.0,32392955.0,14,1,0,,0
2025-08-21T15:37:15,nanema-HP,0.8,27.5,41.0,1550849905.0,32393835.0,14,1,0,,0
2025-08-21T15:37:21,nanema-HP,2.5,27.5,41.0,1550850701.0,32394549.0,14,1,0,,0
2025-08-21T15:37:27,nanema-HP,0.8,27.5,41.0,1550851301.0,32395149.0,14,1,0,,0
2025-08-21T15:37:33,nanema-HP,1.0,27.5,41.0,1550851901.0,32395749.0,14,1,0,,0
2025-08-21T15:37:39,nanema-HP,1.2,27.5,41.0,1550852901.0,32396665.0,14,1,0,,0
2025-08-21T15:37:46,nanema-HP,0.8,27.5,41.0,1550853543.0,32397307.0,14,1,0,,0
2025-08-21T15:37:52,nanema-HP,0.9,27.5,41.0,1550854243.0,32398007.0,14,1,0,,0
2025-08-21T15:37:58,nanema-HP,1.0,27.6,41.0,1550855297.0,32398721.0,14,1,0,,0
2025-08-21T15:38:04,nanema-HP,1.2,27.6,41.0,1550856130.0,32399321.0,14,1,0,,0
2025-08-21T15:38:10,nanema-HP,1.0,27.1,41.0,1550857060.0,32400123.0,13,1,0,,0
2025-08-21T15:38:16,nanema-HP,0.9,27.1,41.0,1550857702.0,32400765.0,13,1,0,,0
2025-08-21T15:38:22,nanema-HP,0.9,27.2,41.0,1550858582.0,32401479.0,13,1,0,,0
2025-08-21T15:38:29,nanema-HP,1.1,27.2,41.0,1550859224.0,32402079.0,13,1,0,,0
2025-08-21T15:38:35,nanema-HP,1.0,27.3,41.0,1550860028.0,32402881.0,13,1,0,,0
2025-08-21T15:38:41,nanema-HP,1.0,27.3,41.0,1550860924.0,32403695.0,13,1,0,,0
2025-08-21T15:38:47,nanema-HP,0.9,27.4,41.0,1550861524.0,32404295.0,13,1,0,,0
2025-08-21T15:38:53,nanema-HP,1.3,27.4,41.0,1550862647.0,32405301.0,13,1,0,,0
2025-08-21T15:38:59,nanema-HP,1.2,27.5,41.0,1550863676.0,32406015.0,13,1,0,,0
2025-08-21T15:39:06,nanema-HP,1.1,27.5,41.0,1550864276.0,32406615.0,13,1,0,,0
2025-08-21T15:39:12,nanema-HP,1.1,27.5,41.0,1550864876.0,32407215.0,13,1,0,,0
2025-08-21T15:39:18,nanema-HP,1.0,27.5,41.0,1550865672.0,32407929.0,13,1,0,,0
2025-08-21T15:39:24,nanema-HP,0.9,27.5,41.0,1550866576.0,32408831.0,13,1,0,,0
2025-08-21T15:39:30,nanema-HP,1.2,27.5,41.0,1550867218.0,32409473.0,13,1,0,,0
2025-08-21T15:39:36,nanema-HP,0.9,27.5,41.0,1550867818.0,32410073.0,13,1,0,,0
2025-08-21T15:39:42,nanema-HP,1.2,27.5,41.0,1550868614.0,32410787.0,13,1,0,,0
2025-08-21T15:39:49,nanema-HP,1.0,27.5,41.0,1550869214.0,32411387.0,13,1,0,,0
2025-08-21T15:39:55,nanema-HP,1.1,27.6,41.0,1550870018.0,32412189.0,13,1,0,,0
2025-08-21T15:40:01,nanema-HP,1.0,27.6,41.0,1550871047.0,32412903.0,13,1,0,,0
2025-08-21T15:40:07,nanema-HP,1.3,27.6,41.0,1550871747.0,32413603.0,13,1,0,,0
2025-08-21T15:40:13,nanema-HP,0.8,27.6,41.0,1550872347.0,32414203.0,13,1,0,,0
2025-08-21T15:40:19,nanema-HP,0.9,27.6,41.0,1550873347.0,32415119.0,13,1,0,,0
2025-08-21T15:40:25,nanema-HP,1.1,27.6,41.0,1550873989.0,32415761.0,13,1,0,,0
2025-08-21T15:40:32,nanema-HP,0.8,27.7,41.0,1550874589.0,32416361.0,13,1,0,,0
2025-08-21T15:40:38,nanema-HP,1.1,27.6,41.0,1550875393.0,32417163.0,13,1,0,,0
2025-08-21T15:40:44,nanema-HP,0.9,27.6,41.0,1550876533.0,32417877.0,13,1,0,,0
2025-08-21T15:40:50,nanema-HP,1.0,27.6,41.0,1550877577.0,32418577.0,13,1,0,,0
2025-08-21T15:40:56,nanema-HP,1.2,27.6,41.0,1550878467.0,32419379.0,13,1,0,,0
2025-08-21T15:41:02,nanema-HP,0.8,27.6,41.0,1550879754.0,32420093.0,13,1,0,,0
2025-08-21T15:41:08,nanema-HP,0.8,27.6,41.0,1550880354.0,32420693.0,13,1,0,,0
2025-08-21T15:41:15,nanema-HP,1.0,27.6,41.0,1550881158.0,32421495.0,13,1,0,,0
2025-08-21T15:41:21,nanema-HP,2.6,27.6,41.0,1550882296.0,32422209.0,13,1,0,,0
2025-08-21T15:41:27,nanema-HP,1.3,27.6,41.0,1550883064.0,32422809.0,13,1,0,,0
2025-08-21T15:41:33,nanema-HP,1.0,27.6,41.0,1550883790.0,32423409.0,13,1,0,,0
2025-08-21T15:41:39,nanema-HP,1.1,27.6,41.0,1550884812.0,32424223.0,13,1,0,,0
2025-08-21T15:41:45,nanema-HP,1.0,27.6,41.0,1550885616.0,32425025.0,13,1,0,,0
2025-08-21T15:41:52,nanema-HP,1.0,27.6,41.0,1550886216.0,32425625.0,13,1,0,,0
2025-08-21T15:41:58,nanema-HP,0.9,27.6,41.0,1550886942.0,32426225.0,13,1,0,,0
2025-08-21T15:42:04,nanema-HP,0.8,27.6,41.0,1550908643.0,32427956.0,13,1,0,,0
2025-08-21T15:42:10,nanema-HP,1.2,27.1,41.0,1550910407.0,32429405.0,13,1,0,,0
2025-08-21T15:42:16,nanema-HP,0.9,27.1,41.0,1550911219.0,32430083.0,13,1,0,,0
2025-08-21T15:42:22,nanema-HP,1.0,27.1,41.0,1550912319.0,32431099.0,13,1,0,,0
2025-08-21T15:42:28,nanema-HP,1.3,27.2,41.0,1550912919.0,32431699.0,13,1,0,,0
2025-08-21T15:42:35,nanema-HP,1.1,27.3,41.0,1550913561.0,32432299.0,13,1,0,,0
2025-08-21T15:42:41,nanema-HP,1.1,27.3,41.0,1550914645.0,32433215.0,13,1,0,,0
2025-08-21T15:42:47,nanema-HP,1.3,27.3,41.0,1550915245.0,32433815.0,13,1,0,,0
2025-08-21T15:42:53,nanema-HP,1.2,27.4,41.0,1550915845.0,32434415.0,13,1,0,,0
2025-08-21T15:42:59,nanema-HP,1.3,27.8,41.0,1550927899.0,32441440.0,14,1,0,,0
2025-08-21T15:43:05,nanema-HP,1.0,27.7,41.0,1550928727.0,32442260.0,14,1,0,,0
2025-08-21T15:43:11,nanema-HP,1.5,27.6,41.0,1550929531.0,32443062.0,14,1,0,,0
2025-08-21T15:43:18,nanema-HP,1.0,27.3,41.0,1550930131.0,32443662.0,14,1,0,,0
2025-08-21T15:43:24,nanema-HP,1.0,27.2,41.0,1550930927.0,32444376.0,14,1,0,,0
2025-08-21T15:43:30,nanema-HP,1.1,27.2,41.0,1550937354.0,32456018.0,15,1,0,,0
2025-08-21T15:43:36,nanema-HP,0.9,27.3,41.0,1550938040.0,32456696.0,15,1,0,,0
2025-08-22T00:15:27,nanema-HP,47.5,27.9,33.0,1551008599.0,32527299.0,14,1,0,,0
2025-08-22T00:15:33,nanema-HP,7.0,28.0,33.0,1551714794.0,32664342.0,24,1,0,,0
2025-08-22T00:15:39,nanema-HP,2.6,29.0,33.0,1558622473.0,33058794.0,27,1,0,,0
2025-08-22T00:15:45,nanema-HP,11.5,29.2,45.0,1565052958.0,33279919.0,29,1,0,,0
2025-08-22T00:15:51,nanema-HP,8.8,28.5,45.0,1565053816.0,33280940.0,29,1,0,,0
2025-08-22T00:15:57,nanema-HP,8.8,28.3,45.0,1565054634.0,33281852.0,29,1,0,,0
2025-08-22T00:16:04,nanema-HP,1.7,28.0,72.0,1565298593.0,33402115.0,31,1,0,,0
2025-08-22T00:16:10,nanema-HP,4.0,28.0,72.0,1575071236.0,33702017.0,31,1,1,Device('/sys/devices/pci0000:00/0000:00:14.0/usb3/3-4'),1
2025-08-22T00:16:16,nanema-HP,3.0,27.9,50.0,1588461096.0,34195713.0,31,1,1,Device('/sys/devices/pci0000:00/0000:00:14.0/usb3/3-4/3-4:1.0'),0
2025-08-22T00:16:22,nanema-HP,2.9,27.9,50.0,1604471634.0,34677340.0,31,1,-1,Device('/sys/devices/pci0000:00/0000:00:14.0/usb3/3-4/3-4:1.0'),0
2025-08-22T00:16:28,nanema-HP,2.8,27.9,50.0,1619381075.0,35123011.0,31,1,1,Device('/sys/devices/pci0000:00/0000:00:14.0/usb3/3-4/3-4:4.1'),0
2025-08-22T00:16:34,nanema-HP,3.1,27.8,51.0,1634094682.0,35552487.0,31,1,1,Device('/sys/devices/pci0000:00/0000:00:14.0/usb3/3-4/3-4:4.0'),0
2025-08-22T00:16:40,nanema-HP,3.3,27.9,51.0,1649579897.0,36079848.0,28,1,1,Device('/sys/devices/pci0000:00/0000:00:14.0/usb3/3-4/3-4:4.2'),0
2025-08-22T00:16:46,nanema-HP,4.0,27.9,51.0,1664069630.0,36496219.0,28,1,0,,0
2025-08-22T00:16:52,nanema-HP,2.6,28.0,52.0,1679557068.0,36983359.0,25,1,0,,0
2025-08-22T00:16:58,nanema-HP,3.6,28.1,52.0,1692869570.0,37492217.0,25,1,0,,0
2025-08-22T00:17:05,nanema-HP,2.3,28.2,55.0,1704674891.0,37881171.0,25,1,0,,0
2025-08-22T00:17:11,nanema-HP,3.2,28.2,55.0,1719975183.0,38341181.0,25,1,0,,0
2025-08-22T00:17:17,nanema-HP,3.7,28.4,55.0,1735477757.0,38852329.0,25,1,-1,Device('/sys/devices/pci0000:00/0000:00:14.0/usb3/3-4/3-4:4.0'),0
2025-08-22T00:17:23,nanema-HP,5.0,28.4,53.0,1750789381.0,39344537.0,21,1,-1,Device('/sys/devices/pci0000:00/0000:00:14.0/usb3/3-4/3-4:4.1'),0
2025-08-22T00:17:29,nanema-HP,4.6,27.7,53.0,1765257720.0,39834104.0,23,1,-1,Device('/sys/devices/pci0000:00/0000:00:14.0/usb3/3-4/3-4:4.2'),0
2025-08-22T00:17:35,nanema-HP,3.5,27.7,53.0,1781007108.0,40341575.0,23,1,-1,Device('/sys/devices/pci0000:00/0000:00:14.0/usb3/3-4'),0
2025-08-22T00:17:41,nanema-HP,3.7,27.7,51.0,1796526690.0,40867960.0,27,1,1,Device('/sys/devices/pci0000:00/0000:00:14.0/usb3/3-4'),0
2025-08-22T00:17:47,nanema-HP,3.3,27.7,51.0,1812201321.0,41373102.0,25,1,1,Device('/sys/devices/pci0000:00/0000:00:14.0/usb3/3-4/3-4:1.0'),0
2025-08-22T00:17:53,nanema-HP,3.5,27.8,50.0,1827548522.0,41858073.0,25,1,-1,Device('/sys/devices/pci0000:00/0000:00:14.0/usb3/3-4/3-4:1.0'),0
2025-08-22T00:17:59,nanema-HP,2.6,27.8,50.0,1842674793.0,42358471.0,24,1,1,Device('/sys/devices/pci0000:00/0000:00:14.0/usb3/3-4/3-4:4.0'),0
2025-08-22T00:18:05,nanema-HP,3.2,27.8,50.0,1857923487.0,42835019.0,24,1,1,Device('/sys/devices/pci0000:00/0000:00:14.0/usb3/3-4/3-4:4.1'),0
2025-08-22T00:18:12,nanema-HP,5.4,28.0,51.0,1873586644.0,43297466.0,23,1,1,Device('/sys/devices/pci0000:00/0000:00:14.0/usb3/3-4/3-4:4.2'),0
2025-08-22T00:18:18,nanema-HP,3.5,28.0,51.0,1888065626.0,43766370.0,23,1,-1,Device('/sys/devices/pci0000:00/0000:00:14.0/usb3/3-4/3-4:4.0'),0
2025-08-22T00:18:24,nanema-HP,2.8,28.3,51.0,1903950275.0,44305811.0,23,1,-1,Device('/sys/devices/pci0000:00/0000:00:14.0/usb3/3-4/3-4:4.1'),0
2025-08-22T00:18:30,nanema-HP,3.2,28.4,50.0,1919480586.0,44863923.0,23,1,-1,Device('/sys/devices/pci0000:00/0000:00:14.0/usb3/3-4/3-4:4.2'),0
2025-08-22T00:18:36,nanema-HP,2.8,28.4,50.0,1934443823.0,45348200.0,23,1,-1,Device('/sys/devices/pci0000:00/0000:00:14.0/usb3/3-4'),0
2025-08-22T00:18:42,nanema-HP,3.7,28.5,50.0,1949793081.0,45826542.0,23,1,1,Device('/sys/devices/pci0000:00/0000:00:14.0/usb3/3-4'),0
2025-08-22T00:18:48,nanema-HP,4.3,28.6,50.0,1965477293.0,46324796.0,22,1,1,Device('/sys/devices/pci0000:00/0000:00:14.0/usb3/3-4/3-4:1.0'),0
2025-08-22T00:18:54,nanema-HP,2.9,28.8,50.0,1980694135.0,46798450.0,22,1,-1,Device('/sys/devices/pci0000:00/0000:00:14.0/usb3/3-4/3-4:1.0'),0
2025-08-22T00:19:00,nanema-HP,2.4,28.8,51.0,1996188367.0,47302128.0,22,1,1,Device('/sys/devices/pci0000:00/0000:00:14.0/usb3/3-4/3-4:4.2'),0
2025-08-22T00:19:06,nanema-HP,2.7,28.8,51.0,2011694340.0,47832515.0,22,1,1,Device('/sys/devices/pci0000:00/0000:00:14.0/usb3/3-4/3-4:4.0'),0
2025-08-22T00:19:13,nanema-HP,2.8,28.8,51.0,2026173469.0,48304397.0,22,1,1,Device('/sys/devices/pci0000:00/0000:00:14.0/usb3/3-4/3-4:4.1'),0
2025-08-22T00:19:19,nanema-HP,3.3,28.8,51.0,2041399251.0,48805353.0,22,1,-1,Device('/sys/devices/pci0000:00/0000:00:14.0/usb3/3-4/3-4:4.0'),0
2025-08-22T00:19:25,nanema-HP,2.9,28.8,51.0,2057135287.0,49316397.0,22,1,-1,Device('/sys/devices/pci0000:00/0000:00:14.0/usb3/3-4/3-4:4.1'),0
2025-08-22T00:19:31,nanema-HP,4.1,28.8,51.0,2072605939.0,49794809.0,22,1,-1,Device('/sys/devices/pci0000:00/0000:00:14.0/usb3/3-4/3-4:4.2'),0
2025-08-22T00:19:37,nanema-HP,3.0,28.8,51.0,2087015876.0,50249181.0,22,1,-1,Device('/sys/devices/pci0000:00/0000:00:14.0/usb3/3-4'),0
2025-08-22T00:19:43,nanema-HP,3.5,28.9,51.0,2102432781.0,50751538.0,22,1,1,Device('/sys/devices/pci0000:00/0000:00:14.0/usb3/3-4'),0
2025-08-22T00:19:49,nanema-HP,3.3,28.9,51.0,2116939015.0,51241956.0,22,1,1,Device('/sys/devices/pci0000:00/0000:00:14.0/usb3/3-4/3-4:1.0'),0
2025-08-22T00:19:55,nanema-HP,2.2,28.8,51.0,2131092487.0,51684706.0,22,1,-1,Device('/sys/devices/pci0000:00/0000:00:14.0/usb3/3-4/3-4:1.0'),0
2025-08-22T00:20:01,nanema-HP,3.5,28.2,51.0,2146989206.0,52191328.0,22,1,-1,Device('/sys/devices/pci0000:00/0000:00:14.0/usb3/3-4'),0
2025-08-22T00:20:07,nanema-HP,3.8,28.2,51.0,2161696844.0,52663994.0,22,1,1,Device('/sys/devices/pci0000:00/0000:00:14.0/usb3/3-4'),0
2025-08-22T00:20:13,nanema-HP,3.4,28.2,51.0,2177019124.0,53152984.0,21,1,1,Device('/sys/devices/pci0000:00/0000:00:14.0/usb3/3-4/3-4:1.0'),0
2025-08-22T00:20:20,nanema-HP,2.7,28.3,49.0,2192604840.0,53635834.0,21,1,-1,Device('/sys/devices/pci0000:00/0000:00:14.0/usb3/3-4/3-4:1.0'),0
2025-08-22T00:20:26,nanema-HP,3.4,28.2,49.0,2207518536.0,54087874.0,21,1,1,Device('/sys/devices/pci0000:00/0000:00:14.0/usb3/3-4/3-4:4.0'),0
2025-08-22T00:20:32,nanema-HP,3.8,27.7,49.0,2222469782.0,54586729.0,20,1,1,Device('/sys/devices/pci0000:00/0000:00:14.0/usb3/3-4/3-4:4.1'),0
2025-08-22T00:20:38,nanema-HP,2.2,27.7,48.0,2237576654.0,55089442.0,19,1,1,Device('/sys/devices/pci0000:00/0000:00:14.0/usb3/3-4/3-4:4.2'),0
2025-08-22T00:20:44,nanema-HP,3.8,27.7,48.0,2250751068.0,55519410.0,16,1,-1,Device('/sys/devices/pci0000:00/0000:00:14.0/usb3/3-4/3-4:4.1'),0
2025-08-22T00:20:50,nanema-HP,3.7,27.8,48.0,2266061236.0,56004916.0,16,1,-1,Device('/sys/devices/pci0000:00/0000:00:14.0/usb3/3-4/3-4:4.0'),0
2025-08-22T00:20:56,nanema-HP,3.2,27.9,48.0,2279769236.0,56353854.0,16,1,-1,Device('/sys/devices/pci0000:00/0000:00:14.0/usb3/3-4/3-4:4.2'),0
2025-08-22T00:21:02,nanema-HP,2.5,27.9,48.0,2294881713.0,56780490.0,16,1,-1,Device('/sys/devices/pci0000:00/0000:00:14.0/usb3/3-4'),0
2025-08-22T00:21:08,nanema-HP,1.8,27.9,47.0,2308292969.0,57147662.0,16,1,1,Device('/sys/devices/pci0000:00/0000:00:14.0/usb3/3-4'),0
2025-08-22T00:21:14,nanema-HP,3.3,27.8,47.0,2318508571.0,57390215.0,16,1,1,Device('/sys/devices/pci0000:00/0000:00:14.0/usb3/3-4/3-4:1.0'),0
2025-08-22T00:21:21,nanema-HP,2.9,27.7,47.0,2333289138.0,57731705.0,16,1,-1,Device('/sys/devices/pci0000:00/0000:00:14.0/usb3/3-4/3-4:1.0'),0
2025-08-22T00:21:27,nanema-HP,3.5,27.7,46.0,2348666506.0,58105387.0,16,1,1,Device('/sys/devices/pci0000:00/0000:00:14.0/usb3/3-4/3-4:4.1'),0
2025-08-22T00:21:33,nanema-HP,2.4,27.8,46.0,2363351232.0,58479963.0,15,1,1,Device('/sys/devices/pci0000:00/0000:00:14.0/usb3/3-4/3-4:4.0'),0
2025-08-22T00:21:39,nanema-HP,2.5,27.8,46.0,2377636366.0,58883193.0,15,1,1,Device('/sys/devices/pci0000:00/0000:00:14.0/usb3/3-4/3-4:4.2'),0
2025-08-22T00:21:45,nanema-HP,2.9,27.9,46.0,2391878950.0,59287443.0,15,1,-1,Device('/sys/devices/pci0000:00/0000:00:14.0/usb3/3-4/3-4:4.0'),0
2025-08-22T00:21:51,nanema-HP,2.4,27.9,46.0,2406098058.0,59661931.0,15,1,-1,Device('/sys/devices/pci0000:00/0000:00:14.0/usb3/3-4/3-4:4.1'),0
2025-08-22T00:21:57,nanema-HP,2.4,27.9,45.0,2419907090.0,60055107.0,15,1,-1,Device('/sys/devices/pci0000:00/0000:00:14.0/usb3/3-4/3-4:4.2'),0
2025-08-22T00:22:03,nanema-HP,3.2,27.9,45.0,2435566421.0,60430287.0,15,1,-1,Device('/sys/devices/pci0000:00/0000:00:14.0/usb3/3-4'),0
2025-08-22T00:22:09,nanema-HP,3.6,27.9,45.0,2449315377.0,60759521.0,15,1,1,Device('/sys/devices/pci0000:00/0000:00:14.0/usb3/3-4'),0
2025-08-22T00:22:15,nanema-HP,3.7,27.9,45.0,2464345300.0,61105144.0,15,1,1,Device('/sys/devices/pci0000:00/0000:00:14.0/usb3/3-4/3-4:1.0'),0
2025-08-22T00:22:21,nanema-HP,1.0,27.5,45.0,2474662654.0,61349093.0,15,1,-1,Device('/sys/devices/pci0000:00/0000:00:14.0/usb3/3-4/3-4:1.0'),0
2025-08-22T00:22:28,nanema-HP,1.1,27.6,45.0,2474663340.0,61350029.0,15,1,1,Device('/sys/devices/pci0000:00/0000:00:14.0/usb3/3-4/3-4:4.1'),0
2025-08-22T00:22:34,nanema-HP,0.8,27.6,45.0,2474664144.0,61350917.0,15,1,1,Device('/sys/devices/pci0000:00/0000:00:14.0/usb3/3-4/3-4:4.0'),0
2025-08-22T00:22:40,nanema-HP,1.0,27.6,45.0,2474664900.0,61351677.0,15,1,1,Device('/sys/devices/pci0000:00/0000:00:14.0/usb3/3-4/3-4:4.2'),0
2025-08-22T00:22:46,nanema-HP,0.8,27.7,45.0,2474665696.0,61352391.0,15,1,0,,0
2025-08-22T00:22:52,nanema-HP,1.0,27.7,45.0,2474666296.0,61353077.0,15,1,0,,0
2025-08-22T00:22:58,nanema-HP,1.2,27.8,45.0,2474667200.0,61353979.0,15,1,0,,0
2025-08-22T00:23:04,nanema-HP,1.0,27.3,45.0,2474668229.0,61354693.0,15,1,0,,0
2025-08-22T00:23:10,nanema-HP,0.8,27.3,45.0,2474668829.0,61355293.0,15,1,0,,0
2025-08-22T00:23:17,nanema-HP,0.9,27.4,44.0,2474669429.0,61355979.0,15,1,0,,0
2025-08-22T00:23:23,nanema-HP,1.1,27.4,44.0,2474670429.0,61356895.0,14,1,0,,0
2025-08-22T00:23:29,nanema-HP,0.9,27.5,44.0,2474671071.0,61357537.0,14,1,0,,0
2025-08-22T00:23:35,nanema-HP,0.9,27.5,43.0,2474671808.0,61358137.0,14,1,0,,0
2025-08-22T00:23:41,nanema-HP,1.0,27.3,43.0,2474673534.0,61359265.0,14,1,0,,0
2025-08-22T00:23:47,nanema-HP,1.0,27.4,43.0,2474674134.0,61359865.0,14,1,0,,0
2025-08-22T00:23:53,nanema-HP,1.2,27.4,43.0,2474674734.0,61360465.0,14,1,0,,0
2025-08-22T00:23:59,nanema-HP,1.3,27.4,43.0,2474675638.0,61361367.0,14,1,0,,0
2025-08-22T00:24:05,nanema-HP,1.0,27.3,43.0,2474676709.0,61362317.0,13,1,0,,0
2025-08-22T00:24:12,nanema-HP,0.9,27.3,43.0,2474677309.0,61362917.0,13,1,0,,0
2025-08-22T00:24:18,nanema-HP,0.7,27.3,43.0,2474677909.0,61363517.0,13,1,0,,0
2025-08-22T00:24:24,nanema-HP,1.1,27.4,43.0,2474678705.0,61364231.0,13,1,0,,0
2025-08-22T00:24:30,nanema-HP,0.8,27.4,43.0,2474679509.0,61365033.0,13,1,0,,0
2025-08-22T00:24:36,nanema-HP,1.0,27.4,43.0,2474680109.0,61365633.0,13,1,0,,0
2025-08-22T00:24:42,nanema-HP,0.8,27.4,42.0,2474680905.0,61366347.0,13,1,0,,0
2025-08-22T00:24:48,nanema-HP,0.8,27.4,42.0,2474681505.0,61366947.0,13,1,0,,0
2025-08-22T00:24:54,nanema-HP,0.8,27.5,42.0,2474682409.0,61367849.0,13,1,0,,0
2025-08-22T00:25:00,nanema-HP,1.0,27.5,42.0,2474683438.0,61368563.0,13,1,0,,0
2025-08-22T00:25:07,nanema-HP,0.7,27.5,42.0,2474684038.0,61369163.0,13,1,0,,0
2025-08-22T00:25:13,nanema-HP,1.1,27.5,43.0,2474684638.0,61369763.0,13,1,0,,0
2025-08-22T00:25:19,nanema-HP,0.8,27.5,43.0,2474685238.0,61370363.0,13,1,0,,0
2025-08-22T00:25:25,nanema-HP,0.8,27.5,43.0,2474686280.0,61371321.0,13,1,0,,0
2025-08-22T00:25:31,nanema-HP,1.0,27.5,42.0,2474687622.0,61372514.0,13,1,0,,0
2025-08-22T00:25:37,nanema-HP,0.8,27.6,42.0,2474689366.0,61373935.0,13,1,0,,0
2025-08-22T00:25:43,nanema-HP,0.7,27.6,42.0,2474690452.0,61374929.0,13,1,0,,0
2025-08-22T00:25:49,nanema-HP,0.8,27.7,42.0,2474691052.0,61375529.0,13,1,0,,0
2025-08-22T00:25:55,nanema-HP,0.9,27.7,42.0,2474691752.0,61376229.0,13,1,0,,0
2025-08-22T00:26:02,nanema-HP,0.8,27.8,42.0,2474693135.0,61377445.0,13,1,0,,0
2025-08-22T00:26:08,nanema-HP,1.2,27.8,42.0,2474693735.0,61378045.0,13,1,0,,0
2025-08-22T00:26:14,nanema-HP,1.2,27.8,42.0,2474694539.0,61378847.0,13,1,0,,0
2025-08-22T00:26:20,nanema-HP,0.6,27.4,42.0,2474695139.0,61379447.0,13,1,0,,0
2025-08-22T00:26:26,nanema-HP,1.1,27.3,42.0,2474695935.0,61380161.0,13,1,0,,0
2025-08-22T00:26:32,nanema-HP,0.8,27.3,42.0,2474696535.0,61380761.0,13,1,0,,0
2025-08-22T00:26:38,nanema-HP,0.8,27.3,42.0,2474697339.0,61381563.0,13,1,0,,0
2025-08-22T00:26:44,nanema-HP,0.9,27.4,42.0,2474698135.0,61382277.0,13,1,0,,0
2025-08-22T00:26:50,nanema-HP,0.8,27.4,42.0,2474698735.0,61382877.0,13,1,0,,0
2025-08-22T00:26:57,nanema-HP,0.8,27.5,42.0,2474699639.0,61383779.0,13,1,0,,0
2025-08-22T00:27:03,nanema-HP,0.8,27.5,42.0,2474700668.0,61384493.0,13,1,0,,0
2025-08-22T00:27:09,nanema-HP,0.9,27.2,43.0,2474720958.0,61385393.0,13,1,0,,0
2025-08-22T00:27:15,nanema-HP,0.7,27.3,43.0,2474721558.0,61385993.0,13,1,0,,0
2025-08-22T00:27:21,nanema-HP,1.0,27.3,42.0,2474722558.0,61386909.0,13,1,0,,0
2025-08-22T00:27:27,nanema-HP,0.9,27.4,42.0,2474723286.0,61387629.0,13,1,0,,0
2025-08-22T00:27:33,nanema-HP,1.0,27.5,42.0,2474723886.0,61388229.0,13,1,0,,0
2025-08-22T00:27:39,nanema-HP,0.9,27.4,43.0,2474724486.0,61388829.0,13,1,0,,0
2025-08-22T00:27:45,nanema-HP,0.8,27.4,43.0,2474725642.0,61389839.0,13,1,0,,0
2025-08-22T00:27:52,nanema-HP,1.8,27.4,43.0,2474726342.0,61390539.0,13,1,0,,0
2025-08-22T00:27:58,nanema-HP,1.0,27.4,43.0,2474726942.0,61391139.0,13,1,0,,0
2025-08-22T00:28:04,nanema-HP,0.9,27.5,43.0,2474727971.0,61391853.0,13,1,0,,0
2025-08-22T00:28:10,nanema-HP,1.8,27.5,43.0,2474728775.0,61395743.0,13,1,-1,Device('/sys/devices/pci0000:00/0000:00:14.0/usb3/3-4/3-4:4.0'),0
2025-08-22T00:28:16,nanema-HP,1.0,27.4,43.0,2474729981.0,61396343.0,13,1,-1,Device('/sys/devices/pci0000:00/0000:00:14.0/usb3/3-4/3-4:4.1'),0
2025-08-22T00:28:22,nanema-HP,0.9,27.4,43.0,2474733947.0,61399963.0,13,1,-1,Device('/sys/devices/pci0000:00/0000:00:14.0/usb3/3-4/3-4:4.2'),0
2025-08-22T00:28:28,nanema-HP,0.6,27.4,42.0,2474734791.0,61400605.0,13,1,-1,Device('/sys/devices/pci0000:00/0000:00:14.0/usb3/3-4'),0
2025-08-22T00:28:34,nanema-HP,1.8,27.4,42.0,2474735935.0,61404495.0,13,1,1,Device('/sys/devices/pci0000:00/0000:00:14.0/usb3/3-4'),0
2025-08-22T00:28:41,nanema-HP,0.9,27.4,42.0,2474736901.0,61405209.0,13,1,1,Device('/sys/devices/pci0000:00/0000:00:14.0/usb3/3-4/3-4:1.0'),0
2025-08-22T00:28:47,nanema-HP,0.8,27.4,42.0,2474740671.0,61408715.0,13,1,-1,Device('/sys/devices/pci0000:00/0000:00:14.0/usb3/3-4/3-4:1.0'),0
2025-08-22T00:28:53,nanema-HP,0.8,27.5,42.0,2474741573.0,61409415.0,13,1,1,Device('/sys/devices/pci0000:00/0000:00:14.0/usb3/3-4/3-4:4.1'),0
2025-08-22T00:28:59,nanema-HP,1.0,27.4,43.0,2474742695.0,61410421.0,13,1,1,Device('/sys/devices/pci0000:00/0000:00:14.0/usb3/3-4/3-4:4.0'),0
2025-08-22T00:29:05,nanema-HP,0.9,27.4,43.0,2474743724.0,61411135.0,13,1,1,Device('/sys/devices/pci0000:00/0000:00:14.0/usb3/3-4/3-4:4.2'),0
2025-08-22T00:29:11,nanema-HP,0.8,27.4,43.0,2474744324.0,61411735.0,13,1,0,,0
2025-08-22T00:29:17,nanema-HP,0.9,27.4,42.0,2474744924.0,61412335.0,13,1,0,,0
2025-08-22T00:29:23,nanema-HP,0.8,27.5,42.0,2474745924.0,61413251.0,13,1,0,,0
2025-08-22T00:29:29,nanema-HP,1.3,27.6,42.0,2474746566.0,61413893.0,13,1,0,,0
2025-08-22T00:29:36,nanema-HP,0.8,27.6,42.0,2474747166.0,61414493.0,13,1,0,,0
2025-08-22T00:29:42,nanema-HP,0.8,27.7,42.0,2474748166.0,61415409.0,13,1,0,,0
2025-08-22T00:29:48,nanema-HP,0.8,27.7,42.0,2474748866.0,61416109.0,13,1,0,,0
2025-08-22T00:29:54,nanema-HP,0.9,27.8,42.0,2474749466.0,61416709.0,13,1,0,,0
2025-08-22T00:30:00,nanema-HP,0.9,27.8,42.0,2474750503.0,61417511.0,13,1,0,,0
2025-08-22T00:30:06,nanema-HP,0.8,27.8,43.0,2474751299.0,61418225.0,13,1,0,,0
2025-08-22T00:30:12,nanema-HP,0.6,27.8,43.0,2474751899.0,61418825.0,13,1,0,,0
2025-08-22T00:30:18,nanema-HP,0.8,27.8,42.0,2474752499.0,61419425.0,13,1,0,,0
2025-08-22T00:30:25,nanema-HP,0.8,27.8,42.0,2474753295.0,61420139.0,13,1,0,,0
2025-08-22T00:30:31,nanema-HP,0.9,27.8,42.0,2474754841.0,61421534.0,13,1,0,,0
2025-08-22T00:30:37,nanema-HP,0.9,27.8,43.0,2474756433.0,61422975.0,13,1,0,,0
2025-08-22T00:30:43,nanema-HP,0.9,27.8,43.0,2474757315.0,61423767.0,13,1,0,,0
2025-08-22T00:30:49,nanema-HP,0.9,27.8,43.0,2474758219.0,61424669.0,13,1,0,,0
2025-08-22T00:30:55,nanema-HP,1.0,28.0,43.0,2474759223.0,61431445.0,13,1,-1,Device('/sys/devices/pci0000:00/0000:00:14.0/usb3/3-4/3-4:4.0'),0
2025-08-22T00:31:01,nanema-HP,0.9,28.0,43.0,2474760454.0,61432159.0,13,1,-1,Device('/sys/devices/pci0000:00/0000:00:14.0/usb3/3-4/3-4:4.1'),0
2025-08-22T00:31:07,nanema-HP,0.9,28.0,43.0,2474764426.0,61435665.0,13,1,-1,Device('/sys/devices/pci0000:00/0000:00:14.0/usb3/3-4/3-4:4.2'),0
2025-08-22T00:31:13,nanema-HP,1.0,27.9,43.0,2474765230.0,61436467.0,13,1,-1,Device('/sys/devices/pci0000:00/0000:00:14.0/usb3/3-4'),0
2025-08-22T00:31:20,nanema-HP,1.3,27.9,43.0,2474765830.0,61437067.0,13,1,1,Device('/sys/devices/pci0000:00/0000:00:14.0/usb3/3-4'),0
2025-08-22T00:31:26,nanema-HP,1.3,27.3,42.0,2474766626.0,61437781.0,13,1,1,Device('/sys/devices/pci0000:00/0000:00:14.0/usb3/3-4/3-4:1.0'),0
2025-08-22T00:31:32,nanema-HP,1.0,27.4,42.0,2474767580.0,61438883.0,13,1,-1,Device('/sys/devices/pci0000:00/0000:00:14.0/usb3/3-4/3-4:1.0'),0
2025-08-22T00:31:38,nanema-HP,1.0,27.4,42.0,2474768382.0,61439483.0,13,1,1,Device('/sys/devices/pci0000:00/0000:00:14.0/usb3/3-4/3-4:4.0'),0
2025-08-22T00:31:44,nanema-HP,0.8,27.4,42.0,2474769178.0,61440197.0,13,1,1,Device('/sys/devices/pci0000:00/0000:00:14.0/usb3/3-4/3-4:4.1'),0
2025-08-22T00:31:50,nanema-HP,0.8,27.5,42.0,2474769878.0,61440897.0,13,1,1,Device('/sys/devices/pci0000:00/0000:00:14.0/usb3/3-4/3-4:4.2'),0
2025-08-22T00:31:56,nanema-HP,1.1,27.5,42.0,2474770682.0,61441699.0,13,1,0,,0
2025-08-22T00:32:02,nanema-HP,0.8,27.6,42.0,2474771711.0,61442413.0,13,1,0,,0
2025-08-22T00:32:08,nanema-HP,0.8,27.5,42.0,2474790487.0,61443313.0,13,1,0,,0
2025-08-22T00:32:15,nanema-HP,0.9,27.5,42.0,2474791291.0,61444115.0,13,1,0,,0
2025-08-22T00:32:21,nanema-HP,0.9,27.5,42.0,2474792129.0,61444871.0,13,1,0,,0
2025-08-22T00:32:27,nanema-HP,1.1,27.5,42.0,2474792815.0,61445549.0,13,1,0,,0
2025-08-22T00:32:33,nanema-HP,0.8,27.5,42.0,2474793619.0,61446351.0,13,1,0,,0
2025-08-22T00:32:39,nanema-HP,0.8,27.6,42.0,2474794219.0,61447145.0,13,1,0,,0
2025-08-22T00:32:45,nanema-HP,0.8,27.6,42.0,2474795271.0,61448053.0,13,1,0,,0
2025-08-22T00:32:51,nanema-HP,1.9,27.7,42.0,2474795871.0,61448653.0,13,1,0,,0
2025-08-22T00:32:57,nanema-HP,1.1,27.7,42.0,2474796675.0,61449455.0,13,1,0,,0
2025-08-22T00:33:04,nanema-HP,0.8,27.8,42.0,2474797704.0,61450169.0,13,1,0,,0
2025-08-22T00:33:10,nanema-HP,0.9,27.8,42.0,2474798304.0,61450769.0,13,1,0,,0
2025-08-22T00:33:16,nanema-HP,0.8,27.8,42.0,2474798904.0,61451369.0,13,1,0,,0
2025-08-22T00:33:22,nanema-HP,1.0,27.8,42.0,2474799700.0,61452083.0,13,1,0,,0
2025-08-22T00:33:28,nanema-HP,1.0,27.8,42.0,2474800504.0,61452885.0,13,1,0,,0
2025-08-22T00:33:34,nanema-HP,0.9,27.8,42.0,2474801146.0,61453527.0,13,1,0,,0
2025-08-22T00:33:40,nanema-HP,0.9,27.6,42.0,2474801942.0,61454241.0,13,1,0,,0
2025-08-22T00:33:46,nanema-HP,0.9,27.3,42.0,2474802542.0,61454841.0,13,1,0,,0
2025-08-22T00:33:52,nanema-HP,0.8,27.3,41.0,2474803346.0,61455643.0,13,1,0,,0
2025-08-22T00:33:59,nanema-HP,1.5,27.4,41.0,2474804354.0,61456447.0,13,1,0,,0
2025-08-22T00:34:05,nanema-HP,0.8,27.4,41.0,2474805383.0,61457161.0,13,1,0,,0
2025-08-22T00:34:11,nanema-HP,0.9,27.4,41.0,2474806287.0,61458063.0,13,1,0,,0
2025-08-22T00:34:17,nanema-HP,0.8,27.4,41.0,2474806887.0,61458663.0,13,1,0,,0
2025-08-22T00:34:23,nanema-HP,1.0,27.4,42.0,2474807683.0,61459377.0,13,1,0,,0
2025-08-22T00:34:29,nanema-HP,0.8,27.5,42.0,2474808487.0,61460179.0,13,1,0,,0
2025-08-22T00:34:35,nanema-HP,0.9,27.5,42.0,2474809087.0,61460779.0,13,1,0,,0
2025-08-22T00:34:41,nanema-HP,0.8,27.6,42.0,2474809883.0,61461493.0,13,1,0,,0
2025-08-22T00:34:47,nanema-HP,0.8,27.7,42.0,2474811005.0,61462499.0,13,1,0,,0
2025-08-22T00:34:54,nanema-HP,0.8,27.7,42.0,2474811605.0,61463099.0,13,1,0,,0
2025-08-22T00:35:00,nanema-HP,7.0,28.0,42.0,2474812438.0,61463699.0,13,1,0,,0
2025-08-22T00:35:06,nanema-HP,0.8,27.9,42.0,2474813234.0,61464413.0,13,1,0,,0
2025-08-22T00:35:12,nanema-HP,1.1,27.8,43.0,2474814138.0,61465315.0,13,1,0,,0
2025-08-22T00:35:18,nanema-HP,0.9,27.8,43.0,2474814738.0,61465915.0,13,1,0,,0
2025-08-22T00:35:24,nanema-HP,0.8,27.8,43.0,2474815534.0,61466629.0,13,1,0,,0
2025-08-22T00:35:30,nanema-HP,1.0,27.8,42.0,2474816338.0,61467520.0,13,1,0,,0
2025-08-22T00:35:36,nanema-HP,1.0,27.8,42.0,2474818820.0,61469367.0,13,1,0,,0
2025-08-22T00:35:43,nanema-HP,0.9,27.7,43.0,2474819702.0,61470159.0,13,1,0,,0
2025-08-22T00:35:49,nanema-HP,0.8,27.7,43.0,2474820596.0,61470759.0,13,1,0,,0
2025-08-22T00:35:55,nanema-HP,0.9,27.7,43.0,2474821400.0,61471561.0,13,1,0,,0
2025-08-22T00:36:01,nanema-HP,0.7,27.8,42.0,2474822429.0,61472275.0,13,1,0,,0
2025-08-22T00:36:07,nanema-HP,1.0,27.8,42.0,2474823129.0,61472975.0,13,1,0,,0
2025-08-22T00:36:13,nanema-HP,0.8,27.8,42.0,2474823629.0,61473475.0,13,1,0,,0
2025-08-22T00:36:19,nanema-HP,0.7,27.7,42.0,2474824433.0,61474277.0,13,1,0,,0
2025-08-22T00:36:25,nanema-HP,1.1,27.7,42.0,2474825229.0,61474991.0,13,1,0,,0
2025-08-22T00:36:31,nanema-HP,0.8,27.5,42.0,2474825829.0,61475591.0,13,1,0,,0
2025-08-22T00:36:38,nanema-HP,0.8,27.5,42.0,2474826529.0,61476291.0,13,1,0,,0
2025-08-22T00:36:44,nanema-HP,0.8,27.4,42.0,2474827529.0,61477207.0,13,1,0,,0
2025-08-22T00:36:50,nanema-HP,0.9,27.4,42.0,2474828129.0,61477807.0,13,1,0,,0
2025-08-22T00:36:56,nanema-HP,0.8,27.4,42.0,2474828729.0,61478407.0,13,1,0,,0
2025-08-22T00:37:02,nanema-HP,0.8,27.4,42.0,2474829758.0,61479121.0,13,1,0,,0
2025-08-22T00:37:08,nanema-HP,0.8,27.4,42.0,2474848538.0,61480021.0,13,1,0,,0
2025-08-22T00:37:14,nanema-HP,0.8,27.4,42.0,2474849384.0,61480865.0,13,1,0,,0
2025-08-22T00:37:20,nanema-HP,0.8,27.4,42.0,2474850204.0,61481791.0,13,1,0,,0
2025-08-22T00:37:27,nanema-HP,1.4,27.3,42.0,2474851306.0,61483105.0,13,1,0,,0
2025-08-22T00:37:33,nanema-HP,0.8,27.3,42.0,2474852006.0,61483805.0,13,1,0,,0
2025-08-22T00:37:39,nanema-HP,0.8,27.3,43.0,2474852810.0,61484607.0,13,1,0,,0
2025-08-22T00:37:45,nanema-HP,0.8,27.4,43.0,2474865757.0,61492126.0,15,1,0,,0
2025-08-22T00:37:51,nanema-HP,0.9,27.3,43.0,2474866399.0,61492768.0,15,1,0,,0
2025-08-22T00:37:57,nanema-HP,1.0,27.4,43.0,2474867203.0,61493570.0,15,1,0,,0
2025-08-22T00:38:03,nanema-HP,0.8,27.3,43.0,2474868232.0,61494284.0,15,1,0,,0
2025-08-22T00:38:09,nanema-HP,1.0,27.3,42.0,2474868832.0,61494884.0,15,1,0,,0
2025-08-22T00:38:15,nanema-HP,0.8,27.4,42.0,2474869636.0,61495686.0,15,1,0,,0
2025-08-22T00:38:22,nanema-HP,0.8,27.4,42.0,2474870432.0,61496400.0,15,1,0,,0
2025-08-22T00:38:28,nanema-HP,0.8,27.5,42.0,2474871032.0,61497000.0,15,1,0,,0
2025-08-22T00:38:34,nanema-HP,0.8,27.5,42.0,2474871732.0,61497700.0,15,1,0,,0
2025-08-22T00:38:40,nanema-HP,0.9,27.6,42.0,2474876754.0,61499294.0,15,1,0,,0
2025-08-22T00:38:46,nanema-HP,0.8,27.6,42.0,2474877636.0,61500086.0,15,1,0,,0
2025-08-22T00:38:52,nanema-HP,1.8,27.7,42.0,2474878236.0,61500686.0,15,1,0,,0
2025-08-22T00:38:58,nanema-HP,1.0,27.7,43.0,2474878836.0,61501286.0,15,1,0,,0
2025-08-22T00:39:04,nanema-HP,0.9,27.9,43.0,2474880069.0,61508378.0,15,1,-1,Device('/sys/devices/pci0000:00/0000:00:14.0/usb3/3-4/3-4:4.0'),0
2025-08-22T00:39:11,nanema-HP,0.9,27.9,43.0,2474882515.0,61510773.0,15,1,-1,Device('/sys/devices/pci0000:00/0000:00:14.0/usb3/3-4/3-4:4.1'),0
2025-08-22T00:39:17,nanema-HP,0.8,27.9,43.0,2474884481.0,61512526.0,15,1,-1,Device('/sys/devices/pci0000:00/0000:00:14.0/usb3/3-4/3-4:4.2'),0
2025-08-22T00:39:23,nanema-HP,0.8,27.5,43.0,2474885277.0,61513240.0,15,1,-1,Device('/sys/devices/pci0000:00/0000:00:14.0/usb3/3-4'),0
2025-08-22T00:39:29,nanema-HP,1.3,27.5,42.0,2474886181.0,61514142.0,15,1,1,Device('/sys/devices/pci0000:00/0000:00:14.0/usb3/3-4'),0
2025-08-22T00:39:35,nanema-HP,1.0,27.3,42.0,2474886823.0,61514784.0,15,1,1,Device('/sys/devices/pci0000:00/0000:00:14.0/usb3/3-4/3-4:1.0'),0
2025-08-22T00:39:41,nanema-HP,0.9,27.3,42.0,2474887883.0,61515934.0,15,1,-1,Device('/sys/devices/pci0000:00/0000:00:14.0/usb3/3-4/3-4:1.0'),0
2025-08-22T00:39:47,nanema-HP,1.1,27.3,42.0,2474888773.0,61516814.0,15,1,1,Device('/sys/devices/pci0000:00/0000:00:14.0/usb3/3-4/3-4:4.0'),0
2025-08-22T00:39:53,nanema-HP,0.8,27.3,42.0,2474889373.0,61517414.0,15,1,1,Device('/sys/devices/pci0000:00/0000:00:14.0/usb3/3-4/3-4:4.1'),0
2025-08-22T00:40:00,nanema-HP,1.1,27.4,42.0,2474890206.0,61518014.0,15,1,1,Device('/sys/devices/pci0000:00/0000:00:14.0/usb3/3-4/3-4:4.2'),0
2025-08-22T00:40:06,nanema-HP,0.8,27.4,43.0,2474891002.0,61518728.0,15,1,0,,0
2025-08-22T00:40:12,nanema-HP,1.0,27.4,43.0,2474891806.0,61519530.0,15,1,0,,0
2025-08-22T00:40:18,nanema-HP,0.7,27.5,43.0,2474892406.0,61520130.0,15,1,0,,0
2025-08-22T00:40:24,nanema-HP,1.0,27.5,43.0,2474893302.0,61520944.0,15,1,0,,0
2025-08-22T00:40:30,nanema-HP,0.8,27.6,43.0,2474893902.0,61521544.0,15,1,0,,0
2025-08-22T00:40:36,nanema-HP,1.1,27.6,42.0,2474896780.0,61524326.0,15,1,0,,0
2025-08-22T00:40:42,nanema-HP,1.1,27.6,42.0,2474897780.0,61525242.0,15,1,0,,0
2025-08-22T00:40:48,nanema-HP,0.8,27.7,42.0,2474898380.0,61525842.0,15,1,0,,0
2025-08-22T00:40:55,nanema-HP,0.9,27.7,42.0,2474898980.0,61526442.0,15,1,0,,0
2025-08-22T00:41:01,nanema-HP,2.3,27.9,42.0,2474900009.0,61533332.0,15,1,-1,Device('/sys/devices/pci0000:00/0000:00:14.0/usb3/3-4/3-4:4.0'),0
2025-08-22T00:41:07,nanema-HP,0.8,27.9,42.0,2474900609.0,61533932.0,15,1,-1,Device('/sys/devices/pci0000:00/0000:00:14.0/usb3/3-4/3-4:4.1'),0
2025-08-22T00:41:13,nanema-HP,0.7,27.4,42.0,2474904583.0,61537640.0,15,1,-1,Device('/sys/devices/pci0000:00/0000:00:14.0/usb3/3-4/3-4:4.2'),0
2025-08-22T00:41:19,nanema-HP,0.8,27.4,42.0,2474905225.0,61538282.0,15,1,-1,Device('/sys/devices/pci0000:00/0000:00:14.0/usb3/3-4'),0
2025-08-22T00:41:25,nanema-HP,0.9,27.3,42.0,2474906121.0,61539096.0,15,1,1,Device('/sys/devices/pci0000:00/0000:00:14.0/usb3/3-4'),0
2025-08-22T00:41:31,nanema-HP,1.8,27.4,42.0,2474906721.0,61539696.0,15,1,1,Device('/sys/devices/pci0000:00/0000:00:14.0/usb3/3-4/3-4:1.0'),0
2025-08-22T00:41:37,nanema-HP,1.1,27.3,42.0,2474907751.0,61540702.0,13,1,-1,Device('/sys/devices/pci0000:00/0000:00:14.0/usb3/3-4/3-4:1.0'),0
2025-08-22T00:41:43,nanema-HP,1.0,27.3,43.0,2474908547.0,61541416.0,13,1,1,Device('/sys/devices/pci0000:00/0000:00:14.0/usb3/3-4/3-4:4.0'),0
2025-08-22T00:41:50,nanema-HP,0.9,27.4,43.0,2474909147.0,61542016.0,13,1,1,Device('/sys/devices/pci0000:00/0000:00:14.0/usb3/3-4/3-4:4.1'),0
2025-08-22T00:41:56,nanema-HP,0.8,27.4,42.0,2474909747.0,61542616.0,13,1,1,Device('/sys/devices/pci0000:00/0000:00:14.0/usb3/3-4/3-4:4.2'),0
2025-08-22T00:42:02,nanema-HP,0.9,27.5,42.0,2474911298.0,61543736.0,13,1,0,,0
2025-08-22T00:42:08,nanema-HP,1.0,27.5,42.0,2474930577.0,61544636.0,13,1,0,,0
2025-08-22T00:42:14,nanema-HP,0.9,27.5,43.0,2474931177.0,61545236.0,13,1,0,,0
2025-08-22T00:42:20,nanema-HP,0.8,27.5,43.0,2474931877.0,61545936.0,13,1,0,,0
2025-08-22T00:42:26,nanema-HP,1.1,27.5,43.0,2474932759.0,61546728.0,13,1,0,,0
2025-08-22T00:42:32,nanema-HP,0.8,27.5,43.0,2474933563.0,61547530.0,13,1,0,,0
2025-08-22T00:42:38,nanema-HP,0.8,27.6,43.0,2474934205.0,61548172.0,13,1,0,,0
2025-08-22T00:42:45,nanema-HP,0.8,27.6,43.0,2474935157.0,61549046.0,13,1,0,,0
2025-08-22T00:42:51,nanema-HP,0.8,27.7,43.0,2474935757.0,61549646.0,13,1,0,,0
2025-08-22T00:42:57,nanema-HP,0.8,27.7,43.0,2474936357.0,61550246.0,13,1,0,,0
2025-08-22T00:43:03,nanema-HP,0.7,27.7,43.0,2474937590.0,61551162.0,13,1,0,,0
2025-08-22T00:43:09,nanema-HP,0.8,27.7,43.0,2474938190.0,61551762.0,13,1,0,,0
2025-08-22T00:43:15,nanema-HP,0.8,27.7,42.0,2474938790.0,61552362.0,13,1,0,,0
2025-08-22T00:43:21,nanema-HP,0.8,27.7,42.0,2474939890.0,61553378.0,13,1,0,,0
2025-08-22T00:43:27,nanema-HP,0.9,27.7,42.0,2474940490.0,61553978.0,13,1,0,,0
2025-08-22T00:43:34,nanema-HP,0.8,27.8,42.0,2474941090.0,61554578.0,13,1,0,,0
2025-08-22T00:43:40,nanema-HP,0.8,28.0,42.0,2475004588.0,61563001.0,14,1,0,,0
2025-08-22T00:43:46,nanema-HP,0.7,27.8,42.0,2475005716.0,61564037.0,14,1,0,,0
2025-08-22T00:43:52,nanema-HP,1.2,27.8,43.0,2475011844.0,61575235.0,15,1,0,,0
2025-08-22T00:43:58,nanema-HP,0.8,27.8,43.0,2475012648.0,61576037.0,15,1,0,,0
2025-08-22T00:44:04,nanema-HP,1.3,27.8,43.0,2475013677.0,61576751.0,15,1,0,,0
2025-08-22T00:44:10,nanema-HP,0.8,27.7,43.0,2475014277.0,61577351.0,15,1,0,,0
2025-08-22T00:44:16,nanema-HP,0.9,27.7,43.0,2475015181.0,61578253.0,15,1,0,,0
2025-08-22T00:44:22,nanema-HP,0.8,27.7,43.0,2475015977.0,61578967.0,15,1,0,,0
2025-08-22T00:44:29,nanema-HP,1.0,27.8,43.0,2475016577.0,61579567.0,15,1,0,,0
2025-08-22T00:44:35,nanema-HP,1.0,27.8,43.0,2475017177.0,61580167.0,15,1,0,,0
2025-08-22T00:44:41,nanema-HP,0.9,27.7,43.0,2475018177.0,61581083.0,14,1,0,,0
2025-08-22T00:44:47,nanema-HP,0.8,27.7,43.0,2475018777.0,61581683.0,14,1,0,,0
2025-08-22T00:44:53,nanema-HP,1.0,27.8,43.0,2475019502.0,61582494.0,14,1,0,,0
2025-08-22T00:44:59,nanema-HP,1.0,27.7,43.0,2475020392.0,61583374.0,14,1,0,,0
2025-08-22T00:45:05,nanema-HP,1.0,27.7,43.0,2475021421.0,61584088.0,14,1,0,,0
2025-08-22T00:45:11,nanema-HP,0.8,27.7,43.0,2475022021.0,61584688.0,14,1,0,,0
2025-08-22T00:45:18,nanema-HP,0.9,27.7,43.0,2475023065.0,61585596.0,14,1,0,,0
2025-08-22T00:45:24,nanema-HP,1.0,27.7,43.0,2475024065.0,61586512.0,14,1,0,,0
2025-08-22T00:45:30,nanema-HP,1.3,27.9,43.0,2475024665.0,61587112.0,14,1,0,,0
2025-08-22T00:45:36,nanema-HP,0.8,27.8,43.0,2475027151.0,61589126.0,14,1,0,,0
2025-08-22T00:45:42,nanema-HP,0.8,27.8,42.0,2475028033.0,61589918.0,14,1,0,,0
2025-08-22T00:45:48,nanema-HP,0.7,27.8,42.0,2475028837.0,61590720.0,14,1,0,,0
2025-08-22T00:45:54,nanema-HP,0.8,27.7,42.0,2475029562.0,61591531.0,14,1,0,,0
2025-08-22T00:46:00,nanema-HP,0.9,27.7,42.0,2475030591.0,61592245.0,14,1,0,,0
2025-08-22T00:46:06,nanema-HP,1.2,27.7,42.0,2475031395.0,61593047.0,14,1,0,,0
2025-08-22T00:46:13,nanema-HP,0.8,27.7,42.0,2475032095.0,61593747.0,14,1,0,,0
2025-08-22T00:46:19,nanema-HP,0.8,27.7,42.0,2475032695.0,61594347.0,14,1,0,,0
2025-08-22T00:46:25,nanema-HP,1.0,27.7,42.0,2475033695.0,61595263.0,14,1,0,,0
2025-08-22T00:46:31,nanema-HP,0.8,27.7,42.0,2475034459.0,61596027.0,14,1,0,,0
2025-08-22T00:46:37,nanema-HP,0.9,27.6,42.0,2475035554.0,61596627.0,14,1,0,,0
2025-08-22T00:46:43,nanema-HP,0.8,27.3,42.0,2475036620.0,61597662.0,14,1,0,,0
2025-08-22T00:46:49,nanema-HP,0.9,27.3,42.0,2475037749.0,61598562.0,14,1,0,,0
2025-08-22T00:46:55,nanema-HP,1.3,27.4,42.0,2475038788.0,61599580.0,14,1,0,,0
2025-08-22T00:47:01,nanema-HP,1.3,27.4,42.0,2475041003.0,61601056.0,14,1,0,,0
2025-08-22T00:47:08,nanema-HP,1.1,27.4,42.0,2475061722.0,61602192.0,14,1,0,,0
2025-08-22T00:47:14,nanema-HP,0.8,27.4,42.0,2475062914.0,61603172.0,14,1,0,,0
2025-08-22T00:47:20,nanema-HP,0.8,27.5,43.0,2475063556.0,61603814.0,14,1,0,,0
2025-08-22T00:47:26,nanema-HP,1.0,27.5,43.0,2475064438.0,61604606.0,14,1,0,,0
2025-08-22T00:47:32,nanema-HP,0.9,27.6,43.0,2475065038.0,61605206.0,14,1,0,,0
2025-08-22T00:47:38,nanema-HP,0.9,27.6,43.0,2475065704.0,61605942.0,14,1,0,,0
2025-08-22T00:47:44,nanema-HP,1.0,27.6,43.0,2475067021.0,61607021.0,13,1,0,,0
2025-08-22T00:47:50,nanema-HP,0.8,27.7,43.0,2475068057.0,61607849.0,13,1,0,,0
2025-08-22T00:47:56,nanema-HP,1.2,27.7,43.0,2475068947.0,61608729.0,13,1,0,,0
2025-08-22T00:48:03,nanema-HP,1.0,27.8,43.0,2475069976.0,61609443.0,13,1,0,,0
2025-08-22T00:48:09,nanema-HP,0.8,27.8,43.0,2475070576.0,61610043.0,13,1,0,,0
2025-08-22T00:48:15,nanema-HP,1.0,27.8,43.0,2475071276.0,61610743.0,13,1,0,,0
2025-08-22T00:48:21,nanema-HP,1.1,27.8,43.0,2475072276.0,61611659.0,13,1,0,,0
2025-08-22T00:48:27,nanema-HP,0.9,27.7,42.0,2475072954.0,61612345.0,13,1,0,,0
2025-08-22T00:48:33,nanema-HP,1.2,27.7,42.0,2475074246.0,61613023.0,13,1,0,,0
2025-08-22T00:48:39,nanema-HP,0.8,27.8,42.0,2475074846.0,61613623.0,13,1,0,,0
2025-08-22T00:48:45,nanema-HP,0.8,27.8,42.0,2475075844.0,61614337.0,13,1,0,,0
2025-08-22T00:48:51,nanema-HP,1.0,27.8,42.0,2475076648.0,61615139.0,13,1,0,,0
2025-08-22T00:48:58,nanema-HP,0.8,27.8,42.0,2475077248.0,61615739.0,13,1,0,,0
2025-08-22T00:49:04,nanema-HP,1.0,27.8,42.0,2475078277.0,61616453.0,13,1,0,,0
2025-08-22T00:49:10,nanema-HP,0.8,27.8,42.0,2475079259.0,61617441.0,13,1,0,,0
2025-08-22T00:49:16,nanema-HP,0.8,27.7,42.0,2475079945.0,61618119.0,13,1,0,,0
2025-08-22T00:49:22,nanema-HP,0.8,27.7,42.0,2475080741.0,61618833.0,13,1,0,,0
2025-08-22T00:49:28,nanema-HP,0.8,27.7,43.0,2475081341.0,61619433.0,13,1,0,,0
2025-08-22T00:49:34,nanema-HP,1.2,27.8,43.0,2475082779.0,61620723.0,13,1,0,,0
2025-08-22T00:49:40,nanema-HP,0.9,27.8,43.0,2475083907.0,61621953.0,13,1,0,,0
2025-08-22T00:49:47,nanema-HP,1.2,27.9,44.0,2475084709.0,61628729.0,13,1,-1,Device('/sys/devices/pci0000:00/0000:00:14.0/usb3/3-4/3-4:4.0'),0
2025-08-22T00:49:53,nanema-HP,0.8,27.9,44.0,2475085613.0,61629229.0,13,1,-1,Device('/sys/devices/pci0000:00/0000:00:14.0/usb3/3-4/3-4:4.1'),0
2025-08-22T00:49:59,nanema-HP,1.0,28.0,44.0,2475089383.0,61632735.0,13,1,-1,Device('/sys/devices/pci0000:00/0000:00:14.0/usb3/3-4/3-4:4.2'),0
2025-08-22T00:50:05,nanema-HP,0.6,28.0,43.0,2475090918.0,61633751.0,13,1,-1,Device('/sys/devices/pci0000:00/0000:00:14.0/usb3/3-4'),0
2025-08-22T00:50:11,nanema-HP,0.8,28.0,43.0,2475092005.0,61634756.0,13,1,1,Device('/sys/devices/pci0000:00/0000:00:14.0/usb3/3-4'),0
2025-08-22T00:50:17,nanema-HP,1.0,28.0,43.0,2475105316.0,61665071.0,15,1,1,Device('/sys/devices/pci0000:00/0000:00:14.0/usb3/3-4/3-4:1.0'),0
2025-08-22T00:50:23,nanema-HP,0.8,27.9,43.0,2475105916.0,61665671.0,15,1,-1,Device('/sys/devices/pci0000:00/0000:00:14.0/usb3/3-4/3-4:1.0'),0
2025-08-22T00:50:29,nanema-HP,1.0,27.9,43.0,2475106718.0,61666271.0,15,1,1,Device('/sys/devices/pci0000:00/0000:00:14.0/usb3/3-4/3-4:4.1'),0
2025-08-22T00:50:35,nanema-HP,0.8,27.9,44.0,2475109232.0,61668333.0,15,1,1,Device('/sys/devices/pci0000:00/0000:00:14.0/usb3/3-4/3-4:4.0'),0
2025-08-22T00:50:42,nanema-HP,0.9,27.9,44.0,2475109832.0,61668933.0,15,1,1,Device('/sys/devices/pci0000:00/0000:00:14.0/usb3/3-4/3-4:4.2'),0
2025-08-22T00:50:48,nanema-HP,1.0,27.9,44.0,2475110636.0,61669735.0,15,1,0,,0
2025-08-22T00:50:54,nanema-HP,1.1,27.9,43.0,2475111236.0,61670335.0,15,1,0,,0
2025-08-22T00:51:00,nanema-HP,1.2,27.7,43.0,2475112343.0,61671135.0,15,1,0,,0
2025-08-22T00:51:06,nanema-HP,1.9,27.7,43.0,2475113535.0,61672115.0,15,1,0,,0
2025-08-22T00:51:12,nanema-HP,0.9,27.7,43.0,2475114649.0,61672825.0,15,1,0,,0
2025-08-22T00:51:18,nanema-HP,1.2,27.7,43.0,2475116071.0,61674241.0,15,1,0,,0
2025-08-22T00:51:24,nanema-HP,0.8,27.7,43.0,2475116671.0,61674841.0,15,1,0,,0
2025-08-22T00:51:30,nanema-HP,1.4,27.8,43.0,2475117271.0,61675441.0,15,1,0,,0
2025-08-22T00:51:37,nanema-HP,1.0,27.8,43.0,2475118067.0,61676155.0,15,1,0,,0
2025-08-22T00:51:43,nanema-HP,0.8,27.6,43.0,2475118871.0,61676957.0,15,1,0,,0
2025-08-22T00:51:49,nanema-HP,0.8,27.6,43.0,2475119471.0,61677557.0,15,1,0,,0
2025-08-22T00:51:55,nanema-HP,0.8,27.6,43.0,2475120267.0,61678271.0,15,1,0,,0
2025-08-22T00:52:01,nanema-HP,0.7,27.4,43.0,2475121100.0,61678871.0,15,1,0,,0
2025-08-22T00:52:07,nanema-HP,0.7,27.4,43.0,2475140458.0,61680073.0,15,1,0,,0
2025-08-22T00:52:13,nanema-HP,0.8,27.4,44.0,2475141532.0,61681095.0,15,1,0,,0
2025-08-22T00:52:19,nanema-HP,0.8,27.4,44.0,2475142414.0,61681887.0,15,1,0,,0
2025-08-22T00:52:26,nanema-HP,0.8,27.4,44.0,2475143260.0,61682731.0,15,1,0,,0
2025-08-22T00:52:32,nanema-HP,0.8,27.5,44.0,2475143860.0,61683331.0,15,1,0,,0
2025-08-22T00:52:38,nanema-HP,0.8,27.3,44.0,2475144656.0,61684045.0,15,1,0,,0
2025-08-22T00:52:44,nanema-HP,0.7,27.3,44.0,2475145616.0,61684941.0,15,1,0,,0
2025-08-22T00:52:50,nanema-HP,0.8,27.4,44.0,2475146216.0,61685541.0,15,1,0,,0
2025-08-22T00:52:56,nanema-HP,1.0,27.4,44.0,2475147012.0,61686255.0,15,1,0,,0
2025-08-22T00:53:02,nanema-HP,0.8,27.5,44.0,2475147945.0,61686955.0,15,1,0,,0
2025-08-22T00:53:08,nanema-HP,0.8,27.4,44.0,2475149289.0,61688399.0,15,1,0,,0
2025-08-22T00:53:15,nanema-HP,0.8,27.5,44.0,2475150171.0,61689191.0,15,1,0,,0
2025-08-22T00:53:21,nanema-HP,0.9,27.4,44.0,2475151085.0,61690103.0,15,1,0,,0
2025-08-22T00:53:27,nanema-HP,1.2,27.5,44.0,2475151685.0,61690703.0,15,1,0,,0
2025-08-22T00:53:33,nanema-HP,0.8,27.6,43.0,2475152693.0,61691507.0,15,1,0,,0
2025-08-22T00:53:39,nanema-HP,1.1,27.6,43.0,2475153720.0,61692363.0,15,1,0,,0
2025-08-22T00:53:45,nanema-HP,0.9,27.6,43.0,2475154524.0,61693165.0,15,1,0,,0
2025-08-22T00:53:51,nanema-HP,0.8,27.7,43.0,2475155696.0,61694112.0,15,1,0,,0
2025-08-22T00:53:57,nanema-HP,0.9,27.7,43.0,2475156950.0,61695068.0,15,1,0,,0
2025-08-22T00:54:03,nanema-HP,1.0,27.8,43.0,2475157783.0,61695668.0,15,1,0,,0
2025-08-22T00:54:10,nanema-HP,1.2,27.8,43.0,2475158587.0,61696470.0,13,1,0,,0
2025-08-22T00:54:16,nanema-HP,0.9,27.7,43.0,2475159383.0,61697184.0,13,1,0,,0
2025-08-22T00:54:22,nanema-HP,0.9,27.8,44.0,2475159983.0,61697784.0,13,1,0,,0
2025-08-22T00:54:28,nanema-HP,0.7,27.8,44.0,2475160583.0,61698384.0,13,1,0,,0
2025-08-22T00:54:34,nanema-HP,1.1,27.8,44.0,2475161387.0,61699186.0,13,1,0,,0
2025-08-22T00:54:40,nanema-HP,1.0,27.8,44.0,2475162183.0,61699900.0,13,1,0,,0
2025-08-22T00:54:46,nanema-HP,0.9,27.8,44.0,2475162783.0,61700500.0,13,1,0,,0
2025-08-22T00:54:52,nanema-HP,0.8,27.8,43.0,2475163383.0,61701100.0,13,1,0,,0
2025-08-22T00:54:58,nanema-HP,1.0,27.7,43.0,2475164483.0,61702116.0,13,1,0,,0
2025-08-22T00:55:05,nanema-HP,0.8,27.7,43.0,2475165316.0,61702716.0,13,1,0,,0
2025-08-22T00:55:11,nanema-HP,0.9,27.7,44.0,2475165916.0,61703316.0,13,1,0,,0
2025-08-22T00:55:17,nanema-HP,0.8,27.7,44.0,2475166712.0,61704030.0,13,1,0,,0
2025-08-22T00:55:23,nanema-HP,1.1,27.7,44.0,2475167516.0,61704832.0,13,1,0,,0
2025-08-22T00:55:29,nanema-HP,0.8,27.7,44.0,2475168116.0,61705432.0,13,1,0,,0
2025-08-22T00:55:35,nanema-HP,0.9,27.7,44.0,2475170764.0,61707430.0,13,1,0,,0
2025-08-22T00:55:41,nanema-HP,0.7,27.7,44.0,2475171696.0,61708352.0,13,1,0,,0
2025-08-22T00:55:47,nanema-HP,0.8,27.7,44.0,2475172296.0,61708952.0,13,1,0,,0
2025-08-22T00:55:54,nanema-HP,0.7,27.7,44.0,2475172996.0,61709652.0,13,1,0,,0
2025-08-22T00:56:00,nanema-HP,0.8,27.7,43.0,2475174229.0,61710568.0,13,1,0,,0
2025-08-22T00:56:06,nanema-HP,0.5,27.7,43.0,2475174829.0,61711168.0,13,1,0,,0
2025-08-22T00:56:12,nanema-HP,1.6,27.7,43.0,2475175429.0,61711768.0,13,1,0,,0
2025-08-22T00:56:18,nanema-HP,0.9,27.7,44.0,2475176429.0,61712684.0,13,1,0,,0
2025-08-22T00:56:24,nanema-HP,0.8,27.7,44.0,2475177029.0,61713284.0,13,1,0,,0
2025-08-22T00:56:30,nanema-HP,0.9,27.7,43.0,2475177629.0,61713884.0,13,1,0,,0
2025-08-22T00:56:36,nanema-HP,1.0,27.7,43.0,2475178425.0,61714598.0,13,1,0,,0
2025-08-22T00:56:43,nanema-HP,1.1,27.7,43.0,2475179229.0,61715400.0,13,1,0,,0
2025-08-22T00:56:49,nanema-HP,0.8,27.7,44.0,2475179929.0,61716100.0,13,1,0,,0
2025-08-22T00:56:55,nanema-HP,0.8,27.7,44.0,2475180725.0,61716814.0,13,1,0,,0
2025-08-22T00:57:01,nanema-HP,0.9,27.4,44.0,2475181558.0,61717414.0,13,1,0,,0
2025-08-22T00:57:07,nanema-HP,0.8,27.4,44.0,2475201884.0,61718366.0,13,1,0,,0
2025-08-22T00:57:13,nanema-HP,0.8,27.4,44.0,2475202708.0,61719116.0,13,1,0,,0
2025-08-22T00:57:19,nanema-HP,0.9,27.4,44.0,2475203504.0,61719830.0,13,1,0,,0
2025-08-22T00:57:25,nanema-HP,0.9,27.5,44.0,2475204190.0,61720508.0,13,1,0,,0
2025-08-22T00:57:31,nanema-HP,1.5,27.6,44.0,2475204790.0,61721108.0,13,1,0,,0
2025-08-22T00:57:38,nanema-HP,0.9,27.6,44.0,2475205790.0,61722134.0,13,1,0,,0
2025-08-22T00:57:44,nanema-HP,1.0,27.6,44.0,2475206630.0,61722912.0,13,1,0,,0
2025-08-22T00:57:50,nanema-HP,1.0,27.7,44.0,2475207330.0,61723612.0,13,1,0,,0
2025-08-22T00:57:56,nanema-HP,1.1,27.8,44.0,2475208526.0,61724716.0,13,1,0,,0
2025-08-22T00:58:02,nanema-HP,0.9,27.8,44.0,2475209359.0,61725316.0,13,1,0,,0
2025-08-22T00:58:08,nanema-HP,1.0,27.8,43.0,2475209959.0,61725916.0,13,1,0,,0
2025-08-22T00:58:14,nanema-HP,0.8,27.8,43.0,2475210763.0,61726718.0,13,1,0,,0
2025-08-22T00:58:20,nanema-HP,0.8,27.8,43.0,2475211559.0,61727432.0,13,1,0,,0
2025-08-22T00:58:27,nanema-HP,1.3,27.8,43.0,2475212159.0,61728032.0,13,1,0,,0
2025-08-22T00:58:33,nanema-HP,0.8,27.8,43.0,2475212759.0,61728632.0,13,1,0,,0
2025-08-22T00:58:39,nanema-HP,0.8,27.8,43.0,2475213555.0,61729346.0,13,1,0,,0
2025-08-22T00:58:45,nanema-HP,0.8,27.8,43.0,2475214459.0,61730248.0,13,1,0,,0
2025-08-22T00:58:51,nanema-HP,0.8,27.8,43.0,2475215059.0,61730848.0,13,1,0,,0
2025-08-22T00:58:57,nanema-HP,0.8,27.7,43.0,2475215855.0,61731562.0,13,1,0,,0
2025-08-22T00:59:03,nanema-HP,0.8,27.8,43.0,2475216892.0,61732364.0,13,1,0,,0
2025-08-22T00:59:09,nanema-HP,0.8,27.8,43.0,2475217492.0,61732964.0,13,1,0,,0
2025-08-22T00:59:15,nanema-HP,0.8,27.8,43.0,2475218288.0,61733678.0,13,1,0,,0
2025-08-22T00:59:22,nanema-HP,0.7,27.8,43.0,2475218888.0,61734278.0,13,1,0,,0
2025-08-22T00:59:28,nanema-HP,0.9,27.8,43.0,2475219692.0,61735080.0,13,1,0,,0
2025-08-22T00:59:34,nanema-HP,0.8,27.8,43.0,2475220292.0,61735680.0,13,1,0,,0
2025-08-22T00:59:40,nanema-HP,0.9,27.8,43.0,2475221188.0,61736494.0,13,1,0,,0
2025-08-22T00:59:46,nanema-HP,0.8,27.8,44.0,2475221990.0,61737094.0,13,1,0,,0
2025-08-22T00:59:52,nanema-HP,0.8,27.8,44.0,2475222590.0,61737694.0,13,1,0,,0
2025-08-22T00:59:58,nanema-HP,0.8,27.8,44.0,2475224118.0,61738610.0,13,1,0,,0
2025-08-22T01:00:04,nanema-HP,0.7,27.8,44.0,2475225257.0,61739252.0,13,1,0,,0
2025-08-22T01:00:11,nanema-HP,0.6,27.8,44.0,2475225857.0,61739852.0,13,1,0,,0
2025-08-22T01:00:17,nanema-HP,0.9,27.8,44.0,2475226857.0,61740768.0,13,1,0,,0
2025-08-22T01:00:23,nanema-HP,1.0,27.8,44.0,2475227457.0,61741368.0,13,1,0,,0
2025-08-22T01:00:29,nanema-HP,0.8,27.8,44.0,2475228057.0,61741968.0,13,1,0,,0
2025-08-22T01:00:35,nanema-HP,1.8,27.8,43.0,2475231796.0,61744700.0,13,1,0,,0
2025-08-22T01:00:41,nanema-HP,1.0,27.8,43.0,2475232728.0,61745622.0,13,1,0,,0
2025-08-22T01:00:47,nanema-HP,0.9,27.8,43.0,2475233644.0,61746426.0,13,1,0,,0
2025-08-22T01:00:53,nanema-HP,0.9,27.8,43.0,2475234448.0,61747228.0,13,1,0,,0
2025-08-22T01:00:59,nanema-HP,1.5,27.8,43.0,2475235477.0,61747942.0,13,1,0,,0
2025-08-22T01:01:06,nanema-HP,0.9,27.8,43.0,2475236077.0,61748542.0,13,1,0,,0
2025-08-22T01:01:12,nanema-HP,0.8,27.8,43.0,2475236677.0,61749142.0,13,1,0,,0
2025-08-22T01:01:18,nanema-HP,1.0,27.8,43.0,2475237473.0,61749856.0,13,1,0,,0
2025-08-22T01:01:24,nanema-HP,1.0,27.8,43.0,2475238277.0,61750658.0,13,1,0,,0
2025-08-22T01:01:30,nanema-HP,1.0,27.8,43.0,2475238877.0,61751258.0,13,1,0,,0
2025-08-22T01:01:36,nanema-HP,1.0,27.9,43.0,2475239773.0,61752072.0,13,1,0,,0
2025-08-22T01:01:42,nanema-HP,1.0,27.8,43.0,2475240373.0,61752672.0,13,1,0,,0
2025-08-22T01:01:48,nanema-HP,1.3,27.8,43.0,2475241177.0,61753474.0,13,1,0,,0
2025-08-22T01:01:55,nanema-HP,0.9,27.7,43.0,2475241973.0,61754188.0,13,1,0,,0
2025-08-22T01:02:01,nanema-HP,0.9,27.3,43.0,2475242806.0,61754788.0,13,1,0,,0
2025-08-22T01:02:07,nanema-HP,1.0,27.3,43.0,2475262404.0,61755674.0,13,1,0,,0
2025-08-22T01:02:13,nanema-HP,2.0,27.4,43.0,2475263474.0,61756532.0,13,1,0,,0
2025-08-22T01:02:19,nanema-HP,0.9,27.4,43.0,2475264270.0,61757246.0,13,1,0,,0
2025-08-22T01:02:25,nanema-HP,0.9,27.5,43.0,2475265160.0,61758126.0,13,1,0,,0
2025-08-22T01:02:31,nanema-HP,0.8,27.5,44.0,2475265860.0,61758826.0,13,1,0,,0
2025-08-22T01:02:37,nanema-HP,0.8,27.6,44.0,2475266656.0,61759540.0,13,1,0,,0
2025-08-22T01:02:43,nanema-HP,0.8,27.6,43.0,2475267412.0,61760234.0,13,1,0,,0
2025-08-22T01:02:50,nanema-HP,1.1,27.7,43.0,2475268216.0,61761036.0,13,1,0,,0
2025-08-22T01:02:56,nanema-HP,0.9,27.7,43.0,2475269012.0,61761750.0,13,1,0,,0
2025-08-22T01:03:02,nanema-HP,0.9,27.7,43.0,2475269845.0,61762350.0,13,1,0,,0
2025-08-22T01:03:08,nanema-HP,0.8,27.7,43.0,2475270649.0,61763152.0,13,1,0,,0
2025-08-22T01:03:14,nanema-HP,0.8,27.7,43.0,2475271249.0,61763752.0,13,1,0,,0
2025-08-22T01:03:20,nanema-HP,0.9,27.7,43.0,2475272045.0,61764466.0,13,1,0,,0
2025-08-22T01:03:26,nanema-HP,1.2,27.7,43.0,2475272745.0,61765166.0,13,1,0,,0
2025-08-22T01:03:32,nanema-HP,0.8,27.9,43.0,2475273549.0,61765968.0,13,1,0,,0
2025-08-22T01:03:39,nanema-HP,0.8,27.8,43.0,2475274345.0,61766682.0,13,1,0,,0
2025-08-22T01:03:45,nanema-HP,0.8,27.8,43.0,2475275171.0,61767487.0,13,1,0,,0
2025-08-22T01:03:51,nanema-HP,0.7,27.8,43.0,2475275975.0,61768289.0,13,1,0,,0
2025-08-22T01:03:57,nanema-HP,0.8,27.8,43.0,2475276771.0,61769003.0,13,1,0,,0
2025-08-22T01:04:03,nanema-HP,0.7,27.7,43.0,2475277604.0,61769603.0,13,1,0,,0
2025-08-22T01:04:09,nanema-HP,1.2,27.7,43.0,2475278204.0,61770203.0,13,1,0,,0
2025-08-22T01:04:15,nanema-HP,0.9,27.7,43.0,2475279000.0,61771053.0,13,1,0,,0
2025-08-22T01:04:21,nanema-HP,1.0,27.7,44.0,2475279846.0,61771761.0,13,1,0,,0
2025-08-22T01:04:27,nanema-HP,1.0,27.4,44.0,2475280546.0,61772461.0,13,1,0,,0
2025-08-22T01:04:34,nanema-HP,1.0,27.5,44.0,2475281350.0,61773263.0,13,1,0,,0
2025-08-22T01:04:40,nanema-HP,0.9,27.3,43.0,2475282146.0,61773977.0,13,1,0,,0
2025-08-22T01:04:46,nanema-HP,1.0,27.3,43.0,2475282746.0,61774577.0,13,1,0,,0
2025-08-22T01:04:52,nanema-HP,0.8,27.3,43.0,2475283346.0,61775177.0,13,1,0,,0
2025-08-22T01:04:58,nanema-HP,0.9,27.4,43.0,2475284142.0,61775891.0,13,1,0,,0
2025-08-22T01:05:04,nanema-HP,0.8,27.4,43.0,2475285179.0,61776693.0,13,1,0,,0
2025-08-22T01:05:10,nanema-HP,0.8,27.4,44.0,2475285779.0,61777293.0,13,1,0,,0
2025-08-22T01:05:16,nanema-HP,0.6,27.4,44.0,2475286575.0,61778007.0,13,1,0,,0
2025-08-22T01:05:23,nanema-HP,0.7,27.4,44.0,2475287275.0,61778707.0,13,1,0,,0
2025-08-22T01:05:29,nanema-HP,0.8,27.5,43.0,2475288079.0,61779509.0,13,1,0,,0
2025-08-22T01:05:35,nanema-HP,0.9,27.6,43.0,2475290785.0,61781669.0,13,1,0,,0
2025-08-22T01:05:41,nanema-HP,0.9,27.6,43.0,2475291579.0,61782525.0,13,1,0,,0
2025-08-22T01:05:47,nanema-HP,1.0,27.6,43.0,2475292317.0,61783191.0,13,1,0,,0
2025-08-22T01:05:53,nanema-HP,0.9,27.6,43.0,2475292917.0,61783791.0,13,1,0,,0
2025-08-22T01:05:59,nanema-HP,0.8,27.3,43.0,2475293713.0,61784505.0,13,1,0,,0
2025-08-22T01:06:05,nanema-HP,0.8,27.3,43.0,2475294750.0,61785307.0,13,1,0,,0
2025-08-22T01:06:11,nanema-HP,0.8,27.3,43.0,2475295350.0,61785907.0,13,1,0,,0
2025-08-22T01:06:18,nanema-HP,0.8,27.4,43.0,2475296246.0,61786721.0,13,1,0,,0
2025-08-22T01:06:24,nanema-HP,0.8,27.4,43.0,2475296956.0,61787431.0,13,1,0,,0
2025-08-22T01:06:30,nanema-HP,1.0,27.5,43.0,2475297642.0,61788109.0,13,1,0,,0
2025-08-22T01:06:36,nanema-HP,0.9,27.5,43.0,2475298642.0,61789025.0,13,1,0,,0
2025-08-22T01:06:42,nanema-HP,0.9,27.6,43.0,2475299242.0,61789625.0,13,1,0,,0
2025-08-22T01:06:48,nanema-HP,1.0,27.6,43.0,2475299842.0,61790225.0,13,1,0,,0
2025-08-22T01:06:54,nanema-HP,1.2,27.7,43.0,2475300442.0,61790825.0,13,1,0,,0
2025-08-22T01:07:00,nanema-HP,0.7,27.3,43.0,2475301675.0,61791741.0,13,1,0,,0
2025-08-22T01:07:07,nanema-HP,1.2,27.3,43.0,2475322249.0,61792641.0,13,1,0,,0
2025-08-22T01:07:13,nanema-HP,1.9,27.3,43.0,2475323139.0,61793377.0,13,1,0,,0
2025-08-22T01:07:19,nanema-HP,0.9,27.4,43.0,2475324215.0,61794299.0,13,1,0,,0
2025-08-22T01:07:25,nanema-HP,0.9,27.4,43.0,2475324901.0,61794977.0,13,1,0,,0
2025-08-22T01:07:31,nanema-HP,0.9,27.5,43.0,2475325501.0,61795577.0,13,1,0,,0
2025-08-22T01:07:37,nanema-HP,0.8,27.6,44.0,2475326297.0,61796291.0,13,1,0,,0
2025-08-22T01:07:43,nanema-HP,0.8,27.6,44.0,2475327415.0,61797415.0,13,1,0,,0
2025-08-22T01:07:49,nanema-HP,1.3,27.6,44.0,2475328057.0,61798057.0,13,1,0,,0
2025-08-22T01:07:55,nanema-HP,0.8,27.7,43.0,2475329057.0,61798973.0,13,1,0,,0
2025-08-22T01:08:02,nanema-HP,0.9,27.7,43.0,2475329890.0,61799573.0,13,1,0,,0
2025-08-22T01:08:08,nanema-HP,1.0,27.7,43.0,2475330490.0,61800173.0,13,1,0,,0
2025-08-22T01:08:14,nanema-HP,0.9,27.7,43.0,2475331394.0,61801075.0,13,1,0,,0
2025-08-22T01:08:20,nanema-HP,0.8,27.7,43.0,2475332190.0,61801789.0,13,1,0,,0
2025-08-22T01:08:26,nanema-HP,1.3,27.7,44.0,2475332994.0,61802591.0,13,1,0,,0
2025-08-22T01:08:32,nanema-HP,0.8,27.7,44.0,2475333594.0,61803191.0,13,1,0,,0
2025-08-22T01:08:38,nanema-HP,1.2,27.7,43.0,2475334390.0,61803905.0,13,1,0,,0
2025-08-22T01:08:44,nanema-HP,0.8,27.7,43.0,2475335128.0,61804707.0,13,1,0,,0
2025-08-22T01:08:51,nanema-HP,0.7,27.7,43.0,2475335770.0,61805349.0,13,1,0,,0
2025-08-22T01:08:57,nanema-HP,0.8,27.7,43.0,2475336566.0,61806063.0,13,1,0,,0
2025-08-22T01:09:03,nanema-HP,0.9,27.3,43.0,2475337603.0,61806865.0,13,1,0,,0
2025-08-22T01:09:09,nanema-HP,0.8,27.3,43.0,2475338203.0,61807465.0,13,1,0,,0
2025-08-22T01:09:15,nanema-HP,0.8,27.4,43.0,2475339099.0,61808279.0,13,1,0,,0
2025-08-22T01:09:21,nanema-HP,0.8,27.4,43.0,2475339699.0,61808879.0,13,1,0,,0
2025-08-22T01:09:27,nanema-HP,1.0,27.5,43.0,2475340503.0,61809681.0,13,1,0,,0
2025-08-22T01:09:33,nanema-HP,0.9,27.7,43.0,2475341145.0,61810323.0,13,1,0,,0
2025-08-22T01:09:39,nanema-HP,0.8,27.7,43.0,2475341941.0,61811037.0,13,1,0,,0
2025-08-22T01:09:46,nanema-HP,0.8,27.7,44.0,2475342541.0,61811637.0,13,1,0,,0
2025-08-22T01:09:52,nanema-HP,0.7,27.7,44.0,2475343345.0,61812439.0,13,1,0,,0
2025-08-22T01:09:58,nanema-HP,0.8,27.8,44.0,2475344141.0,61813153.0,13,1,0,,0
2025-08-22T01:10:04,nanema-HP,0.9,27.8,44.0,2475344974.0,61813753.0,13,1,0,,0
2025-08-22T01:10:10,nanema-HP,0.8,27.8,44.0,2475345878.0,61814655.0,13,1,0,,0
2025-08-22T01:10:16,nanema-HP,0.7,27.8,43.0,2475346716.0,61815411.0,13,1,0,,0
2025-08-22T01:10:22,nanema-HP,0.9,27.8,43.0,2475347316.0,61816011.0,13,1,0,,0
2025-08-22T01:10:28,nanema-HP,0.7,27.8,43.0,2475347916.0,61816611.0,13,1,0,,0
2025-08-22T01:10:35,nanema-HP,0.9,27.8,43.0,2475350420.0,61818631.0,13,1,0,,0
2025-08-22T01:10:41,nanema-HP,0.9,27.7,43.0,2475351352.0,61819553.0,13,1,0,,0
2025-08-22T01:10:47,nanema-HP,1.0,27.7,43.0,2475351952.0,61820153.0,13,1,0,,0
2025-08-22T01:10:53,nanema-HP,0.9,27.7,43.0,2475352552.0,61820753.0,13,1,0,,0
2025-08-22T01:10:59,nanema-HP,1.1,27.7,43.0,2475353348.0,61821467.0,13,1,0,,0
2025-08-22T01:11:05,nanema-HP,1.0,27.7,43.0,2475354281.0,61822167.0,13,1,0,,0
2025-08-22T01:11:11,nanema-HP,1.1,27.7,43.0,2475355085.0,61822969.0,13,1,0,,0
2025-08-22T01:11:17,nanema-HP,0.7,27.7,43.0,2475355881.0,61823683.0,13,1,0,,0
2025-08-22T01:11:23,nanema-HP,0.8,27.7,43.0,2475356481.0,61824283.0,13,1,0,,0
2025-08-22T01:11:30,nanema-HP,0.8,27.7,43.0,2475357081.0,61824883.0,13,1,0,,0
2025-08-22T01:11:36,nanema-HP,0.8,27.8,43.0,2475358081.0,61825799.0,13,1,0,,0
2025-08-22T01:11:42,nanema-HP,0.8,27.8,43.0,2475358681.0,61826399.0,13,1,0,,0
2025-08-22T01:11:48,nanema-HP,0.8,27.7,43.0,2475359281.0,61826999.0,13,1,0,,0
2025-08-22T01:11:54,nanema-HP,0.8,27.7,43.0,2475360085.0,61827801.0,13,1,0,,0
2025-08-22T01:12:00,nanema-HP,1.3,27.3,43.0,2475361023.0,61828657.0,13,1,0,,0
2025-08-22T01:12:06,nanema-HP,1.0,27.3,43.0,2475380961.0,61829257.0,13,1,0,,0
2025-08-22T01:12:12,nanema-HP,0.8,27.3,44.0,2475382181.0,61830401.0,13,1,0,,0
2025-08-22T01:12:19,nanema-HP,0.8,27.4,44.0,2475383283.0,61831229.0,13,1,0,,0
2025-08-22T01:12:25,nanema-HP,0.8,27.4,44.0,2475383969.0,61831907.0,13,1,0,,0
2025-08-22T01:12:31,nanema-HP,1.1,27.7,44.0,2475384569.0,61838683.0,13,1,-1,Device('/sys/devices/pci0000:00/0000:00:14.0/usb3/3-4/3-4:4.0'),0
2025-08-22T01:12:37,nanema-HP,1.2,27.8,44.0,2475385569.0,61839599.0,13,1,-1,Device('/sys/devices/pci0000:00/0000:00:14.0/usb3/3-4/3-4:4.1'),0
2025-08-22T01:12:43,nanema-HP,0.9,27.8,44.0,2475389537.0,61843241.0,13,1,-1,Device('/sys/devices/pci0000:00/0000:00:14.0/usb3/3-4/3-4:4.2'),0
2025-08-22T01:12:49,nanema-HP,0.8,27.3,44.0,2475390179.0,61843883.0,13,1,-1,Device('/sys/devices/pci0000:00/0000:00:14.0/usb3/3-4'),0
2025-08-22T01:12:55,nanema-HP,0.9,27.4,44.0,2475390975.0,61844597.0,13,1,1,Device('/sys/devices/pci0000:00/0000:00:14.0/usb3/3-4'),0
2025-08-22T01:13:01,nanema-HP,0.8,27.4,43.0,2475392012.0,61845399.0,13,1,1,Device('/sys/devices/pci0000:00/0000:00:14.0/usb3/3-4/3-4:1.0'),0
2025-08-22T01:13:08,nanema-HP,1.1,27.4,43.0,2475392612.0,61845999.0,13,1,-1,Device('/sys/devices/pci0000:00/0000:00:14.0/usb3/3-4/3-4:1.0'),0
2025-08-22T01:13:14,nanema-HP,0.9,27.4,43.0,2475393212.0,61846599.0,13,1,1,Device('/sys/devices/pci0000:00/0000:00:14.0/usb3/3-4/3-4:4.0'),0
2025-08-22T01:13:20,nanema-HP,0.9,27.7,43.0,2475401695.0,61853390.0,13,1,1,Device('/sys/devices/pci0000:00/0000:00:14.0/usb3/3-4/3-4:4.1'),0
2025-08-22T01:13:26,nanema-HP,0.8,27.6,43.0,2475402523.0,61854210.0,13,1,1,Device('/sys/devices/pci0000:00/0000:00:14.0/usb3/3-4/3-4:4.2'),0
2025-08-22T01:13:32,nanema-HP,0.9,27.6,43.0,2475403123.0,61854810.0,13,1,0,,0
2025-08-22T01:13:38,nanema-HP,1.1,27.5,43.0,2475404123.0,61855726.0,13,1,0,,0
2025-08-22T01:13:44,nanema-HP,0.8,27.5,43.0,2475404723.0,61856326.0,13,1,0,,0
2025-08-22T01:13:50,nanema-HP,0.9,27.5,43.0,2475405323.0,61856926.0,13,1,0,,0
2025-08-22T01:13:56,nanema-HP,1.0,27.5,43.0,2475411990.0,61868493.0,14,1,0,,0
2025-08-22T01:14:03,nanema-HP,1.3,27.5,43.0,2475434264.0,61888501.0,14,1,0,,0
2025-08-22T01:14:09,nanema-HP,0.9,27.4,43.0,2475435700.0,61889101.0,14,1,0,,0
2025-08-22T01:14:15,nanema-HP,1.1,27.4,43.0,2475436496.0,61889815.0,14,1,0,,0
2025-08-22T01:14:21,nanema-HP,1.0,27.4,43.0,2475437196.0,61890515.0,14,1,0,,0
2025-08-22T01:14:27,nanema-HP,1.0,27.5,43.0,2475437796.0,61891251.0,14,1,0,,0
2025-08-22T01:14:33,nanema-HP,1.3,27.5,43.0,2475438642.0,61891959.0,14,1,0,,0
2025-08-22T01:14:39,nanema-HP,1.1,27.6,43.0,2475439438.0,61892673.0,14,1,0,,0
2025-08-22T01:14:45,nanema-HP,0.9,27.6,43.0,2475440038.0,61893273.0,14,1,0,,0
2025-08-22T01:14:52,nanema-HP,1.1,27.6,42.0,2475440967.0,61894286.0,14,1,0,,0
2025-08-22T01:14:58,nanema-HP,0.9,27.7,42.0,2475441959.0,61895188.0,14,1,0,,0
2025-08-22T01:15:04,nanema-HP,0.8,27.7,42.0,2475442792.0,61895788.0,14,1,0,,0
2025-08-22T01:15:10,nanema-HP,0.8,27.3,41.0,2475443392.0,61896388.0,14,1,0,,0
2025-08-22T01:15:16,nanema-HP,0.9,27.3,41.0,2475444288.0,61897202.0,14,1,0,,0
2025-08-22T01:15:22,nanema-HP,0.9,27.4,41.0,2475445092.0,61898004.0,14,1,0,,0
2025-08-22T01:15:28,nanema-HP,0.8,27.4,41.0,2475445807.0,61898719.0,14,1,0,,0
2025-08-22T01:15:34,nanema-HP,0.8,27.5,41.0,2475448483.0,61901041.0,15,1,0,,0
2025-08-22T01:15:41,nanema-HP,0.8,27.4,41.0,2475449321.0,61901797.0,15,1,0,,0
2025-08-22T01:15:47,nanema-HP,0.9,27.4,41.0,2475450125.0,61902599.0,15,1,0,,0
2025-08-22T01:15:53,nanema-HP,0.9,27.4,41.0,2475451168.0,61903614.0,15,1,0,,0
2025-08-22T01:15:59,nanema-HP,1.2,27.5,41.0,2475452254.0,61904608.0,15,1,0,,0
2025-08-22T01:16:05,nanema-HP,0.8,27.3,41.0,2475453087.0,61905208.0,15,1,0,,0
2025-08-22T01:16:11,nanema-HP,0.9,27.3,41.0,2475453787.0,61905908.0,15,1,0,,0
2025-08-22T01:16:17,nanema-HP,1.2,27.4,41.0,2475454583.0,61906622.0,15,1,0,,0
2025-08-22T01:16:23,nanema-HP,0.9,27.4,41.0,2475455387.0,61907424.0,15,1,0,,0
2025-08-22T01:16:29,nanema-HP,0.8,27.4,41.0,2475455987.0,61908024.0,15,1,0,,0
2025-08-22T01:16:36,nanema-HP,1.0,27.4,41.0,2475456783.0,61908738.0,14,1,0,,0
2025-08-22T01:16:42,nanema-HP,0.8,27.5,41.0,2475457383.0,61909338.0,14,1,0,,0
2025-08-22T01:16:48,nanema-HP,1.2,27.5,41.0,2475458457.0,61910461.0,14,1,0,,0
2025-08-22T01:16:54,nanema-HP,1.0,27.5,41.0,2475459185.0,61911181.0,14,1,0,,0
2025-08-22T01:17:00,nanema-HP,1.2,27.4,41.0,2475460214.0,61911895.0,14,1,0,,0
2025-08-22T01:17:06,nanema-HP,1.2,27.4,41.0,2475479650.0,61912495.0,14,1,0,,0
2025-08-22T01:17:12,nanema-HP,0.8,27.4,41.0,2475480724.0,61913495.0,14,1,0,,0
2025-08-22T01:17:18,nanema-HP,0.9,27.4,42.0,2475481766.0,61914453.0,14,1,0,,0
2025-08-22T01:17:24,nanema-HP,1.1,27.3,42.0,2475482366.0,61915053.0,14,1,0,,0
2025-08-22T01:17:31,nanema-HP,0.8,27.4,42.0,2475482966.0,61915653.0,14,1,0,,0
2025-08-22T01:17:37,nanema-HP,0.8,27.4,41.0,2475483966.0,61916569.0,14,1,0,,0
2025-08-22T01:17:43,nanema-HP,0.8,27.4,41.0,2475484740.0,61917325.0,13,1,0,,0
2025-08-22T01:17:49,nanema-HP,0.8,27.4,41.0,2475495850.0,61927693.0,15,1,0,,0
2025-08-22T01:17:55,nanema-HP,1.0,27.4,41.0,2475546033.0,61939519.0,16,1,0,,0
2025-08-22T01:18:01,nanema-HP,0.8,27.4,41.0,2475547136.0,61940315.0,15,1,0,,0
2025-08-22T01:18:07,nanema-HP,0.8,27.4,41.0,2475547836.0,61941015.0,15,1,0,,0
2025-08-22T01:18:13,nanema-HP,0.9,27.4,41.0,2475548540.0,61941717.0,15,1,0,,0
2025-08-22T01:18:20,nanema-HP,0.8,27.4,41.0,2475549336.0,61942431.0,15,1,0,,0
2025-08-22T01:18:26,nanema-HP,1.0,27.4,41.0,2475550140.0,61943233.0,15,1,0,,0
2025-08-22T01:18:32,nanema-HP,0.8,27.5,41.0,2475550740.0,61943833.0,15,1,0,,0
2025-08-22T01:18:38,nanema-HP,0.8,27.5,41.0,2475551636.0,61944647.0,15,1,0,,0
2025-08-22T01:18:44,nanema-HP,0.9,27.6,41.0,2475552625.0,61945636.0,15,1,0,,0
2025-08-22T01:18:50,nanema-HP,1.1,27.6,41.0,2475553515.0,61946516.0,15,1,0,,0
2025-08-22T01:18:56,nanema-HP,0.8,27.7,41.0,2475554311.0,61947230.0,15,1,0,,0
2025-08-22T01:19:02,nanema-HP,1.3,27.7,41.0,2475555144.0,61947830.0,15,1,0,,0
2025-08-22T01:19:09,nanema-HP,0.9,27.4,41.0,2475555744.0,61948430.0,15,1,0,,0
2025-08-22T01:19:15,nanema-HP,0.8,27.4,41.0,2475556744.0,61949346.0,15,1,0,,0
2025-08-22T01:19:21,nanema-HP,0.8,27.4,41.0,2475557344.0,61949946.0,15,1,0,,0
2025-08-22T01:19:27,nanema-HP,1.3,27.4,42.0,2475557944.0,61950546.0,15,1,0,,0
2025-08-22T01:19:33,nanema-HP,1.6,27.5,42.0,2475558644.0,61951246.0,15,1,0,,0
2025-08-22T01:19:39,nanema-HP,0.9,27.5,42.0,2475559644.0,61952162.0,15,1,0,,0
2025-08-22T01:19:45,nanema-HP,0.8,27.5,41.0,2475560481.0,61953151.0,15,1,0,,0
2025-08-22T01:19:51,nanema-HP,0.8,27.5,41.0,2475561167.0,61953829.0,15,1,0,,0
2025-08-22T01:19:58,nanema-HP,0.9,27.5,41.0,2475562167.0,61954745.0,15,1,0,,0
2025-08-22T01:20:04,nanema-HP,0.8,27.3,41.0,2475563000.0,61955345.0,15,1,0,,0
2025-08-22T01:20:10,nanema-HP,0.9,27.4,41.0,2475563600.0,61955945.0,15,1,0,,0
2025-08-22T01:20:16,nanema-HP,0.9,27.3,41.0,2475564396.0,61956659.0,15,1,0,,0
2025-08-22T01:20:22,nanema-HP,1.0,27.4,41.0,2475565200.0,61957461.0,15,1,0,,0
2025-08-22T01:20:28,nanema-HP,0.9,27.4,41.0,2475565942.0,61958203.0,15,1,0,,0
2025-08-22T01:20:34,nanema-HP,0.9,27.4,42.0,2475568320.0,61960105.0,15,1,0,,0
2025-08-22T01:20:40,nanema-HP,0.9,27.3,42.0,2475569548.0,61961621.0,15,1,0,,0
2025-08-22T01:20:46,nanema-HP,0.9,27.3,42.0,2475570352.0,61962423.0,15,1,0,,0
2025-08-22T01:20:53,nanema-HP,1.0,27.3,41.0,2475570952.0,61963023.0,15,1,0,,0
2025-08-22T01:20:59,nanema-HP,1.0,27.4,41.0,2475572168.0,61964055.0,15,1,0,,0
2025-08-22T01:21:05,nanema-HP,1.0,27.4,41.0,2475573205.0,61964857.0,15,1,0,,0
2025-08-22T01:21:11,nanema-HP,1.0,27.4,41.0,2475573805.0,61965457.0,15,1,0,,0
2025-08-22T01:21:17,nanema-HP,1.2,27.4,41.0,2475574601.0,61966171.0,15,1,0,,0
2025-08-22T01:21:23,nanema-HP,1.0,27.5,42.0,2475575505.0,61967073.0,15,1,0,,0
2025-08-22T01:21:29,nanema-HP,0.8,27.6,42.0,2475576105.0,61967673.0,15,1,0,,0
2025-08-22T01:21:35,nanema-HP,0.7,27.7,42.0,2475576901.0,61968387.0,15,1,0,,0
2025-08-22T01:21:42,nanema-HP,0.8,27.7,42.0,2475577501.0,61968987.0,13,1,0,,0
2025-08-22T01:21:48,nanema-HP,0.8,27.7,42.0,2475578305.0,61969789.0,13,1,0,,0
2025-08-22T01:21:54,nanema-HP,0.8,27.7,41.0,2475579097.0,61970731.0,13,1,0,,0
2025-08-22T01:22:00,nanema-HP,1.0,27.3,41.0,2475580126.0,61971445.0,13,1,0,,0
2025-08-22T01:22:06,nanema-HP,1.2,27.3,41.0,2475595669.0,61972045.0,13,1,0,,0
2025-08-22T01:22:12,nanema-HP,0.8,27.3,41.0,2475596493.0,61972645.0,13,1,0,,0
2025-08-22T01:22:18,nanema-HP,0.8,27.3,41.0,2475597593.0,61973661.0,13,1,0,,0
2025-08-22T01:22:24,nanema-HP,0.7,27.3,41.0,2475598321.0,61974381.0,13,1,0,,0
2025-08-22T01:22:31,nanema-HP,0.9,27.4,41.0,2475598921.0,61974981.0,13,1,0,,0
2025-08-22T01:22:37,nanema-HP,0.8,27.4,41.0,2475599921.0,61975897.0,13,1,0,,0
2025-08-22T01:22:43,nanema-HP,0.9,27.4,41.0,2475600521.0,61976497.0,13,1,0,,0
2025-08-22T01:22:49,nanema-HP,0.8,27.4,41.0,2475604592.0,61980352.0,14,1,0,,0
2025-08-22T01:22:55,nanema-HP,1.0,27.5,41.0,2475605516.0,61981186.0,14,1,0,,0
2025-08-22T01:23:01,nanema-HP,1.0,27.5,41.0,2475606553.0,61981988.0,14,1,0,,0
2025-08-22T01:23:07,nanema-HP,0.7,27.5,41.0,2475607195.0,61982630.0,14,1,0,,0
2025-08-22T01:23:13,nanema-HP,0.8,27.4,41.0,2475607895.0,61983330.0,14,1,0,,0
2025-08-22T01:23:19,nanema-HP,1.6,27.4,41.0,2475608691.0,61984044.0,14,1,0,,0
2025-08-22T01:23:26,nanema-HP,0.8,27.4,41.0,2475609291.0,61984644.0,14,1,0,,0
2025-08-22T01:23:32,nanema-HP,0.8,27.5,41.0,2475610095.0,61985446.0,14,1,0,,0
2025-08-22T01:23:38,nanema-HP,1.0,27.6,41.0,2475610891.0,61986160.0,14,1,0,,0
2025-08-22T01:23:44,nanema-HP,0.8,27.6,41.0,2475611491.0,61986760.0,14,1,0,,0
2025-08-22T01:23:50,nanema-HP,0.9,27.6,42.0,2475612952.0,61988325.0,13,1,0,,0
2025-08-22T01:23:56,nanema-HP,0.8,27.7,42.0,2475625587.0,62017644.0,16,1,0,,0
2025-08-22T01:24:02,nanema-HP,0.8,27.7,42.0,2475626666.0,62018488.0,16,1,0,,0
2025-08-22T01:24:08,nanema-HP,0.9,27.4,42.0,2475627366.0,62019188.0,16,1,0,,0
2025-08-22T01:24:15,nanema-HP,1.2,27.4,42.0,2475628162.0,62019902.0,16,1,0,,0
2025-08-22T01:24:21,nanema-HP,0.8,27.4,41.0,2475628966.0,62020704.0,16,1,0,,0
2025-08-22T01:24:27,nanema-HP,1.2,27.4,41.0,2475629566.0,62021304.0,16,1,0,,0
2025-08-22T01:24:33,nanema-HP,1.1,27.4,41.0,2475630566.0,62022220.0,16,1,0,,0
2025-08-22T01:24:39,nanema-HP,0.8,27.4,41.0,2475631166.0,62022820.0,16,1,0,,0
2025-08-22T01:24:45,nanema-HP,0.8,27.4,41.0,2475631898.0,62023638.0,16,1,0,,0
2025-08-22T01:24:51,nanema-HP,0.8,27.4,41.0,2475633124.0,62024940.0,16,1,0,,0
2025-08-22T01:24:57,nanema-HP,0.8,27.4,41.0,2475633920.0,62025654.0,16,1,0,,0
2025-08-22T01:25:04,nanema-HP,1.0,27.3,41.0,2475634753.0,62026254.0,16,1,0,,0
2025-08-22T01:25:10,nanema-HP,1.0,27.3,42.0,2475635353.0,62026854.0,16,1,0,,0
2025-08-22T01:25:16,nanema-HP,0.8,27.3,42.0,2475636353.0,62027770.0,16,1,0,,0
2025-08-22T01:25:22,nanema-HP,0.8,27.3,42.0,2475636995.0,62028412.0,16,1,0,,0
2025-08-22T01:25:28,nanema-HP,0.7,27.3,41.0,2475637595.0,62029012.0,16,1,0,,0
2025-08-22T01:25:34,nanema-HP,1.3,27.4,41.0,2475640331.0,62031198.0,16,1,0,,0
2025-08-22T01:25:40,nanema-HP,0.9,27.3,42.0,2475641607.0,62032541.0,15,1,0,,0
2025-08-22T01:25:46,nanema-HP,0.9,27.3,42.0,2475642207.0,62033141.0,15,1,0,,0
2025-08-22T01:25:53,nanema-HP,0.8,27.3,42.0,2475643057.0,62034163.0,15,1,0,,0
2025-08-22T01:25:59,nanema-HP,1.1,27.3,42.0,2475643853.0,62034877.0,15,1,0,,0
2025-08-22T01:26:05,nanema-HP,0.8,27.3,42.0,2475644686.0,62035477.0,15,1,0,,0
2025-08-22T01:26:11,nanema-HP,0.9,27.3,42.0,2475645640.0,62036641.0,15,1,0,,0
2025-08-22T01:26:17,nanema-HP,0.8,27.3,42.0,2475646478.0,62037397.0,15,1,0,,0
2025-08-22T01:26:23,nanema-HP,0.7,27.3,42.0,2475647078.0,62037997.0,15,1,0,,0
2025-08-22T01:26:29,nanema-HP,0.8,27.3,41.0,2475647778.0,62038697.0,15,1,0,,0
2025-08-22T01:26:35,nanema-HP,0.8,27.3,41.0,2475648574.0,62039411.0,15,1,0,,0
2025-08-22T01:26:41,nanema-HP,0.9,27.3,41.0,2475649378.0,62040213.0,15,1,0,,0
2025-08-22T01:26:48,nanema-HP,0.7,27.3,41.0,2475650616.0,62041565.0,15,1,0,,0
2025-08-22T01:26:54,nanema-HP,0.8,27.3,41.0,2475651498.0,62042357.0,15,1,0,,0
2025-08-22T01:27:00,nanema-HP,1.0,27.3,41.0,2475652535.0,62043159.0,15,1,0,,0
2025-08-22T01:27:06,nanema-HP,1.2,27.3,41.0,2475672014.0,62043759.0,15,1,0,,0
2025-08-22T01:27:12,nanema-HP,1.1,27.3,41.0,2475672988.0,62044659.0,15,1,0,,0
2025-08-22T01:27:18,nanema-HP,1.0,27.3,41.0,2475673870.0,62045451.0,15,1,0,,0
2025-08-22T01:27:24,nanema-HP,1.0,27.3,41.0,2475674716.0,62046295.0,15,1,0,,0
2025-08-22T01:27:30,nanema-HP,1.0,27.3,41.0,2475675416.0,62046995.0,15,1,0,,0
2025-08-22T01:27:36,nanema-HP,0.8,27.4,42.0,2475676212.0,62047709.0,15,1,0,,0
2025-08-22T01:27:43,nanema-HP,1.1,27.3,42.0,2475677016.0,62048511.0,15,1,0,,0
2025-08-22T01:27:49,nanema-HP,0.8,27.3,41.0,2475677772.0,62049271.0,13,1,0,,0
2025-08-22T01:27:55,nanema-HP,0.8,27.3,41.0,2475678610.0,62050027.0,13,1,0,,0
2025-08-22T01:28:01,nanema-HP,0.8,27.3,41.0,2475679443.0,62050627.0,13,1,0,,0
2025-08-22T01:28:07,nanema-HP,0.9,27.3,41.0,2475680247.0,62051429.0,13,1,0,,0
2025-08-22T01:28:13,nanema-HP,0.8,27.3,41.0,2475681043.0,62052143.0,13,1,0,,0
2025-08-22T01:28:19,nanema-HP,0.8,27.3,41.0,2475681643.0,62052743.0,13,1,0,,0
2025-08-22T01:28:25,nanema-HP,0.8,27.2,42.0,2475682343.0,62053443.0,13,1,0,,0
2025-08-22T01:28:32,nanema-HP,0.7,27.2,42.0,2475683147.0,62054245.0,13,1,0,,0
2025-08-22T01:28:38,nanema-HP,0.7,27.3,42.0,2475683985.0,62055001.0,13,1,0,,0
2025-08-22T01:28:44,nanema-HP,0.8,27.3,42.0,2475684585.0,62055601.0,13,1,0,,0
2025-08-22T01:28:50,nanema-HP,0.8,27.3,42.0,2475685389.0,62056403.0,13,1,0,,0
2025-08-22T01:28:56,nanema-HP,0.8,27.3,41.0,2475686185.0,62057117.0,13,1,0,,0
2025-08-22T01:29:02,nanema-HP,0.8,27.3,41.0,2475687018.0,62057717.0,13,1,0,,0
2025-08-22T01:29:08,nanema-HP,0.9,27.3,41.0,2475687822.0,62058519.0,13,1,0,,0
2025-08-22T01:29:14,nanema-HP,1.0,27.3,41.0,2475688660.0,62059275.0,13,1,0,,0
2025-08-22T01:29:21,nanema-HP,0.8,27.3,41.0,2475689360.0,62059975.0,13,1,0,,0
2025-08-22T01:29:27,nanema-HP,1.3,27.3,41.0,2475689960.0,62060575.0,13,1,0,,0
2025-08-22T01:29:33,nanema-HP,1.0,27.3,41.0,2475690960.0,62061491.0,13,1,0,,0
2025-08-22T01:29:39,nanema-HP,1.0,27.3,41.0,2475691602.0,62062133.0,13,1,0,,0
2025-08-22T01:29:45,nanema-HP,0.8,27.3,41.0,2475692202.0,62062733.0,13,1,0,,0
2025-08-22T01:29:51,nanema-HP,1.0,27.3,41.0,2475693006.0,62063535.0,13,1,0,,0
2025-08-22T01:29:57,nanema-HP,0.8,27.3,41.0,2475693802.0,62064249.0,13,1,0,,0
2025-08-22T01:30:03,nanema-HP,1.4,27.3,41.0,2475694635.0,62064849.0,13,1,0,,0
2025-08-22T01:30:09,nanema-HP,1.0,27.3,41.0,2475695235.0,62065449.0,13,1,0,,0
2025-08-22T01:30:16,nanema-HP,0.8,27.3,41.0,2475696131.0,62066263.0,13,1,0,,0
2025-08-22T01:30:22,nanema-HP,1.0,27.3,41.0,2475696977.0,62067107.0,13,1,0,,0
2025-08-22T01:30:28,nanema-HP,0.8,27.3,41.0,2475697577.0,62067707.0,13,1,0,,0
2025-08-22T01:30:34,nanema-HP,1.2,27.3,42.0,2475700081.0,62069649.0,13,1,0,,0
2025-08-22T01:30:40,nanema-HP,1.0,27.3,42.0,2475701013.0,62070571.0,13,1,0,,0
2025-08-22T01:30:46,nanema-HP,1.0,27.3,42.0,2475701613.0,62071171.0,13,1,0,,0
2025-08-22T01:30:52,nanema-HP,0.7,27.3,42.0,2475702213.0,62071771.0,13,1,0,,0
2025-08-22T01:30:58,nanema-HP,0.7,27.3,42.0,2475703009.0,62072485.0,13,1,0,,0
2025-08-22T01:31:05,nanema-HP,0.9,27.3,42.0,2475703842.0,62073085.0,13,1,0,,0
2025-08-22T01:31:11,nanema-HP,0.9,27.3,42.0,2475704746.0,62073987.0,13,1,0,,0
2025-08-22T01:31:17,nanema-HP,0.8,27.3,42.0,2475705584.0,62074743.0,13,1,0,,0
2025-08-22T01:31:23,nanema-HP,0.9,27.3,41.0,2475706184.0,62075343.0,13,1,0,,0
2025-08-22T01:31:29,nanema-HP,0.8,27.3,41.0,2475706922.0,62076145.0,13,1,0,,0
2025-08-22T01:31:35,nanema-HP,0.8,27.4,42.0,2475707718.0,62076859.0,13,1,0,,0
2025-08-22T01:31:41,nanema-HP,0.8,27.3,42.0,2475708318.0,62077459.0,13,1,0,,0
2025-08-22T01:31:47,nanema-HP,0.9,27.3,42.0,2475708918.0,62078059.0,13,1,0,,0
2025-08-22T01:31:54,nanema-HP,0.8,27.3,42.0,2475709918.0,62078975.0,13,1,0,,0
2025-08-22T01:32:00,nanema-HP,1.2,27.3,42.0,2475710903.0,62079727.0,13,1,0,,0
2025-08-22T01:32:06,nanema-HP,1.1,27.3,42.0,2475730507.0,62080505.0,13,1,0,,0
2025-08-22T01:32:12,nanema-HP,1.0,27.2,42.0,2475731685.0,62081607.0,13,1,0,,0
2025-08-22T01:32:18,nanema-HP,1.3,27.3,42.0,2475732523.0,62082363.0,13,1,0,,0
2025-08-22T01:32:24,nanema-HP,0.8,27.3,42.0,2475733123.0,62082963.0,13,1,0,,0
2025-08-22T01:32:30,nanema-HP,0.9,27.3,42.0,2475733927.0,62083765.0,13,1,0,,0
2025-08-22T01:32:36,nanema-HP,0.8,27.3,42.0,2475734723.0,62084479.0,13,1,0,,0
2025-08-22T01:32:43,nanema-HP,0.8,27.3,42.0,2475735323.0,62085079.0,13,1,0,,0
2025-08-22T01:32:49,nanema-HP,0.9,27.3,42.0,2475736283.0,62085975.0,13,1,0,,0
2025-08-22T01:32:55,nanema-HP,0.9,27.3,42.0,2475737079.0,62086689.0,13,1,0,,0
2025-08-22T01:33:01,nanema-HP,0.8,27.3,42.0,2475738012.0,62087389.0,13,1,0,,0
2025-08-22T01:33:07,nanema-HP,0.7,27.3,42.0,2475738612.0,62087989.0,13,1,0,,0
2025-08-22T01:33:13,nanema-HP,0.8,27.3,43.0,2475739612.0,62088905.0,13,1,0,,0
2025-08-22T01:33:19,nanema-HP,0.8,27.3,43.0,2475740212.0,62089505.0,13,1,0,,0
2025-08-22T01:33:25,nanema-HP,0.9,27.3,43.0,2475740812.0,62090105.0,13,1,0,,0
2025-08-22T01:33:31,nanema-HP,0.9,27.3,42.0,2475741412.0,62090705.0,13,1,0,,0
2025-08-22T01:33:38,nanema-HP,0.9,27.3,42.0,2475742208.0,62091419.0,13,1,0,,0
2025-08-22T01:33:44,nanema-HP,1.0,27.3,42.0,2475743012.0,62092221.0,13,1,0,,0
2025-08-22T01:33:50,nanema-HP,1.0,27.3,42.0,2475743612.0,62092821.0,13,1,0,,0
2025-08-22T01:33:56,nanema-HP,1.0,27.3,42.0,2475744712.0,62093837.0,13,1,0,,0
2025-08-22T01:34:02,nanema-HP,1.0,27.3,42.0,2475745545.0,62094437.0,13,1,0,,0
2025-08-22T01:34:08,nanema-HP,0.8,27.3,42.0,2475746145.0,62095037.0,13,1,0,,0
2025-08-22T01:34:14,nanema-HP,0.8,27.3,42.0,2475747145.0,62095953.0,13,1,0,,0
2025-08-22T01:34:20,nanema-HP,0.7,27.2,42.0,2475747745.0,62096553.0,13,1,0,,0
2025-08-22T01:34:27,nanema-HP,1.1,27.2,42.0,2475748345.0,62097153.0,13,1,0,,0
2025-08-22T01:34:33,nanema-HP,0.8,27.2,42.0,2475749141.0,62097867.0,13,1,0,,0
2025-08-22T01:34:39,nanema-HP,0.9,27.3,42.0,2475749945.0,62098669.0,13,1,0,,0
2025-08-22T01:34:45,nanema-HP,0.8,27.3,42.0,2475750587.0,62099311.0,13,1,0,,0
2025-08-22T01:34:51,nanema-HP,0.7,27.3,42.0,2475751287.0,62100011.0,13,1,0,,0
2025-08-22T01:34:57,nanema-HP,0.8,27.2,42.0,2475752083.0,62100725.0,13,1,0,,0
2025-08-22T01:35:03,nanema-HP,0.7,27.3,42.0,2475753154.0,62101533.0,13,1,0,,0
2025-08-22T01:35:09,nanema-HP,1.2,27.3,43.0,2475753958.0,62102335.0,13,1,0,,0
2025-08-22T01:35:15,nanema-HP,0.8,27.3,43.0,2475754754.0,62103049.0,13,1,0,,0
2025-08-22T01:35:22,nanema-HP,0.8,27.2,43.0,2475755354.0,62103649.0,13,1,0,,0
2025-08-22T01:35:28,nanema-HP,0.7,27.3,43.0,2475755954.0,62104249.0,13,1,0,,0
2025-08-22T01:35:34,nanema-HP,1.2,27.2,43.0,2475759204.0,62106741.0,13,1,0,,0
2025-08-22T01:35:40,nanema-HP,0.8,27.4,43.0,2475759932.0,62107461.0,13,1,0,,0
2025-08-22T01:35:46,nanema-HP,0.8,27.3,43.0,2475760632.0,62108161.0,13,1,0,,0
2025-08-22T01:35:52,nanema-HP,0.8,27.3,43.0,2475761436.0,62108963.0,13,1,0,,0
2025-08-22T01:35:58,nanema-HP,0.8,27.2,43.0,2475762232.0,62109677.0,13,1,0,,0
2025-08-22T01:36:04,nanema-HP,1.0,27.2,43.0,2475763065.0,62110277.0,13,1,0,,0
2025-08-22T01:36:11,nanema-HP,0.8,27.2,43.0,2475764069.0,62110877.0,13,1,0,,0
2025-08-22T01:36:17,nanema-HP,1.8,27.3,43.0,2475765069.0,62111793.0,13,1,0,,0
2025-08-22T01:36:23,nanema-HP,1.1,27.3,43.0,2475765669.0,62118569.0,13,1,-1,Device('/sys/devices/pci0000:00/0000:00:14.0/usb3/3-4/3-4:4.0'),0
2025-08-22T01:36:29,nanema-HP,1.0,27.3,43.0,2475769439.0,62122075.0,13,1,-1,Device('/sys/devices/pci0000:00/0000:00:14.0/usb3/3-4/3-4:4.1'),0
2025-08-22T01:36:35,nanema-HP,1.1,27.3,43.0,2475770277.0,62122831.0,13,1,-1,Device('/sys/devices/pci0000:00/0000:00:14.0/usb3/3-4/3-4:4.2'),0
2025-08-22T01:36:41,nanema-HP,1.2,27.3,43.0,2475771081.0,62123633.0,13,1,-1,Device('/sys/devices/pci0000:00/0000:00:14.0/usb3/3-4'),0
2025-08-22T01:36:47,nanema-HP,0.7,27.3,44.0,2475771781.0,62124333.0,13,1,1,Device('/sys/devices/pci0000:00/0000:00:14.0/usb3/3-4'),0
2025-08-22T01:36:53,nanema-HP,1.0,27.3,44.0,2475772577.0,62125047.0,13,1,1,Device('/sys/devices/pci0000:00/0000:00:14.0/usb3/3-4/3-4:1.0'),0
2025-08-22T01:37:00,nanema-HP,0.8,27.3,44.0,2475773410.0,62125647.0,13,1,-1,Device('/sys/devices/pci0000:00/0000:00:14.0/usb3/3-4/3-4:1.0'),0
2025-08-22T01:37:06,nanema-HP,0.9,27.3,44.0,2475788382.0,62126247.0,13,1,1,Device('/sys/devices/pci0000:00/0000:00:14.0/usb3/3-4/3-4:4.0'),0
2025-08-22T01:37:12,nanema-HP,0.8,27.3,44.0,2475794511.0,62127349.0,13,1,1,Device('/sys/devices/pci0000:00/0000:00:14.0/usb3/3-4/3-4:4.1'),0
2025-08-22T01:37:18,nanema-HP,1.1,27.3,44.0,2475795477.0,62128225.0,13,1,1,Device('/sys/devices/pci0000:00/0000:00:14.0/usb3/3-4/3-4:4.2'),0
2025-08-22T01:37:24,nanema-HP,1.1,27.3,44.0,2475796077.0,62128825.0,13,1,0,,0
2025-08-22T01:37:30,nanema-HP,0.9,27.3,44.0,2475796881.0,62129627.0,13,1,0,,0
2025-08-22T01:37:36,nanema-HP,0.9,27.4,45.0,2475797677.0,62130341.0,13,1,0,,0
2025-08-22T01:37:42,nanema-HP,0.8,27.3,45.0,2475798377.0,62131041.0,13,1,0,,0
2025-08-22T01:37:49,nanema-HP,0.8,27.3,44.0,2475799335.0,62131735.0,13,1,0,,0
2025-08-22T01:37:55,nanema-HP,0.9,27.3,44.0,2475800131.0,62132449.0,13,1,0,,0
2025-08-22T01:38:01,nanema-HP,0.9,27.3,44.0,2475801168.0,62133251.0,13,1,0,,0
2025-08-22T01:38:07,nanema-HP,1.1,27.3,43.0,2475801768.0,62136939.0,13,1,-1,Device('/sys/devices/pci0000:00/0000:00:14.0/usb3/3-4/3-4:4.0'),0
2025-08-22T01:38:13,nanema-HP,0.8,27.3,43.0,2475802564.0,62137653.0,13,1,-1,Device('/sys/devices/pci0000:00/0000:00:14.0/usb3/3-4/3-4:4.1'),0
2025-08-22T01:38:19,nanema-HP,0.8,27.3,43.0,2475806412.0,62141245.0,13,1,-1,Device('/sys/devices/pci0000:00/0000:00:14.0/usb3/3-4/3-4:4.2'),0
2025-08-22T01:38:25,nanema-HP,0.9,27.3,44.0,2475807344.0,62142167.0,13,1,-1,Device('/sys/devices/pci0000:00/0000:00:14.0/usb3/3-4'),0
2025-08-22T01:38:31,nanema-HP,0.8,27.3,44.0,2475807944.0,62142767.0,13,1,0,,0
2025-08-22T01:38:38,nanema-HP,7.5,27.6,43.0,2475822750.0,62157429.0,13,1,0,,0
2025-08-22T12:51:38,nanema-HP,21.9,28.5,43.0,2476088162.0,62278174.0,30,1,-1,Device('/sys/devices/pci0000:00/0000:00:14.0/usb3/3-2/3-2:1.0'),1
2025-08-22T12:51:44,nanema-HP,8.6,28.9,43.0,2477894842.0,62374427.0,24,1,-1,Device('/sys/devices/pci0000:00/0000:00:14.0/usb3/3-2'),0
2025-08-22T12:51:50,nanema-HP,7.3,28.5,36.0,2477923197.0,62423678.0,28,1,0,,1
2025-08-22T12:51:56,nanema-HP,4.8,28.9,36.0,2477984915.0,62468898.0,34,1,0,,0
2025-08-22T12:52:02,nanema-HP,2.8,28.8,36.0,2477986211.0,62469872.0,33,1,0,,0
2025-08-22T12:52:09,nanema-HP,5.6,28.8,36.0,2480017196.0,62836796.0,47,1,0,,1
2025-08-22T12:52:15,nanema-HP,1.2,28.8,36.0,2480018370.0,62838240.0,47,1,0,,0
2025-08-22T12:52:21,nanema-HP,9.5,28.7,37.0,2480057753.0,62866921.0,48,1,0,,1
2025-08-22T12:52:27,nanema-HP,3.4,29.4,37.0,2481418612.0,63143246.0,68,1,0,,1
2025-08-22T12:52:33,nanema-HP,5.6,29.3,37.0,2481461679.0,63167712.0,69,1,0,,1
2025-08-22T12:52:39,nanema-HP,9.8,30.0,39.0,2481604658.0,63237422.0,69,1,0,,1
2025-08-22T12:52:46,nanema-HP,6.1,29.6,39.0,2482029425.0,63330043.0,64,1,0,,1
2025-08-22T12:52:52,nanema-HP,15.6,29.1,40.0,2485311345.0,63461938.0,65,1,0,,1
2025-08-22T12:52:58,nanema-HP,13.8,31.4,40.0,2490074794.0,64183660.0,84,1,0,,1
2025-08-22T12:53:04,nanema-HP,20.4,32.5,40.0,2491505459.0,66037254.0,68,1,0,,1
2025-08-22T12:53:10,nanema-HP,3.3,32.0,44.0,2491826903.0,66533361.0,74,1,0,,1
2025-08-22T12:53:16,nanema-HP,3.5,31.8,44.0,2491829144.0,66540364.0,74,1,0,,1
2025-08-22T12:53:23,nanema-HP,2.7,31.9,43.0,2491872979.0,66624666.0,75,1,0,,1
2025-08-22T12:53:29,nanema-HP,2.8,31.9,43.0,2491879440.0,66697001.0,67,1,0,,1
2025-08-22T12:53:35,nanema-HP,1.8,31.8,43.0,2491882684.0,66704141.0,65,1,0,,1
2025-08-22T12:53:41,nanema-HP,1.8,31.7,44.0,2491884201.0,66705797.0,64,1,0,,1
2025-08-22T12:53:47,nanema-HP,1.5,31.5,44.0,2491885365.0,66707071.0,64,1,0,,1
2025-08-22T12:53:53,nanema-HP,2.0,31.6,44.0,2491886645.0,66715186.0,64,1,0,,1
2025-08-22T12:54:00,nanema-HP,1.3,31.6,43.0,2491892163.0,66738313.0,58,1,0,,0
2025-08-22T12:54:06,nanema-HP,1.6,31.6,43.0,2491893667.0,66739542.0,58,1,0,,0
2025-08-22T12:54:12,nanema-HP,1.1,31.5,43.0,2491894613.0,66740860.0,17,1,0,,0
2025-08-22T12:54:18,nanema-HP,1.3,31.5,43.0,2491898432.0,66742172.0,17,1,0,,0
2025-08-22T12:54:24,nanema-HP,3.3,31.5,43.0,2491899507.0,66743144.0,17,1,0,,0
2025-08-22T12:54:30,nanema-HP,1.3,31.5,43.0,2491900303.0,66743858.0,17,1,0,,0
2025-08-22T12:54:36,nanema-HP,1.3,31.5,43.0,2491901107.0,66744660.0,17,1,0,,0
2025-08-22T12:54:43,nanema-HP,1.0,31.5,43.0,2491902324.0,66745773.0,16,1,0,,0
2025-08-22T12:54:49,nanema-HP,1.2,31.5,43.0,2491903220.0,66746587.0,16,1,0,,0
2025-08-22T12:54:55,nanema-HP,5.0,31.6,43.0,2491908679.0,66756442.0,16,1,0,,0
2025-08-22T12:55:01,nanema-HP,0.9,31.6,43.0,2491909569.0,66757322.0,16,1,0,,0
2025-08-22T12:55:07,nanema-HP,0.9,31.5,43.0,2491910365.0,66758036.0,16,1,0,,0
2025-08-22T12:55:13,nanema-HP,1.0,31.5,43.0,2491911065.0,66758742.0,16,1,0,,0
2025-08-22T12:55:20,nanema-HP,6.2,31.6,43.0,2491912247.0,66759966.0,16,1,0,,0
2025-08-22T12:55:26,nanema-HP,4.8,30.8,43.0,2491914720.0,66770717.0,16,1,0,,0
2025-08-22T12:55:32,nanema-HP,0.8,30.7,43.0,2491915420.0,66771417.0,16,1,0,,0
2025-08-22T12:55:38,nanema-HP,1.1,30.7,43.0,2491916020.0,66772017.0,16,1,0,,0
2025-08-22T12:55:44,nanema-HP,1.7,30.7,43.0,2491916924.0,66772925.0,16,1,0,,0
2025-08-22T12:55:50,nanema-HP,1.5,30.7,43.0,2491917798.0,66773919.0,16,1,0,,0
2025-08-22T12:55:57,nanema-HP,1.4,30.7,43.0,2491922286.0,66782964.0,16,1,0,,0
2025-08-22T12:56:03,nanema-HP,3.2,30.8,43.0,2491923119.0,66783564.0,16,1,0,,0
2025-08-22T12:56:09,nanema-HP,1.3,30.7,44.0,2491924319.0,66784686.0,16,1,0,,0
2025-08-22T12:56:15,nanema-HP,1.3,30.7,44.0,2491925655.0,66786154.0,15,1,0,,0
2025-08-22T12:56:21,nanema-HP,1.7,30.7,44.0,2491926459.0,66786956.0,15,1,0,,0
2025-08-22T12:56:27,nanema-HP,1.3,30.7,44.0,2491927355.0,66787776.0,15,1,0,,0
2025-08-22T12:56:34,nanema-HP,1.5,30.7,44.0,2491927955.0,66788376.0,15,1,0,,0
2025-08-22T12:56:40,nanema-HP,1.8,30.7,44.0,2491930625.0,66790662.0,15,1,0,,0
2025-08-22T12:56:46,nanema-HP,1.3,31.0,44.0,2492027598.0,66805939.0,16,1,0,,0
2025-08-22T12:56:52,nanema-HP,1.2,30.8,44.0,2492028509.0,66806850.0,16,1,0,,0
2025-08-22T12:56:58,nanema-HP,3.4,30.8,44.0,2492039323.0,66827539.0,17,1,0,,0
2025-08-22T12:57:04,nanema-HP,1.1,30.8,44.0,2492040360.0,66828341.0,17,1,0,,0
2025-08-22T12:57:11,nanema-HP,1.0,30.8,44.0,2492041256.0,66829161.0,17,1,0,,0
2025-08-22T13:23:21,nanema-HP,3.1,30.5,44.0,2492091676.0,66879524.0,16,1,0,,0
2025-08-22T13:23:27,nanema-HP,3.4,30.5,36.0,2492149849.0,66948934.0,25,1,0,,0
2025-08-22T13:23:34,nanema-HP,3.2,30.6,36.0,2492242239.0,67096532.0,30,1,0,,0
2025-08-22T13:23:40,nanema-HP,2.7,30.6,36.0,2492245463.0,67101307.0,30,1,0,,0
2025-08-22T13:23:46,nanema-HP,2.3,30.6,38.0,2492246177.0,67102165.0,30,1,0,,0
2025-08-22T13:23:52,nanema-HP,1.1,30.5,38.0,2492247575.0,67103465.0,29,1,0,,0
2025-08-22T13:23:58,nanema-HP,1.9,30.5,38.0,2492250062.0,67107708.0,29,1,0,,0
2025-08-22T13:24:04,nanema-HP,2.4,30.5,38.0,2492252548.0,67113682.0,29,1,0,,0
2025-08-22T13:24:11,nanema-HP,0.5,30.5,38.0,2492254279.0,67117862.0,29,1,0,,0
2025-08-22T13:24:17,nanema-HP,3.1,30.5,39.0,2492255652.0,67118981.0,29,1,0,,0
2025-08-22T13:24:23,nanema-HP,0.6,30.5,39.0,2492257227.0,67120017.0,29,1,0,,0
2025-08-22T13:24:29,nanema-HP,1.3,30.9,39.0,2492262160.0,67129545.0,29,1,0,,0
2025-08-22T13:24:35,nanema-HP,1.1,30.7,42.0,2492263982.0,67131067.0,28,1,0,,0
2025-08-22T13:24:41,nanema-HP,1.4,30.8,42.0,2492286903.0,67132993.0,28,1,0,,0
2025-08-22T13:24:47,nanema-HP,1.1,30.8,42.0,2492287976.0,67133999.0,28,1,0,,0
2025-08-22T13:24:53,nanema-HP,1.2,30.8,42.0,2492288990.0,67134997.0,28,1,0,,0
2025-08-22T13:25:00,nanema-HP,1.3,30.8,42.0,2492292880.0,67135939.0,28,1,0,,0
2025-08-22T13:25:06,nanema-HP,1.1,30.8,42.0,2492294816.0,67136913.0,28,1,0,,0
2025-08-22T13:25:12,nanema-HP,1.0,30.8,42.0,2492295568.0,67137665.0,28,1,0,,0
2025-08-22T13:25:18,nanema-HP,1.1,30.8,42.0,2492296887.0,67138651.0,27,1,0,,0
2025-08-22T13:25:24,nanema-HP,1.3,30.8,42.0,2492298022.0,67139469.0,27,1,0,,0
2025-08-22T13:25:30,nanema-HP,1.0,30.8,42.0,2492303801.0,67150522.0,26,1,0,,0
2025-08-22T13:25:36,nanema-HP,1.3,30.8,42.0,2492304927.0,67151750.0,26,1,0,,0
2025-08-22T13:25:42,nanema-HP,1.1,30.8,44.0,2492306623.0,67153040.0,24,1,0,,0
2025-08-22T13:25:49,nanema-HP,1.2,30.7,44.0,2492311387.0,67154133.0,23,1,0,,0
2025-08-22T13:25:55,nanema-HP,2.3,30.7,44.0,2492315617.0,67154847.0,22,1,0,,0
2025-08-22T13:26:01,nanema-HP,6.7,30.9,45.0,2492322764.0,67174385.0,22,1,0,,0
2025-08-22T13:26:07,nanema-HP,4.6,30.9,45.0,2492332757.0,67213113.0,23,1,0,,0
2025-08-22T13:26:13,nanema-HP,3.0,30.8,44.0,2492334978.0,67221461.0,23,1,0,,0
2025-08-22T13:26:19,nanema-HP,1.9,30.9,44.0,2492337556.0,67222857.0,23,1,0,,0
2025-08-22T13:26:25,nanema-HP,2.8,30.9,44.0,2492338914.0,67224655.0,21,1,0,,0
2025-08-22T13:26:31,nanema-HP,2.8,31.0,45.0,2492343417.0,67233832.0,18,1,0,,0
2025-08-22T13:26:37,nanema-HP,2.1,31.0,45.0,2492344471.0,67234546.0,18,1,0,,0
2025-08-22T13:26:44,nanema-HP,1.5,30.9,45.0,2492345315.0,67235388.0,18,1,0,,0
2025-01-01 00:20:10,simulated,87.23177021490396,85.09864982344013,93.62213311996038,5016029021.663361,2994148708.723652,315,4,3,simulated,1
2025-01-01 00:56:10,simulated,74.97989634937016,77.59585177653237,87.13322936514678,1229049197.1737473,4480885417.045259,371,2,0,simulated,1
2025-01-01 00:56:40,simulated,90.39098984457952,96.4241991267114,86.35842788062529,3160250959.729627,3775245008.733716,137,1,1,simulated,1
2025-01-01 00:43:20,simulated,99.89338777847992,79.78476373498239,98.70534083336042,2595703909.648781,1859587371.8344755,138,3,0,simulated,1
2025-01-01 00:01:50,simulated,89.61707699005468,92.64781295699368,88.16416778600303,6607630881.288884,4493009036.786568,264,1,3,simulated,1
2025-01-01 00:46:20,simulated,96.53229369036586,91.65837398685844,97.53364445074274,3090211725.801545,9336884844.533264,388,3,2,simulated,1
2025-01-01 00:37:40,simulated,70.63362628039772,85.57151088723518,81.89613861750485,1689378409.7441158,1470048592.2956169,256,4,1,simulated,1
2025-01-01 00:18:50,simulated,70.28995144440385,76.70849921665612,83.09545953476241,2295658314.091861,7792004335.294791,496,4,0,simulated,1
2025-01-01 01:16:30,simulated,84.3352752590656,70.1737052758427,97.79303613932396,1309230433.6097674,1783328966.7108135,168,4,4,simulated,1
2025-01-01 00:22:40,simulated,1.9922586057435263,35.18730167894374,44.9428005659354,592946982.2922758,976828032.0362293,4,0,1,simulated,0
2025-01-01 01:08:30,simulated,97.43485605074096,86.66387672471222,93.27930557092746,8009847427.304957,7533744678.721009,286,1,1,simulated,1
2025-01-01 00:12:40,simulated,7.603468263331885,22.89371929830886,47.10411594916273,342123482.49122185,473777752.4351289,17,0,1,simulated,0
2025-01-01 00:39:20,simulated,83.91175629553052,97.436724947219,95.6347760702766,4266149016.274696,3242808491.812538,234,2,3,simulated,1
2025-01-01 01:35:30,simulated,75.45141227245001,70.34384897016669,81.74238651293558,1275565261.6961524,9793574865.10776,363,3,1,simulated,1
2025-01-01 01:29:40,simulated,70.42962923311794,98.59635753144984,95.22104989250934,2099329565.9726567,1464418970.584844,125,4,3,simulated,1
2025-01-01 01:23:10,simulated,84.72831426761186,91.04801942358084,81.67879084173198,3036228389.070492,1946964346.920336,329,2,3,simulated,1
2025-01-01 00:46:40,simulated,5.122345274731743,39.13568704837938,54.731687063455325,494881454.3260916,721615374.124068,15,0,0,simulated,0
2025-01-01 01:20:30,simulated,82.07657476007046,79.36074160301452,80.19878704236227,2256396821.226884,8903947366.017551,400,1,1,simulated,1
2025-01-01 01:00:10,simulated,95.11845443653417,71.17482884447026,98.76358220816871,7044660715.893882,6197648343.660172,237,3,1,simulated,1
2025-01-01 00:53:10,simulated,16.341603983743866,30.53057297392052,56.63074185425066,471704185.2820183,525181209.35711,14,1,1,simulated,0
2025-01-01 00:24:50,simulated,96.50124282620462,79.51238259005237,81.69871993788607,1533850992.9433467,8182973194.332419,451,3,4,simulated,1
2025-01-01 00:29:00,simulated,13.565747531510173,49.45493325278011,58.76040473939659,645007077.3270748,458326631.5784279,7,0,0,simulated,0
2025-01-01 01:01:50,simulated,14.477582025191554,49.09391548441657,52.376406342773365,459013273.2722683,284065914.8575883,19,1,1,simulated,0
2025-01-01 00:21:10,simulated,76.48804762119468,71.69615566897585,90.58367627827438,4618703891.625315,2889387237.991281,447,3,4,simulated,1
2025-01-01 00:35:00,simulated,14.072507800066305,35.482419729160334,41.01818875167968,684133827.2795796,154097285.86714238,2,0,0,simulated,0
2025-01-01 00:39:10,simulated,6.2710168476785455,45.56455598530327,48.91992729060341,162320418.01677114,192305953.5686471,35,1,0,simulated,0
2025-01-01 00:16:50,simulated,15.645629369345492,40.27625614685488,57.07378682620133,891489796.9694229,314563174.06887984,15,0,0,simulated,0
2025-01-01 01:37:40,simulated,83.55793024306692,93.92105590920784,84.13706998279525,2172520250.4501104,3126152774.148812,108,4,1,simulated,1
2025-01-01 01:23:40,simulated,84.47005908733202,81.50444850976181,97.74220575904587,9246451511.7457,2833105943.678382,377,4,3,simulated,1
2025-01-01 01:31:10,simulated,73.08393908284782,73.49626260484098,82.76210044644773,2770526473.754282,9485800260.791388,114,4,1,simulated,1
2025-01-01 00:57:40,simulated,1.4100263744151076,28.05222830983906,46.8256719954062,878444817.9198998,650483865.496275,25,0,0,simulated,0
2025-01-01 00:23:10,simulated,6.122463264399025,22.558550662861386,57.19727034521336,601626317.4278172,214708212.16826645,20,1,1,simulated,0
2025-01-01 00:36:50,simulated,95.86295785424228,77.26308583229101,80.65323991724503,3726069048.3249536,6069646145.750926,364,2,2,simulated,1
2025-01-01 00:16:30,simulated,79.94684563049034,72.04829702313192,83.89596832288883,4010820693.730228,3189661246.051275,370,3,1,simulated,1
2025-01-01 01:01:40,simulated,17.151910162469832,35.243300066084906,56.28374589119064,909665530.6624296,651020373.689296,42,0,1,simulated,0
2025-01-01 00:33:00,simulated,2.43702588432833,33.80275549448635,44.17921120391783,503584328.2712387,696837950.6598276,13,1,0,simulated,0
2025-01-01 00:47:50,simulated,72.89062384493435,76.8608378445529,85.54509594472005,2310096235.805018,5537183062.483814,446,1,2,simulated,1
2025-01-01 00:30:40,simulated,70.99556374057885,94.75434510254512,92.76579303983296,6392903361.362374,8970421442.607538,274,4,0,simulated,1
2025-01-01 01:23:30,simulated,84.0723273135827,77.3136790304847,89.04321653122916,6404373867.432686,2487969699.317324,233,1,2,simulated,1
2025-01-01 00:09:50,simulated,10.00071671311494,45.524298251869055,44.50945025854908,511502446.7178026,820448069.0447361,34,1,0,simulated,0
2025-01-01 00:54:40,simulated,12.924060155695054,33.548765914364026,41.499531735554406,221662351.8077191,471747721.54910296,43,1,0,simulated,0
2025-01-01 00:16:00,simulated,7.499620645140148,48.67884041463798,52.4001259800295,258483289.28115907,283362438.49230283,8,1,1,simulated,0
2025-01-01 00:52:00,simulated,16.961081111515245,22.86670476473036,51.10443733629388,126805578.71571502,906042018.2699956,21,1,0,simulated,0
2025-01-01 01:35:40,simulated,71.70397771219355,93.07030629438655,95.27880503249838,1558546086.576065,5049138461.126648,262,1,2,simulated,1
2025-01-01 00:49:50,simulated,3.033879925820697,27.95568236155021,49.17991687056778,172400134.33331066,916060141.5862976,12,1,0,simulated,0
2025-01-01 00:46:10,simulated,8.088049342306036,26.429470983955696,57.79051156141485,428822508.05379605,323360974.7042368,20,0,1,simulated,0
2025-01-01 01:27:20,simulated,96.937000639511,88.1803131928315,89.17619311277726,2650535184.3408813,1900284795.7776527,257,4,3,simulated,1
2025-01-01 00:33:30,simulated,97.94643391818812,80.34278022964311,82.83563257393381,9326984894.759666,6921590359.824657,450,4,2,simulated,1
2025-01-01 00:06:30,simulated,88.36248371748168,98.95184777229773,99.1752774555671,8394844213.114931,7013227227.392355,292,4,1,simulated,1
2025-01-01 01:12:50,simulated,75.88766314141495,92.51880627637688,92.42585698677536,6967578069.952242,1987499540.435968,137,1,3,simulated,1
2025-01-01 00:28:20,simulated,84.263376897769,96.36253606056512,98.42429697026736,7526733257.824869,7432304480.499645,157,3,1,simulated,1
2025-01-01 01:19:50,simulated,84.93376362145555,99.83930073802438,94.24765810729352,4882782987.006122,2505440703.7836704,451,2,1,simulated,1
2025-01-01 00:43:30,simulated,17.96889796826119,47.57907110819878,45.56092652643763,320284495.7937767,932047762.1413816,39,1,0,simulated,0
2025-01-01 00:29:40,simulated,80.09436148767911,90.1450684312402,94.80468917036418,1324236576.9837325,1338938393.1334834,337,1,0,simulated,1
2025-01-01 00:03:50,simulated,12.837888385631992,29.13960350556624,41.87178648550647,85053547.3332289,649683403.2624094,9,0,1,simulated,0
2025-01-01 00:05:00,simulated,6.853797852358367,26.13242083315417,43.32402381235072,612284292.2122924,880793826.3637697,35,1,1,simulated,0
2025-01-01 00:36:10,simulated,89.14326423713896,82.93090879019806,94.466518990035,7371128254.655063,9339513429.732944,384,2,1,simulated,1
2025-01-01 00:01:40,simulated,5.479220621786602,21.171019617788005,52.70704948611369,739103779.0765468,594174760.7051524,9,1,1,simulated,0
2025-01-01 00:36:50,simulated,7.355611597259458,31.9361377336114,41.24816495111845,543005483.0944383,272109414.07037425,25,0,1,simulated,0
2025-01-01 01:10:00,simulated,80.29716158756037,93.7900177994648,88.23245635388588,9995232280.850904,7262994395.725883,469,4,0,simulated,1
2025-01-01 00:49:20,simulated,10.325411061303294,26.82616051720856,46.82134881659047,877480780.6054833,156564279.31209782,1,1,0,simulated,0
2025-01-01 00:09:00,simulated,17.494128340683986,20.4189567336385,44.43674903999771,78174526.28135733,972981577.9502668,15,0,1,simulated,0
2025-01-01 00:23:40,simulated,75.35994321103604,85.5201929574787,92.04534122882755,8363665083.913817,6017253177.512843,437,2,0,simulated,1
2025-01-01 00:34:50,simulated,14.21351987408633,28.75517146964681,52.57402433266478,979921921.8443946,50809978.26805718,8,0,0,simulated,0
2025-01-01 00:34:00,simulated,89.96183621826678,86.51449978656242,96.73351928800338,5402105609.721717,4682276881.269439,248,3,1,simulated,1
2025-01-01 00:48:40,simulated,98.80628783738564,95.9454850632712,82.5222391370566,6526013008.347241,8835471171.56007,444,4,3,simulated,1
2025-01-01 00:43:40,simulated,82.26183732525917,74.21601460532705,81.82086137437057,6309832000.453204,6372477137.973843,312,3,2,simulated,1
2025-01-01 01:17:40,simulated,92.58339476053526,92.9955880706628,82.979649937602,3660036444.156924,5320147789.147859,293,2,1,simulated,1
2025-01-01 00:11:40,simulated,10.87087668799174,36.953991805987904,40.57072120618752,672906433.9109268,452746586.2064471,42,1,0,simulated,0
2025-01-01 00:23:50,simulated,89.93652094210911,74.3504594497611,88.09111250577536,7698434616.579658,1209337176.1730292,116,3,0,simulated,1
2025-01-01 00:17:50,simulated,5.245694976693254,27.89868613104284,53.500733214361055,648194563.602908,27684596.66952515,24,1,0,simulated,0
2025-01-01 00:15:30,simulated,87.7090484487478,73.49673482776748,83.84006268944115,8249424982.798659,6545179931.162132,171,3,2,simulated,1
2025-01-01 00:31:40,simulated,93.8247899164752,76.64729951296478,86.07623809811273,7520410755.933868,8832070599.730614,182,4,3,simulated,1
2025-01-01 00:56:50,simulated,73.8362362811318,85.28377006609489,95.66307298860056,9011545798.995644,8040939147.179189,198,2,1,simulated,1
2025-01-01 00:48:40,simulated,19.85161482537769,46.35534341451246,41.7554777016004,413630896.2180135,935391071.6563084,6,0,1,simulated,0
2025-01-01 00:48:10,simulated,3.414978433027007,35.07889703712546,55.41265084802095,252719037.27546832,434749937.2818281,45,0,0,simulated,0
2025-01-01 00:42:00,simulated,76.2594765320728,86.97478773462987,89.20852777678641,2964639068.719301,8346319261.958281,475,3,0,simulated,1
2025-01-01 00:06:30,simulated,12.666541883722164,22.449840160151663,54.63466351348394,616485356.9549015,761011346.1523534,46,0,0,simulated,0
2025-01-01 00:31:30,simulated,90.08084091521908,96.50975125950316,96.3284101528674,3349349733.6939354,2011909743.2295928,162,2,4,simulated,1
2025-01-01 00:51:10,simulated,14.414148917719414,48.583976502627536,44.63752144286302,523143687.104739,516818204.10800016,13,1,0,simulated,0
2025-01-01 00:46:30,simulated,99.28031888292004,80.33253490674879,97.94639677023166,5012881190.585214,8283935349.077633,430,3,1,simulated,1
2025-01-01 00:11:00,simulated,17.25117880906011,28.756794783957293,46.97787617088846,307883218.0620148,913054760.6301466,27,0,1,simulated,0
2025-01-01 00:45:50,simulated,8.812400631149162,38.713086251187576,53.58733385271324,444583692.18457705,181922622.4065264,13,1,0,simulated,0
2025-01-01 00:11:10,simulated,0.9512873863180272,24.53390750206319,50.30618233378308,791225344.3439435,385324218.0426994,39,1,0,simulated,0
2025-01-01 00:53:00,simulated,0.587733384903657,24.283992820650187,47.84676792809896,143665950.8665252,936615881.7690226,30,1,0,simulated,0
2025-01-01 00:24:40,simulated,71.79214205104986,83.6519922341127,97.270570982156,1395730197.2653058,2501733240.085394,408,2,1,simulated,1
2025-01-01 01:39:40,simulated,75.37626890586834,85.42720446614102,94.6556332150003,6191664586.98503,2741095046.9614534,104,4,3,simulated,1
2025-01-01 00:52:20,simulated,77.7761540087246,72.9024176402555,96.82189863879586,9117119505.137575,1298562278.5313451,204,3,4,simulated,1
2025-01-01 00:58:50,simulated,70.08011725055745,82.29704506118505,80.31754741969948,6394682470.867178,2130734875.302815,311,4,2,simulated,1
2025-01-01 00:54:30,simulated,10.572065602504724,33.042786558892885,46.303441872285575,565410721.5069438,57268661.18468816,33,1,1,simulated,0
2025-01-01 01:03:40,simulated,5.402688620428428,36.120363331688814,40.09867871453256,462171841.6413232,384255763.8457544,14,0,0,simulated,0
2025-01-01 00:08:30,simulated,90.06628065376097,71.06167876202272,90.58772336354323,1281971279.3503604,6880609397.951595,479,3,1,simulated,1
2025-01-01 00:20:20,simulated,72.53528686091667,99.10928183367383,85.98611757397767,3903587665.645811,1840902496.4491248,286,3,3,simulated,1
2025-01-01 00:36:20,simulated,17.403913460021837,42.01296062258547,44.69347746783317,669674539.8534237,919333672.378717,32,1,1,simulated,0
2025-01-01 01:04:30,simulated,83.45462943149103,94.26957434833464,95.00303610159465,6309274562.998455,8547085061.56099,233,3,3,simulated,1
2025-01-01 00:06:00,simulated,89.24424524966736,83.80023800096484,81.05340489058753,5720073172.61114,8493882244.970681,346,2,2,simulated,1
2025-01-01 01:00:40,simulated,90.29196200071814,92.56711459056191,88.98644795679124,6229370622.158442,9164926231.589376,297,3,2,simulated,1
2025-01-01 00:14:40,simulated,6.983802841717108,44.37459328994062,47.38820299025559,592109259.342725,232541666.7139648,4,0,0,simulated,0
2025-01-01 00:10:30,simulated,18.162494301411275,36.69488793860776,46.67580130291896,985515083.780208,204710995.7392624,32,1,0,simulated,0
2025-01-01 01:11:00,simulated,82.22876864936458,75.40272222223183,92.19504053459286,8561276907.768937,1451378992.7483313,483,3,2,simulated,1
2025-01-01 00:52:40,simulated,95.29503635198296,90.3127299446787,91.3497926762032,8018843279.034792,5538661662.935917,312,3,0,simulated,1
2025-01-01 00:58:30,simulated,5.727483479657199,23.14472984570705,40.02780692530217,546429135.0504982,620813262.013808,11,0,0,simulated,0
2025-01-01 01:29:20,simulated,98.0656183009955,77.23052083153463,84.80813586879005,5771753437.972007,3053682679.200864,305,1,1,simulated,1
2025-01-01 00:42:40,simulated,11.20025560838555,48.00703754052672,52.90964216914604,261629921.4456936,906663581.0225928,17,1,0,simulated,0
2025-01-01 00:39:10,simulated,80.70208999443138,89.56689770119316,87.99562319178882,5987111965.548011,3844902548.82993,276,1,4,simulated,1
2025-01-01 00:40:40,simulated,71.01570021685792,98.23450394590576,85.838867402882,2149313355.314169,5815416200.216908,316,2,3,simulated,1
2025-01-01 00:25:40,simulated,83.98157816912413,98.468158670828,97.41702043334386,4349440614.051043,9943197672.547472,183,3,4,simulated,1
2025-01-01 01:33:10,simulated,75.59024124519065,77.87318485757386,91.31216628730368,7653103291.046768,7907755652.067499,499,3,1,simulated,1
2025-01-01 00:28:00,simulated,5.313122398274111,48.465393545198,47.09599221287517,541610376.7064668,393154333.53785765,18,0,0,simulated,0
2025-01-01 01:26:10,simulated,88.11845571434353,94.94396088435278,98.12369864008488,5940405025.152724,3880437399.912881,115,1,2,simulated,1
2025-01-01 00:21:20,simulated,79.39417583598785,99.66032005472158,82.81860379464509,7511795566.906397,8214881680.123226,441,4,4,simulated,1
2025-01-01 01:10:30,simulated,83.11945099521745,87.2727904437802,91.55077407396394,7459205445.455328,6600713936.393057,317,3,1,simulated,1
2025-01-01 01:37:30,simulated,83.54890679796056,83.91007100724103,86.22788642163897,3262835895.463413,8900431062.27768,227,3,4,simulated,1
2025-01-01 01:09:20,simulated,89.96471787591483,90.0773214790321,90.01627523491372,8844759972.934937,9139564908.09005,455,1,1,simulated,1
2025-01-01 00:14:20,simulated,6.234884456619822,22.74093032850252,55.18753910166156,350988716.2369387,166955306.41574228,25,0,0,simulated,0
2025-01-01 00:05:20,simulated,80.41981554135349,95.80511402667436,83.84588380522068,4887003021.361572,7558468499.894943,215,4,1,simulated,1
2025-01-01 00:30:40,simulated,13.000096601093585,41.36610444999205,45.98722308908657,762955576.7715455,569936465.8220493,17,0,0,simulated,0
2025-01-01 01:36:20,simulated,89.93608530780212,76.78452068304594,80.80152417605957,3264743149.407152,2924285039.2838964,105,3,2,simulated,1
2025-01-01 00:22:20,simulated,98.28693732938562,79.57584968338034,91.52425031963269,9293816331.3546,9521712799.963358,251,1,2,simulated,1
2025-01-01 00:49:00,simulated,4.403244535414155,22.440448340206757,46.62671383239373,872521677.2026616,468563708.9659301,8,0,0,simulated,0
2025-01-01 01:22:00,simulated,99.49323945594574,92.25135238790772,85.10633924678612,5746290649.889708,4453852554.240031,358,2,3,simulated,1
2025-01-01 00:04:10,simulated,91.69088375915864,76.18847867134994,83.6650238155464,2230819346.973516,9540457433.939,420,4,2,simulated,1
2025-01-01 00:52:10,simulated,97.21366369645308,80.38203442871861,88.0513877806298,2795792200.9874864,2894638129.2357926,292,4,1,simulated,1
2025-01-01 00:43:20,simulated,9.04843635990357,31.149561788663544,54.759663650462784,561139094.050725,362555874.4724231,45,1,0,simulated,0
2025-01-01 00:39:30,simulated,8.562558241591024,32.405897655954135,47.18888941463078,693618350.6710825,327604253.8659981,32,0,0,simulated,0
2025-01-01 00:26:30,simulated,75.6545431139607,86.87381005607651,91.51079857702888,6002091346.209501,4941980738.145413,433,1,2,simulated,1
2025-01-01 00:30:30,simulated,91.10779314825383,74.1598208022129,93.35628105945815,4262889122.642505,8732512565.72968,327,2,2,simulated,1
2025-01-01 00:07:30,simulated,95.65006482699116,80.32411641587382,97.77802228711678,9095034918.814724,9763989460.420786,167,1,4,simulated,1
2025-01-01 01:17:50,simulated,80.59806934355292,74.3898004241825,86.57115697415365,3150336796.68796,6556635926.324175,116,4,4,simulated,1
2025-01-01 01:06:40,simulated,88.61859462861804,88.30232567071198,81.88992650989614,1488379917.0183015,3100402518.7743025,473,4,4,simulated,1
2025-01-01 00:33:10,simulated,79.38935856065564,78.21528579444995,92.513597081958,2738302681.86748,2376857586.790351,289,2,0,simulated,1
2025-01-01 01:14:50,simulated,81.34072358095924,88.92094214446004,93.56715139739264,2197054567.803258,5073475150.296884,426,1,2,simulated,1
2025-01-01 00:44:10,simulated,19.504104030902447,40.37196512190522,50.27747804262718,242034628.71483624,936762433.1799464,15,1,1,simulated,0
2025-01-01 01:39:10,simulated,90.13235621376792,76.61892384091527,96.44011841929552,7349895521.939917,2965661338.682806,112,3,3,simulated,1
2025-01-01 00:21:30,simulated,93.58853017526002,97.80319995474828,86.12714095695111,2745621872.330465,3464084185.92057,258,1,3,simulated,1
2025-01-01 00:09:10,simulated,8.081402182072999,49.87254787686554,59.11609667602489,903570727.4287456,908580135.3721582,12,0,1,simulated,0
2025-01-01 00:20:00,simulated,11.6430856125713,42.09393139383185,48.60281440337553,760325462.4798126,422977602.5241269,30,0,1,simulated,0
2025-01-01 00:35:50,simulated,12.27605063443507,35.06709569564205,51.65158209412478,927365412.7555507,670423465.14506,44,0,0,simulated,0
2025-01-01 00:04:10,simulated,10.625638018626509,35.50452872542883,56.61513318050316,864234308.4558191,744853403.2582084,36,0,1,simulated,0
2025-01-01 00:12:00,simulated,15.068627652213276,30.12058461157963,55.31147195299773,270051006.35462016,54020078.99223431,15,1,0,simulated,0
2025-01-01 00:07:20,simulated,12.876246392404004,25.60307324726777,51.4030740824103,272859216.930905,655562740.5217738,40,0,1,simulated,0
2025-01-01 00:41:10,simulated,2.9208884120686407,39.53892246987362,57.07237087731421,277362178.5643128,357906952.3680736,4,1,0,simulated,0
2025-01-01 00:53:30,simulated,76.09834674248853,73.65892933428582,86.95034969170206,2716257239.6996565,3715490113.47281,322,4,4,simulated,1
2025-01-01 00:46:50,simulated,13.809401227353511,24.19670312401948,58.637939627207786,700315963.8179444,36504574.41324662,24,1,0,simulated,0
2025-01-01 01:22:10,simulated,72.5265737569905,92.63965830971745,99.92914141243766,8573251371.733049,4471880484.976111,453,3,1,simulated,1
2025-01-01 01:25:40,simulated,96.304417528936,75.8587915291464,83.10336299908981,5546468271.917026,5080867273.166479,151,1,2,simulated,1
2025-01-01 01:08:20,simulated,95.59423683360566,91.06225648989744,89.71763907833329,9128499719.90879,1441759829.8349223,327,4,4,simulated,1
2025-01-01 00:40:40,simulated,3.150913131830664,34.34384656753362,53.81653541140531,242502831.61616576,106859797.95393854,12,0,1,simulated,0
2025-01-01 01:10:20,simulated,71.35211513741001,78.964628103153,88.39712366208695,9840397476.520308,6177748552.357373,246,2,3,simulated,1
2025-01-01 00:53:30,simulated,2.4370523994797977,43.69074320465839,59.525329814730526,814202388.9057379,939764544.0207312,10,1,1,simulated,0
2025-01-01 00:40:30,simulated,96.9294233458884,92.15942621037296,83.48036419896513,7232424570.971812,7481667510.522928,273,2,1,simulated,1
2025-01-01 00:26:20,simulated,2.5481520192719764,46.08532672603698,55.94682515591285,371806446.8284218,77573650.63439089,4,1,1,simulated,0
2025-01-01 01:36:10,simulated,83.99274808097282,95.27863506284244,89.24491711487138,9095012854.950314,3769096743.1631193,154,3,2,simulated,1
2025-01-01 00:04:50,simulated,76.20674999136459,77.10513314243671,99.6140518713994,9595949732.686289,2068668005.8992968,298,1,1,simulated,1
2025-01-01 01:30:10,simulated,95.56888815728074,71.03547174259668,88.61676938205964,9574010457.671951,7579855181.451924,191,4,4,simulated,1
2025-01-01 00:10:20,simulated,99.05986164590855,91.5839687482031,86.34794122084901,7199822270.253893,6790339459.269143,230,4,1,simulated,1
2025-01-01 00:51:30,simulated,16.495944085190057,21.77262645000084,57.44044805224176,54444377.07105034,41490845.75062082,28,0,0,simulated,0
2025-01-01 00:49:30,simulated,80.79550643891508,96.0880402243503,83.04735268100347,2098469716.0114732,1861909205.7785757,403,4,0,simulated,1
2025-01-01 00:10:00,simulated,5.27300308618295,25.271649653134222,43.00010948630204,431231309.5303112,93447486.893744,33,0,0,simulated,0
2025-01-01 01:20:40,simulated,94.64488502352997,79.04890748081965,87.09114229942932,6351830015.01365,4355505897.89083,221,4,1,simulated,1
2025-01-01 00:32:30,simulated,75.43898002848603,74.87163580512315,85.65430465078578,1747497706.3645654,2147022444.7632632,386,1,4,simulated,1
2025-01-01 01:01:10,simulated,94.17732307993876,74.60811509916431,86.9738517068106,7190606329.898159,4164010733.738435,328,1,2,simulated,1
2025-01-01 00:41:30,simulated,88.6227072085479,92.0617940900652,87.05562825726594,3282000715.5218697,9433501784.270054,179,4,4,simulated,1
2025-01-01 00:41:40,simulated,96.70958054811612,80.91762170466794,88.72652267590122,3862289746.705045,9025611098.350632,303,4,1,simulated,1
2025-01-01 01:17:30,simulated,82.6956669398063,80.2574591861912,97.58225472514827,7568308158.606763,6322086098.695501,134,2,1,simulated,1
2025-01-01 00:44:40,simulated,80.06006048243192,96.57159924533498,82.36365994391647,7565441730.345722,5701719740.437767,223,3,0,simulated,1
2025-01-01 00:49:40,simulated,17.732395057352896,33.656434099878155,44.1205781113057,37841698.15575159,557845423.2757188,11,1,0,simulated,0
2025-01-01 00:48:10,simulated,83.84849564286654,99.4907691695264,90.38991003421616,9638549554.842392,1004931865.4478096,468,4,1,simulated,1
2025-01-01 00:52:20,simulated,11.684346297103945,46.51505205710495,40.0863497122949,580393780.1104261,577337582.2021585,30,1,1,simulated,0
2025-01-01 00:51:40,simulated,4.813140684333037,37.60464991807163,44.44064124358968,381141417.0102277,457429822.4018314,17,1,0,simulated,0
2025-01-01 01:00:10,simulated,16.051148686197113,31.12637225951472,57.80398986984893,577601945.7119137,76481537.7424576,41,0,0,simulated,0
2025-01-01 00:13:10,simulated,74.65620238608493,81.98208737942299,89.89015254118017,6991809005.761484,8763117413.232883,158,4,1,simulated,1
2025-01-01 00:18:20,simulated,1.346945044230459,44.69940448881727,46.9555211309922,527783345.34486336,474379278.7472832,2,1,1,simulated,0
2025-01-01 01:38:10,simulated,93.64368821450658,85.5250569650337,87.93020949290698,5886548523.392294,1828817591.5706365,240,2,2,simulated,1
2025-01-01 00:14:20,simulated,91.0042696267775,91.1712687321217,90.06799573504388,2480667622.1306973,9549923716.527798,247,1,3,simulated,1
2025-01-01 01:00:30,simulated,2.160583011992534,35.218074438165736,57.3310040484463,338834066.71928984,665567088.9271501,39,1,1,simulated,0
2025-01-01 00:42:20,simulated,13.885939423301055,27.79398706536071,53.58480233277464,233509683.55170625,285388040.64079684,31,1,1,simulated,0
2025-01-01 00:43:10,simulated,15.346618865756348,38.89273098496403,49.33952556256689,683200985.2352144,49246835.97542508,18,0,0,simulated,0
2025-01-01 01:07:00,simulated,87.65924954232605,83.24715265474313,82.12556130617762,1608690479.423323,7465978611.811409,130,4,1,simulated,1
2025-01-01 00:46:10,simulated,71.5647474526043,74.11975574688648,84.32707659069945,9975605945.175735,3923105307.887495,243,3,2,simulated,1
2025-01-01 00:15:40,simulated,87.18156577008642,75.91828653808122,96.05085482739688,5188525345.353628,2208555760.5845194,162,3,3,simulated,1
2025-01-01 00:45:00,simulated,72.7705449243714,95.15578891415822,94.35895065686412,1948855656.8426132,5375360531.566497,148,4,0,simulated,1
2025-01-01 01:02:50,simulated,19.197808567263028,43.539791108513874,54.8470551551121,439324241.1282424,857815796.7478241,40,0,0,simulated,0
2025-01-01 00:21:00,simulated,90.37926568542971,78.96983790588558,84.25076795273293,4762208957.671528,2915857176.866518,116,1,4,simulated,1
2025-01-01 01:14:10,simulated,85.36527421383178,90.01848320999139,86.03276393041268,5320034096.841987,7882373680.693756,130,3,4,simulated,1
2025-01-01 00:22:50,simulated,1.206743369447616,30.269295885149845,52.802027076275344,599406575.8873144,697110319.2137797,48,0,1,simulated,0
2025-01-01 00:59:10,simulated,8.515718176481744,46.19008774198839,44.162050960868704,937847567.5344112,425377179.8395491,31,1,0,simulated,0
2025-01-01 01:00:50,simulated,17.553617447702848,31.810829264631987,45.50771802637232,279264126.3533217,307990033.5466755,37,1,0,simulated,0
2025-01-01 01:30:20,simulated,92.24490269770432,79.65670302083639,80.19671416382572,6087285611.146837,8805327397.015833,457,4,3,simulated,1
2025-01-01 00:58:10,simulated,97.88867747083792,84.5630195451482,98.9541334180471,2532897627.0991983,8680238117.60445,357,1,3,simulated,1
2025-01-01 01:31:20,simulated,91.23075921768186,72.30818039654281,96.05259040889628,9706882031.155514,6640596431.007675,268,1,2,simulated,1
2025-01-01 01:11:30,simulated,78.64032300510479,89.72050559817886,98.76800615515094,8730117568.17489,5226338353.88316,114,4,2,simulated,1
2025-01-01 00:42:40,simulated,89.16706028899594,89.8393378600328,98.32248621615427,5510753513.795006,7199912964.576549,125,3,2,simulated,1
2025-01-01 00:33:10,simulated,1.6421256488806946,40.27425122736968,41.38870937303238,962410680.2931764,278479115.6733764,12,0,1,simulated,0
2025-01-01 00:35:30,simulated,0.3143153023007872,41.32909956590778,56.34891817514769,712984789.383552,727683578.2281412,22,0,0,simulated,0
2025-01-01 00:01:20,simulated,87.67512036923137,89.90819378896857,95.31948840148549,1918299661.2172608,7028669254.923103,455,2,1,simulated,1
2025-01-01 00:55:20,simulated,12.08399130443656,44.38854010705917,48.70401387550415,555533322.9346989,434792663.1336106,21,0,0,simulated,0
2025-01-01 00:34:40,simulated,0.380946341546764,30.86537477360593,45.64180893514192,526345508.9950509,102862268.76522654,4,1,1,simulated,0
2025-01-01 00:35:30,simulated,83.23336570512839,70.7127263679485,87.31566536992361,3518279976.981238,6591517083.11625,434,1,1,simulated,1
2025-01-01 00:13:00,simulated,5.253376464913144,31.49402957161574,45.969762731408025,201483436.28307775,744286020.5527399,18,0,0,simulated,0
2025-01-01 00:04:50,simulated,5.009049057648798,25.41781874338533,46.57216910178478,308700942.7746465,444395374.5537637,35,1,1,simulated,0
2025-01-01 00:22:30,simulated,92.81261977710838,83.66981975431749,81.91593888222529,3189964769.311437,8967395438.460838,139,4,3,simulated,1
2025-01-01 00:49:10,simulated,76.14741921533282,81.2781898391178,96.90196595201007,3305673328.134484,1629837251.7119603,449,4,1,simulated,1
2025-01-01 00:26:10,simulated,97.93262521650256,97.347135347964,88.63055148928608,1102864462.216207,7916680120.014599,230,2,3,simulated,1
2025-01-01 01:12:40,simulated,80.40424106862032,72.15913751459183,88.78463181324197,8833773434.96496,5994623130.95107,195,2,0,simulated,1
2025-01-01 00:32:40,simulated,90.82880933753692,84.21682956082903,94.4802342979103,2646275883.985196,4019802035.119792,281,3,4,simulated,1
2025-01-01 00:27:30,simulated,5.728624633117116,32.06128495744904,52.07940305572396,746669135.5789616,670176385.0501976,6,0,1,simulated,0
2025-01-01 01:26:20,simulated,72.7622757150224,71.01973820087937,84.1838078609669,5078289123.216972,1770775964.6696396,303,3,0,simulated,1
2025-01-01 00:15:50,simulated,96.95179017576464,89.44818757312359,85.83933689599716,9968116680.802286,6447020143.764834,205,3,4,simulated,1
2025-01-01 01:10:40,simulated,97.2713556985784,76.22872868519728,99.47059935709348,1818378133.3971837,7693308197.554341,247,1,2,simulated,1
2025-01-01 00:10:50,simulated,5.511807208981827,39.40644154042409,53.22220436945256,283794094.2112984,334790333.2201031,24,0,1,simulated,0
2025-01-01 00:23:30,simulated,9.52236813899074,20.44258563093586,42.03235485579656,627203077.5493695,950010631.5157129,48,1,1,simulated,0
2025-01-01 01:27:30,simulated,87.42508321408502,76.72334786453763,96.12907734593809,3157307903.077134,2725761262.464556,444,4,4,simulated,1
2025-01-01 01:11:10,simulated,73.1047385430302,72.96847868164531,96.67320779243909,6098258479.020898,8355916686.919937,122,1,1,simulated,1
2025-01-01 00:42:30,simulated,84.7331084620864,90.05450051740539,95.80704670811488,4182939500.3083086,3999773329.7386727,334,4,3,simulated,1
2025-01-01 00:55:10,simulated,19.243149002837853,39.89875227867155,53.71918429299014,996950260.3929564,685043341.7218692,5,0,1,simulated,0
2025-01-01 00:44:00,simulated,96.85524157626462,98.82339983795178,98.2615082088159,6137435147.848721,7793742227.70269,249,3,0,simulated,1
2025-01-01 00:41:30,simulated,19.931279503895198,47.099813351344125,40.89677956413131,923370952.5716244,237737676.8597885,35,1,1,simulated,0
2025-01-01 01:24:30,simulated,71.13143883740975,84.51613020255607,90.03288294173841,6676109177.936096,1355552470.89962,469,2,3,simulated,1
2025-01-01 00:51:20,simulated,90.35818350915652,87.67254824224926,80.8742389149237,3882769067.4300656,6389123290.443872,335,3,2,simulated,1
2025-01-01 00:50:50,simulated,16.49170736316211,43.30467965901754,59.029821142541664,477646572.9354042,959801407.887083,43,1,1,simulated,0
2025-01-01 00:55:40,simulated,87.36240417884798,70.73025864179884,96.23864151537964,5561806034.3427,1139952228.2283654,273,3,0,simulated,1
2025-01-01 01:35:50,simulated,71.54886873321391,83.39214237189712,88.5144294661186,4029714987.218833,1931215581.989648,170,1,1,simulated,1
2025-01-01 00:08:10,simulated,5.576626954199266,47.44418532431377,49.04904584220039,409465317.9736554,757680617.201518,22,1,0,simulated,0
2025-01-01 01:22:40,simulated,95.81419965565144,76.75019490233993,88.37753875213423,9100548709.938326,9908940889.629044,183,1,3,simulated,1
2025-01-01 00:00:20,simulated,2.892026879905576,29.75438504793372,42.466001712128886,389271205.4546349,553013645.8363888,41,1,1,simulated,0
2025-01-01 00:24:00,simulated,85.45172673964838,73.83971103668928,99.71298527871647,6756389040.298474,5036192535.605449,376,3,2,simulated,1
2025-01-01 00:58:20,simulated,11.95299078890275,26.438479547037343,47.54721137838126,30707429.79467323,457718093.4465223,20,0,1,simulated,0
2025-01-01 01:24:00,simulated,91.90341950375054,81.19818648984501,88.55474579446286,5913507825.445569,1824998973.5439448,156,4,0,simulated,1
2025-01-01 00:22:40,simulated,98.8258354855384,89.87479579322242,83.26360013507943,9892275423.57981,4287112164.406258,113,4,4,simulated,1
2025-01-01 00:57:20,simulated,19.02536234838508,21.855712705621148,46.2883701894252,913403539.289652,242581625.0753601,34,1,0,simulated,0
2025-01-01 01:39:00,simulated,99.7736733445879,74.29125773676934,94.72301541336468,8737551452.318092,2110726831.5179868,121,2,2,simulated,1
2025-01-01 00:13:30,simulated,86.79073055922804,70.99274745484148,88.15011519665217,8530849209.747685,6186279740.99765,333,3,1,simulated,1
2025-01-01 00:29:10,simulated,76.65969516344295,91.82356186109556,85.11805845595356,5943292361.93164,9987814142.099592,215,4,4,simulated,1
2025-01-01 00:05:30,simulated,18.18652644207098,40.8247821026885,45.681842920810745,922881257.4353942,304435137.4269188,31,0,1,simulated,0
2025-01-01 00:05:10,simulated,19.763435700020896,36.52079761601081,45.916329716098026,980608504.99195,938728959.4614204,4,1,0,simulated,0
2025-01-01 00:38:30,simulated,13.87358175557234,29.76560198130351,56.23261188752968,849497512.7403393,887338694.7424208,47,0,0,simulated,0
2025-01-01 01:33:50,simulated,91.96956205489197,84.50656091657147,87.27050694317228,4429648176.0736685,8581116366.571559,444,2,2,simulated,1
2025-01-01 00:32:00,simulated,17.078135655695373,25.81760652038934,47.72047262582696,963690915.845165,364837624.7532682,49,0,0,simulated,0
2025-01-01 00:55:30,simulated,15.615930215004914,49.27645241336852,57.91853890023532,135434945.92011586,785828499.4233155,49,1,1,simulated,0
2025-01-01 00:00:30,simulated,19.42689429349103,25.6740161678283,51.98166056132113,697892246.9414676,493968590.82183576,46,1,1,simulated,0
2025-01-01 00:34:00,simulated,18.458083396185454,34.410308124510365,51.23669295535581,963470988.1915596,261352732.48177484,39,1,1,simulated,0
2025-01-01 00:19:00,simulated,83.33781787801229,88.34964893468268,94.20172221592276,4040008968.5986032,1532449061.8081667,149,4,0,simulated,1
2025-01-01 01:06:30,simulated,85.56156260931843,92.01889914360058,97.65165464079848,9439632726.660215,3939976381.6884985,151,4,1,simulated,1
2025-01-01 00:51:00,simulated,16.696254996759155,35.3846384151048,55.35033160198666,273264005.3670676,693824481.9281672,18,0,1,simulated,0
2025-01-01 00:18:10,simulated,3.019806362793833,43.4273115255807,49.17959937435062,463664053.92144006,839335189.0122048,5,0,1,simulated,0
2025-01-01 00:05:00,simulated,74.49127352192343,87.89843391753311,98.96912337676892,9394931040.142357,3001319926.4278555,285,1,4,simulated,1
2025-01-01 00:12:50,simulated,17.637369217815063,41.99236088321409,46.01488275811122,496385355.5929398,554923681.0783095,10,0,1,simulated,0
2025-01-01 00:14:00,simulated,11.72079167158714,26.75758244431446,42.57944805479841,729380890.4701502,606650947.0525504,27,1,0,simulated,0
2025-01-01 00:47:40,simulated,19.87215051811194,29.66336963604165,55.1340864997965,313139867.6053261,322319828.5759706,21,0,0,simulated,0
2025-01-01 00:13:40,simulated,6.804821395201599,28.56225847953137,54.20848382726182,66577028.86807528,594939139.9766531,49,1,0,simulated,0
2025-01-01 01:38:30,simulated,96.2632554952141,86.29370011265542,99.06194098771832,6883611612.251028,1990266691.1304955,200,3,2,simulated,1
2025-01-01 01:04:50,simulated,87.84641393456187,78.90608565958792,95.78305435528864,2728106073.578494,6872736732.597437,455,2,3,simulated,1
2025-01-01 01:22:20,simulated,86.52703403034859,96.0156007237846,80.07273619220558,3552448808.726711,6037704459.668202,222,1,2,simulated,1
2025-01-01 01:06:20,simulated,5.064316322849116,27.658899376271997,40.178042046727576,810209033.5294524,275616202.8700167,27,1,0,simulated,0
2025-01-01 00:53:50,simulated,8.841838043587313,43.99577293373908,56.06437278680161,997739627.3242184,538250683.6612475,24,0,0,simulated,0
2025-01-01 00:19:50,simulated,93.7227277738428,74.9444579316355,98.43370010722104,5120589518.518011,4011939699.6913543,118,3,3,simulated,1
2025-01-01 01:26:00,simulated,95.57165582828527,73.25100822015966,90.5705965469588,2757639095.341062,1552083208.995531,361,3,4,simulated,1
2025-01-01 01:27:00,simulated,87.26186432316427,83.2543832178376,85.29825789643424,9564911611.933918,8231157245.803996,190,4,0,simulated,1
2025-01-01 00:00:50,simulated,10.685204003298846,30.8315139948862,56.58333211883841,559724362.0187641,394150431.6881412,21,1,1,simulated,0
2025-01-01 00:55:10,simulated,97.60972099019855,94.15599299145866,89.03470653234933,4397263046.077881,2201445605.473877,232,3,4,simulated,1
2025-01-01 00:10:50,simulated,90.52270562822996,86.93589474887503,96.16064303592596,3433428852.365097,9040785423.67833,314,1,3,simulated,1
2025-01-01 00:16:10,simulated,15.423046898522228,38.326585845650015,57.76926121187276,516834429.7987345,373280274.3863313,33,0,0,simulated,0
2025-01-01 00:44:20,simulated,16.69399197853258,41.21865403317233,43.89667810670832,183558535.20373943,187946934.7530885,42,0,1,simulated,0
2025-01-01 00:59:30,simulated,2.70787547455946,22.13859296495493,42.83879618396112,921087495.60887,332085203.7080674,8,1,1,simulated,0
2025-01-01 01:18:00,simulated,99.13916565423428,86.50626097528837,94.5892920491089,1416682714.9243653,3983775746.009797,211,3,1,simulated,1
2025-01-01 01:06:20,simulated,99.65487302250811,73.21803195608908,96.12617119941838,4719840747.338568,8136601294.36645,204,1,3,simulated,1
2025-01-01 01:03:20,simulated,4.063893011159651,32.04951702680545,53.39089787574381,219941412.34756023,36198481.72218648,36,1,0,simulated,0
2025-01-01 00:38:30,simulated,96.17946460688223,85.33016121512287,99.053721488022,7975200388.330132,7120207951.800257,447,3,4,simulated,1
2025-01-01 01:03:30,simulated,16.27060823469712,30.39951848270653,41.023579678352704,402456885.9456146,716303805.5259055,38,0,1,simulated,0
2025-01-01 00:15:00,simulated,82.33341291770314,88.32665472760868,84.33856493728945,1618571470.0386355,5159926364.34643,207,3,0,simulated,1
2025-01-01 00:19:40,simulated,0.2386702940520857,38.30891263032314,54.19369587608219,509426606.5029968,890483065.5893774,15,1,0,simulated,0
2025-01-01 01:23:20,simulated,84.44231380386536,72.1562168674067,96.59281542515744,9580458698.917051,4944404989.927752,410,4,0,simulated,1
2025-01-01 00:41:40,simulated,2.01491775545426,23.91755887591909,57.03310689606274,856875382.7957932,841917132.7166284,20,1,0,simulated,0
2025-01-01 00:20:30,simulated,83.47985264914381,92.22402351512714,85.24345275897554,3385535937.6971164,4279169452.788164,322,1,2,simulated,1
2025-01-01 00:01:30,simulated,7.451525150398601,47.34631213007715,49.826382217074325,812310059.3467611,366085392.1721906,42,0,0,simulated,0
2025-01-01 00:32:40,simulated,2.760224200568655,45.21960224821116,40.41900340693042,385852411.890437,213537892.5709645,26,1,1,simulated,0
2025-01-01 00:33:50,simulated,80.04268730020284,72.37145734627497,99.65769577528272,4458535882.641111,6513488595.543626,209,2,2,simulated,1
2025-01-01 00:13:30,simulated,0.4276448950200362,24.58421258896217,43.10797123572815,805727709.0250127,915266371.3119924,35,1,0,simulated,0
2025-01-01 01:03:50,simulated,79.78335123819365,82.81076450504563,92.54252334576287,5105716017.526825,6212991902.889132,495,2,0,simulated,1
2025-01-01 00:31:10,simulated,89.25066669103077,98.72036495089412,92.64585575660868,9998210830.801682,7491924952.667403,280,2,2,simulated,1
2025-01-01 01:06:10,simulated,89.44831858658816,80.77289984339737,83.73290661128027,3212781490.868845,1006202262.9957654,316,3,3,simulated,1
2025-01-01 00:39:50,simulated,16.4004779617434,42.88041207655392,57.29473449833421,147495501.76326105,805140804.08498,48,1,0,simulated,0
2025-01-01 00:48:20,simulated,9.489230223031091,32.008537018449346,58.24952834872843,191139657.00056243,888064233.5981491,13,0,0,simulated,0
2025-01-01 00:35:10,simulated,13.75003992112272,41.51012186757824,54.50555192210715,626312222.3376138,748694804.0719625,11,0,0,simulated,0
2025-01-01 00:52:50,simulated,84.54899802699998,86.43567125086126,84.77873682086583,5665183283.96987,1680471025.2920835,397,1,4,simulated,1
2025-01-01 00:59:50,simulated,0.8538946136193948,34.82187759871298,53.955308233472095,554119604.1237091,563178417.8682499,14,0,0,simulated,0
2025-01-01 00:08:10,simulated,74.40467549429988,72.15060347731395,85.6828630351333,3780577049.111929,8783408790.784302,277,3,1,simulated,1
2025-01-01 00:37:50,simulated,11.818888954048766,37.86273026782808,57.82669867726189,232350501.0082181,530417353.0267732,49,0,1,simulated,0
2025-01-01 01:31:40,simulated,94.16776208245584,70.95090758411422,91.73770724204344,5646114880.104548,9637061886.130796,363,4,0,simulated,1
2025-01-01 01:31:00,simulated,99.16823309389136,80.22163907079843,87.2690667738114,7920685105.270001,5148875662.761648,368,1,3,simulated,1
2025-01-01 01:06:00,simulated,79.23601895989626,77.13470893576788,93.46581521826695,3090220339.996631,8026355444.185007,114,3,3,simulated,1
2025-01-01 00:16:50,simulated,88.03969140776942,86.85268253369648,82.58085146210598,2391705767.37661,8714094810.746674,431,4,1,simulated,1
2025-01-01 00:10:40,simulated,89.05585698968343,97.78944565673105,80.17898292701622,1817783394.808744,9872918338.645935,285,1,3,simulated,1
2025-01-01 01:00:20,simulated,15.640656581821608,29.23614983144921,52.08978000738621,198956466.9898288,577176736.2991467,6,0,0,simulated,0
2025-01-01 00:11:20,simulated,80.32096423713523,88.06635661156442,95.3345110508427,9959519094.41124,4038447260.381345,146,2,2,simulated,1
2025-01-01 01:29:10,simulated,82.84377321818732,97.32238467503674,96.49856566630598,2901229030.5252028,6275084278.175028,169,4,0,simulated,1
2025-01-01 00:04:40,simulated,94.38817381366206,84.1369563413769,94.81030425777136,6651003967.912967,5943686164.093993,353,1,4,simulated,1
2025-01-01 00:01:10,simulated,19.150340111150157,33.108195118805035,54.64801120521528,895340787.0395358,889793171.1167558,25,1,0,simulated,0
2025-01-01 00:25:50,simulated,7.270120782431226,25.57761883888085,44.96905880196686,708175158.8560777,735529938.5390853,26,0,0,simulated,0
2025-01-01 00:23:30,simulated,70.6879174614173,80.7964803681669,89.27235076815155,8966045533.297112,1241148069.0233946,114,1,4,simulated,1
2025-01-01 00:06:40,simulated,83.66279766548546,81.5405404596144,80.99927229928775,7110130079.995827,2410502454.775852,279,4,1,simulated,1
2025-01-01 00:13:40,simulated,98.65557767120173,85.72070470413459,89.76185420034777,8462549605.574324,6311872199.918469,108,3,0,simulated,1
2025-01-01 00:03:40,simulated,75.56193966831682,90.8432300225613,99.16909427370122,2496282731.849163,5639119358.020755,406,3,2,simulated,1
2025-01-01 01:03:00,simulated,93.12130945749183,99.9680649367148,96.8957640957384,4914159161.262035,3755479354.911086,261,3,3,simulated,1
2025-01-01 01:31:30,simulated,82.77863107512533,95.42245018955084,98.4446560127978,8708851431.465088,1232372089.753087,116,2,3,simulated,1
2025-01-01 00:55:40,simulated,8.225910176540452,49.722817828602906,43.97637132731157,158271151.77859718,160621355.44372848,8,0,1,simulated,0
2025-01-01 00:29:20,simulated,82.50692150377095,83.56390779359262,99.3162005854574,8064744549.838894,5464928684.530574,279,3,0,simulated,1
2025-01-01 01:29:00,simulated,85.1456058780841,79.56175442128703,94.1181589473548,1896901990.467801,9796044722.808949,334,3,1,simulated,1
2025-01-01 00:27:50,simulated,94.40292562506296,94.35327259554084,91.86105294885112,6114887330.832173,3796316872.650063,467,2,2,simulated,1
2025-01-01 00:32:20,simulated,85.79227520133267,76.57557025578238,88.37852316517649,3928996047.4657497,5518835156.788051,392,1,1,simulated,1
2025-01-01 00:21:40,simulated,81.47343009000524,84.2863614345497,88.81596973185778,5111614337.59523,8610818840.701778,106,3,2,simulated,1
2025-01-01 00:30:10,simulated,85.71891221329285,80.17426561564562,89.87877481910056,7904965304.516345,3783739526.1897206,121,2,3,simulated,1
2025-01-01 00:51:10,simulated,88.01137476403494,81.10954812886933,95.5792902990828,2228440392.7734623,4515047432.593672,402,1,3,simulated,1
2025-01-01 00:08:00,simulated,83.13008206443044,76.36706312654127,89.79088336544903,8562115639.976086,3171713981.501292,289,1,1,simulated,1
2025-01-01 00:08:50,simulated,93.3789272503198,75.38515329077032,97.75248082288392,2802756863.097871,6845758986.543688,127,3,4,simulated,1
2025-01-01 00:38:00,simulated,12.939175245497372,48.79532521446438,49.27757238914744,858882486.908644,435851818.3869115,17,0,1,simulated,0
2025-01-01 00:58:40,simulated,5.487408813666095,34.6633459764195,43.92184149876757,764669984.9314947,747823847.0404434,16,1,1,simulated,0
2025-01-01 00:54:40,simulated,89.6925883568683,76.92797017900274,81.92926182728822,3691156499.66963,1174051261.1332898,260,1,2,simulated,1
2025-01-01 00:35:20,simulated,3.7204092327944194,39.68079013437895,41.09078833386775,672670499.7358458,460187447.2142257,8,1,1,simulated,0
2025-01-01 00:13:10,simulated,7.556760841732919,43.512870430568526,59.69731094691166,338968349.53935546,24067778.21540638,43,1,1,simulated,0
2025-01-01 00:24:40,simulated,0.4294081862139354,27.76533310577059,42.960926843256814,306730541.3648628,825430904.3422675,29,0,0,simulated,0
2025-01-01 00:50:20,simulated,9.30090321737328,27.30511245591157,41.16753751140817,302519723.110035,913674083.4370458,44,0,1,simulated,0
2025-01-01 00:38:00,simulated,72.26510677001404,83.48455468620736,89.77010845090416,4414900696.187529,4600519636.17338,283,1,3,simulated,1
2025-01-01 01:02:50,simulated,74.0306875600619,81.27894431652871,90.21633822909511,9000857479.71542,2708654410.298765,262,4,2,simulated,1
2025-01-01 00:17:40,simulated,96.63035744671144,71.85053030425571,95.23242771370845,3554832793.5193825,4753977088.618755,118,4,0,simulated,1
2025-01-01 00:57:00,simulated,13.196440225100226,22.643516050017144,53.26914505697588,831207001.343574,163895854.90750167,6,0,0,simulated,0
2025-01-01 00:14:10,simulated,89.48433947707763,98.44804587844033,93.35571877174505,7059732994.950741,1944495444.7273724,235,2,4,simulated,1
2025-01-01 00:51:50,simulated,95.528782042732,84.34435328997664,89.76367364763362,7390079711.327403,7549226343.530416,257,3,3,simulated,1
2025-01-01 00:22:10,simulated,8.679557631273928,49.22539768703694,43.08385518209802,747702783.3711916,865785846.3599491,30,1,0,simulated,0
2025-01-01 00:50:30,simulated,77.77792606349608,85.31688664998381,95.33597618461609,1639294794.9352832,9660906789.724373,435,4,3,simulated,1
2025-01-01 00:51:50,simulated,14.650816957451502,33.781363233630955,57.24504411919436,550122188.5650122,473029682.9305276,40,1,1,simulated,0
2025-01-01 00:53:40,simulated,82.8479108245934,88.81821517439349,80.22363590665219,4437446207.859459,4106992243.260768,182,1,1,simulated,1
2025-01-01 00:38:10,simulated,91.88345210577263,70.4242149264137,92.23896580219684,2325369297.083118,6374854893.894003,312,3,2,simulated,1
2025-01-01 00:00:00,simulated,19.205029411912435,29.1570581555508,51.12384778463472,501585780.5275085,231275556.19597232,18,1,1,simulated,0
2025-01-01 00:52:40,simulated,3.3160475698725667,39.71685143238799,56.93742465412427,640124919.626641,150620156.7348284,5,1,1,simulated,0
2025-01-01 00:51:00,simulated,76.59089076594361,99.66396614358048,92.6615800990036,1746750851.5750017,6249040668.254023,208,4,4,simulated,1
2025-01-01 00:24:30,simulated,90.19415076776424,94.11201225876508,90.61271434249323,8292379570.70294,2717176610.426346,268,4,4,simulated,1
2025-01-01 01:18:40,simulated,90.88991569434992,71.86300611993362,88.26815186859304,1074211873.1818042,7504055908.709871,182,3,0,simulated,1
2025-01-01 00:22:00,simulated,90.02676462508825,74.37990154931859,81.17084471779272,4857945331.636253,4717598444.999168,101,4,2,simulated,1
2025-01-01 00:12:50,simulated,98.5790289829206,85.72054810907206,81.61926368192779,5535299365.20498,7813290353.171973,324,1,3,simulated,1
2025-01-01 00:00:40,simulated,79.963868355372,88.33157427276737,94.9332152203261,1178141936.9627671,6608790574.248219,255,4,0,simulated,1
2025-01-01 00:28:40,simulated,16.20886813140469,43.98221164904044,43.88142736036568,9263571.956053276,761558921.0282909,18,1,1,simulated,0
2025-01-01 00:20:50,simulated,5.29989049226015,46.77728564286013,42.61872876272448,596741016.5923713,527911866.5833184,31,0,1,simulated,0
2025-01-01 01:05:40,simulated,14.280497677620827,38.750295567954666,41.88966965164303,967693602.3834758,976274495.1383276,12,1,0,simulated,0
2025-01-01 00:03:20,simulated,85.34351922258074,93.70510969957073,92.69854116441306,8772650198.912428,9290604243.965153,204,2,0,simulated,1
2025-01-01 00:25:20,simulated,77.87336903778598,79.24036646551835,88.54517162644595,2537062224.390232,2039226221.953632,294,1,3,simulated,1
2025-01-01 01:23:50,simulated,71.4636849689373,77.76619514019086,84.61576856438164,1809862740.05616,2431082114.870987,275,4,4,simulated,1
2025-01-01 00:15:00,simulated,15.506517933508302,35.03438056164851,54.09005795339502,268555585.95986545,897395407.6924411,45,1,1,simulated,0
2025-01-01 01:29:50,simulated,84.90378736005657,75.61156743135922,90.82323102055592,2686981070.748822,4861041536.27715,142,3,3,simulated,1
2025-01-01 00:30:10,simulated,9.92160400497327,21.150887668767638,44.2862901361928,408669570.2392497,374443601.3095248,33,1,1,simulated,0
2025-01-01 00:45:40,simulated,0.127987146311852,27.998979195510994,43.73485375516898,211334624.3087104,97551478.68121602,14,0,1,simulated,0
2025-01-01 01:22:30,simulated,95.78039778712278,75.78251616078705,87.50288442587663,6080447474.059153,6143852541.419507,414,1,1,simulated,1
2025-01-01 00:11:30,simulated,19.24924498198757,33.34798721617027,40.43165032229158,454923403.4043361,779510193.4900228,30,0,1,simulated,0
2025-01-01 00:48:30,simulated,18.14747795163013,42.00197000598229,49.70797219345538,586449587.8707756,284526404.2928828,47,1,1,simulated,0
2025-01-01 00:21:50,simulated,18.12738239282561,38.052676687022334,42.77806280005613,952312491.530981,334799258.94302785,49,0,0,simulated,0
2025-01-01 00:50:00,simulated,7.700203070429675,36.97753805458856,59.35341589182075,578927240.028391,445973934.5641622,44,0,0,simulated,0
2025-01-01 00:04:00,simulated,80.5721471319905,76.6858409467472,95.81860529897207,1939045008.5878253,9775684531.663189,487,1,1,simulated,1
2025-01-01 00:54:20,simulated,0.1838855582037069,36.94677994412224,54.51470865466875,380254481.1290019,982787660.2998172,17,1,0,simulated,0
2025-01-01 00:24:00,simulated,10.53200764669265,24.382553729171114,57.664934306263135,318086363.3194404,826727916.3981713,6,1,0,simulated,0
2025-01-01 00:03:50,simulated,98.54702740087242,98.8346327766944,94.15557383924684,3263709372.455034,6007814434.210511,424,4,2,simulated,1
2025-01-01 00:30:00,simulated,90.04089355849928,99.78228905036748,92.11396023964448,8609285053.938637,2560966360.5054936,187,1,1,simulated,1
2025-01-01 00:22:30,simulated,15.226063052441162,38.03641107350239,44.359953307107446,996161041.7938932,802133727.5940053,22,0,1,simulated,0
2025-01-01 00:08:20,simulated,79.85938245905373,85.81381775254528,82.42141727994769,9445234464.951576,5806710811.410241,349,4,3,simulated,1
2025-01-01 00:27:20,simulated,13.972522275186748,20.66162258369904,47.5794725339354,742554675.376236,105003235.7336995,43,1,0,simulated,0
2025-01-01 00:04:40,simulated,2.694418966059988,31.55058556907593,52.285050052335066,279100322.1249822,34319125.04084276,28,0,0,simulated,0
2025-01-01 01:02:10,simulated,95.84907571234696,77.14100812760856,85.1274804380276,6628417756.865906,1000856560.7407982,360,4,4,simulated,1
2025-01-01 00:32:10,simulated,15.65101147984633,45.20637832865241,45.13271776793773,237020800.4576037,832478395.9443742,35,1,1,simulated,0
2025-01-01 01:04:40,simulated,13.066391277269354,21.53094390903084,56.93935862910451,341150457.7428291,590594666.0528783,4,0,0,simulated,0
2025-01-01 01:15:20,simulated,76.9158974178275,92.89974601797827,95.10830164772682,2580083259.5824537,6986241397.040756,134,3,1,simulated,1
2025-01-01 00:28:10,simulated,2.7642662804127505,31.6448459348676,43.751213569330105,294604349.8600121,653353516.0280534,43,1,1,simulated,0
2025-01-01 00:50:50,simulated,99.744292496745,99.11481532866252,96.00204170827854,4057687449.682607,7961468216.11402,262,1,1,simulated,1
2025-01-01 00:23:20,simulated,18.97345543669579,41.00194618742605,53.14169875163259,764737685.7221041,948100841.4997247,21,0,0,simulated,0
2025-01-01 00:28:50,simulated,1.898841453153719,29.59279668190653,57.67640489089429,950121511.4507138,400612270.1775676,24,0,1,simulated,0
2025-01-01 00:01:00,simulated,12.401319782071468,20.298704685949343,50.59731971679743,746188053.436755,322830859.03224564,28,1,0,simulated,0
2025-01-01 00:57:30,simulated,78.30344960530773,81.5552819903572,82.26269467394478,6249681912.137672,2711706117.754001,165,3,1,simulated,1
2025-01-01 00:13:00,simulated,80.46097003052938,75.396395141076,90.74480031690678,9287296569.30777,9858082442.34864,450,1,4,simulated,1
2025-01-01 00:12:10,simulated,11.99884897053132,25.288113080780697,52.73757600025334,510618971.1587734,749997724.9207821,13,1,0,simulated,0
2025-01-01 01:25:00,simulated,80.31439692289796,89.42324160464983,93.28088515007448,2001651844.4531825,9821916533.55222,167,1,1,simulated,1
2025-01-01 01:08:50,simulated,78.05002518452856,98.16876386782148,84.17105580321383,8963270580.936306,7686274490.287678,235,4,3,simulated,1
2025-01-01 00:39:40,simulated,9.141716117995708,38.20521498950588,55.04402397158666,878104233.4707905,682556432.2797328,41,1,0,simulated,0
2025-01-01 00:24:10,simulated,18.573926439757265,33.72995777661096,45.10773226332334,351452955.0045209,20503977.17873325,21,0,0,simulated,0
2025-01-01 01:05:20,simulated,80.90152470253926,78.87857590641794,88.58966371885236,6344060392.518114,6550460851.505087,405,1,1,simulated,1
2025-01-01 00:39:00,simulated,17.68137853527799,49.11956613001863,52.171515341526245,463274926.01078224,203171568.9581491,48,0,0,simulated,0
2025-01-01 00:36:40,simulated,1.1979597221299554,33.95911933663713,47.3462658621792,575598082.3569432,894169423.1809951,36,1,1,simulated,0
2025-01-01 01:27:10,simulated,73.37011947036785,70.1525587101686,84.63670787368788,9359110118.66046,7183168958.85866,285,4,4,simulated,1
2025-01-01 00:16:40,simulated,78.02111643983113,99.99243461206154,88.9699754149868,8446300762.699903,7256062065.994013,470,4,1,simulated,1
2025-01-01 00:22:00,simulated,5.024897822249534,42.39371880591352,45.98174451499015,322447193.679083,729436507.4663407,43,0,1,simulated,0
2025-01-01 01:38:20,simulated,85.97671628731835,93.80327102871772,89.59183670649882,7891127099.964653,7050883988.619616,407,4,4,simulated,1
2025-01-01 01:02:20,simulated,82.43007482262455,81.72302826101169,98.96429764625694,4250070630.0433526,4921922148.628982,112,3,2,simulated,1
2025-01-01 00:30:50,simulated,3.788343842259589,35.3406341879664,42.58470642330016,441562099.5704022,34290125.8892371,37,0,1,simulated,0
2025-01-01 00:06:50,simulated,6.117363819969006,28.26532825648451,43.50589479197312,375033549.61434346,772690272.6278969,49,0,0,simulated,0
2025-01-01 00:49:20,simulated,99.47564096441629,94.67135898987635,86.85368342841598,5458652171.097368,8655808618.187204,208,1,4,simulated,1
2025-01-01 00:18:00,simulated,11.531375170723807,24.90345949270724,58.03126659528172,838644564.4545969,209143247.59078935,5,1,1,simulated,0
2025-01-01 00:31:20,simulated,81.03575412781184,88.81250694614144,86.51299442503547,4911499035.913668,7623445817.985377,295,2,1,simulated,1
2025-01-01 00:09:20,simulated,15.053252211160046,23.91295725010672,56.89492174879754,574557818.8998684,805538388.2702231,11,1,0,simulated,0
2025-01-01 00:00:50,simulated,70.51938563243485,82.952427510712,97.4156941066453,3151882538.128736,2959010084.64154,184,3,3,simulated,1
2025-01-01 00:07:00,simulated,94.57499085868444,72.77110924582094,99.13142235806797,2478829403.5379105,8128511541.501932,168,1,4,simulated,1
2025-01-01 00:59:30,simulated,98.8067383139552,89.46435019175286,95.9785022444713,9061292107.73762,5951370322.538594,448,4,4,simulated,1
2025-01-01 01:39:30,simulated,72.65258468906026,83.97708644077545,83.62359579966801,7421596871.806666,9807168748.716156,461,3,0,simulated,1
2025-01-01 00:04:00,simulated,0.5906062441303694,42.24840229124503,58.16363777187457,70264877.86053099,300198264.60911715,30,1,1,simulated,0
2025-01-01 00:11:10,simulated,73.7053462031018,76.49985007207849,97.59417904608628,3623009076.189696,5988384239.441268,208,1,1,simulated,1
2025-01-01 00:23:10,simulated,90.9533120174531,71.7696285726615,95.94797680872668,9614810548.556692,4552847591.212479,174,1,2,simulated,1
2025-01-01 00:21:50,simulated,72.12712473071454,84.66214022417728,89.00090978534949,4355605182.731034,1438248091.1394286,111,2,3,simulated,1
2025-01-01 00:36:20,simulated,90.2573386498274,91.22171422633905,92.6877031437527,6769663712.82125,6023899536.746083,380,3,2,simulated,1
2025-01-01 00:49:00,simulated,98.79215197974162,85.28111844764801,85.03151396512226,7756257415.92228,5851050067.058927,368,2,0,simulated,1
2025-01-01 01:27:40,simulated,75.43700100997701,96.49882178455408,95.72376570158085,4777133642.087303,2635602199.3187747,342,1,4,simulated,1
2025-01-01 00:56:20,simulated,10.544136411570555,33.678768550178475,50.39887371221184,737405254.583097,621687303.1944937,7,1,1,simulated,0
2025-01-01 00:08:30,simulated,3.606133988430502,33.60955504426537,45.43974683330271,466320809.7739528,340120471.07367355,29,1,1,simulated,0
2025-01-01 00:17:50,simulated,73.18600604979875,90.59376714420092,88.00880014643077,8139205875.445077,1061982819.4954896,438,3,3,simulated,1
2025-01-01 00:19:20,simulated,73.85255150442521,76.20961541946528,99.60963381735984,6534992597.272009,6130684227.816584,362,4,4,simulated,1
2025-01-01 01:26:40,simulated,90.18389304566608,81.44305424231193,80.39162533701305,5239214398.440799,8066400168.864537,214,4,1,simulated,1
2025-01-01 01:03:30,simulated,92.97049244393185,73.78040981145558,85.80106179943476,4495072967.284703,1464063395.9643023,210,2,4,simulated,1
2025-01-01 00:44:00,simulated,17.118384840666234,38.0166903895778,43.582630911523786,108695737.67536816,215949737.38360712,45,0,1,simulated,0
2025-01-01 01:09:30,simulated,96.58959125213975,80.44363828202509,97.9971232858083,1776666301.2319903,2426347652.838847,308,1,0,simulated,1
2025-01-01 00:51:40,simulated,92.2076452118575,91.88020870180496,86.88001458549077,8930202817.776436,2355752432.489055,430,1,0,simulated,1
2025-01-01 00:47:00,simulated,81.42608617994274,77.8153433553948,92.64487084840718,5138154277.59816,1983656845.198786,356,3,1,simulated,1
2025-01-01 01:12:00,simulated,73.31025013062445,76.32407979524149,84.33900438208615,6193062225.601754,6548481936.786624,412,2,0,simulated,1
2025-01-01 00:19:40,simulated,95.77470442217944,83.32972172677813,99.1326514996966,4752582786.883545,6680043720.496887,141,3,2,simulated,1
2025-01-01 00:07:50,simulated,73.68338063943727,89.63364710481595,93.82491074272,8346735446.46841,3355308960.710543,387,1,4,simulated,1
2025-01-01 00:03:00,simulated,17.84523324448451,24.828537931834244,50.58020559391786,747799080.2090198,880174832.1053469,48,0,0,simulated,0
2025-01-01 00:52:30,simulated,85.25529366990936,85.24651673583493,96.2896563845324,9563778320.769009,7731165924.583045,157,1,2,simulated,1
2025-01-01 00:13:50,simulated,83.07915327087551,89.09237856411391,81.65517620877239,3805157489.682872,1944184742.097559,152,1,2,simulated,1
2025-01-01 00:28:00,simulated,89.91121657460472,93.39262280805472,88.55096139955967,1567431357.6740594,1846368135.45721,342,2,2,simulated,1
2025-01-01 00:05:30,simulated,76.49882390152695,90.501323185207,91.12788206897982,1260840050.386921,6887324130.876358,434,3,4,simulated,1
2025-01-01 01:01:10,simulated,14.193980076514304,40.25526690478949,53.33392893558499,640662219.215692,827051738.5513841,13,0,1,simulated,0
2025-01-01 00:13:50,simulated,17.44594773384076,34.90672430548545,43.6926860335722,482028375.6916096,859055912.710583,48,0,0,simulated,0
2025-01-01 00:10:10,simulated,9.239845198432782,42.78217007470975,49.55235743719277,479386407.030018,856115026.4517224,21,0,1,simulated,0
2025-01-01 00:39:40,simulated,89.74619233906964,76.56234417144132,87.84769972098418,9762831870.819967,5516471685.950769,491,4,4,simulated,1
2025-01-01 00:45:20,simulated,2.1040791300682526,30.685026891863146,50.79627000521264,122452157.2457804,490688788.4377682,21,1,1,simulated,0
2025-01-01 00:47:30,simulated,9.771226679225474,43.03865249616047,55.43899075959246,741582703.9096386,885912400.6385338,46,1,0,simulated,0
2025-01-01 01:00:00,simulated,0.3266076397735618,37.58510473665113,47.257191307832144,306298798.5940805,96093697.53382924,8,0,0,simulated,0
2025-01-01 00:59:00,simulated,2.669747753356677,47.31311830772921,43.24773538911608,726715958.7039397,325542253.614707,11,0,1,simulated,0
2025-01-01 00:09:20,simulated,73.55073190605287,91.8806334901043,96.11088395300592,5048735614.351571,5910735122.807706,293,2,4,simulated,1
2025-01-01 00:46:20,simulated,13.363645861797709,38.47444021714991,50.08890748273869,625294624.7412169,329758165.1508529,29,0,1,simulated,0
2025-01-01 00:02:00,simulated,11.993832180032893,23.8715526158312,43.377051666325286,428879966.49843234,454668524.2223896,17,0,1,simulated,0
2025-01-01 00:30:20,simulated,5.892332545798736,44.11132773141324,51.414447766486845,130634348.16884692,168932699.51421392,2,0,1,simulated,0
2025-01-01 01:01:20,simulated,12.002196102781134,25.68598914376485,51.98813392741094,456744887.7025888,955960628.2019672,12,0,1,simulated,0
2025-01-01 01:20:10,simulated,70.46950629342119,98.02628923273964,93.937367945265,7009919268.501164,2102639072.8646688,435,1,4,simulated,1
2025-01-01 00:35:50,simulated,86.00834096483928,95.4661415154008,88.5472581796807,8317085128.336071,8973945700.182245,380,4,2,simulated,1
2025-01-01 00:37:10,simulated,7.352476458533184,32.62906479700163,42.796583938123455,464768053.96637774,733424177.0472151,49,1,1,simulated,0
2025-01-01 00:28:40,simulated,83.7727127517395,99.14526011617424,84.335957292457,4101066886.3015847,6958659377.41213,216,1,2,simulated,1
2025-01-01 01:35:00,simulated,74.99550807430343,73.64072091844999,89.32515151869964,9285325726.17683,7696880344.573633,366,4,1,simulated,1
2025-01-01 00:42:10,simulated,92.87664413566624,73.97267493135766,81.30228079380306,3327761369.823725,9223460082.442284,192,3,3,simulated,1
2025-01-01 00:24:10,simulated,70.30268810326794,85.79748204577601,89.23770929097779,9482679161.097383,6093652404.993998,150,3,2,simulated,1
2025-01-01 00:30:20,simulated,93.77916719500674,70.47854246290373,83.24983341386722,2576178084.412872,2105401831.917532,314,4,1,simulated,1
2025-01-01 00:38:50,simulated,83.24084664430444,78.892963551064,96.97737246477226,4762304828.405088,2056351070.069352,279,3,2,simulated,1
2025-01-01 00:29:20,simulated,19.68337060684188,45.45497155754414,44.666292851223375,396208747.2716752,290728598.23780745,20,1,0,simulated,0
2025-01-01 00:44:10,simulated,88.56860518181246,98.3501383838389,89.98608138241273,6675782736.834753,6376547863.066447,331,1,2,simulated,1
2025-01-01 00:45:30,simulated,98.0496300939398,83.39534180393555,83.91627697238047,6655731704.152817,7370044260.89621,283,2,2,simulated,1
2025-01-01 00:30:50,simulated,78.16051189922769,83.60204286209543,93.7810901230602,5460814437.815776,6124854465.852625,480,1,3,simulated,1
2025-01-01 01:18:50,simulated,83.1518366110493,73.70358263440322,96.55601304162369,8757925151.874054,6350259164.696801,368,4,0,simulated,1
2025-01-01 01:05:30,simulated,5.604629475153296,46.85027035409332,59.47160116279282,297159741.236551,286456905.32127273,18,1,0,simulated,0
2025-01-01 00:27:10,simulated,11.542570427556493,31.46339082122836,49.65252066649162,113541219.82487592,440053924.2058381,19,1,0,simulated,0
2025-01-01 00:41:20,simulated,15.758775399229703,41.59744257958859,57.093097145324585,425098404.15707815,821838721.9594198,40,1,0,simulated,0
2025-01-01 00:39:00,simulated,84.98758625760927,76.87070538514146,93.74686907837206,6524815830.21149,1537550840.0597565,134,3,0,simulated,1
2025-01-01 01:20:50,simulated,96.5276114259373,84.46027517200926,97.8897485352948,2896875669.9921217,7050494296.256522,313,3,4,simulated,1
2025-01-01 00:44:50,simulated,93.43244050609351,98.74719769582924,99.34241606794616,2244556241.0513487,9752947320.75097,232,3,1,simulated,1
2025-01-01 01:02:30,simulated,6.026808893095916,26.999770335435727,43.70577980665696,298177704.5343494,837340313.0889269,3,1,0,simulated,0
2025-01-01 00:02:00,simulated,91.15711772139062,70.27123443778899,80.07252763761537,4520558649.570118,6338703889.586956,383,4,1,simulated,1
2025-01-01 00:12:20,simulated,2.0890322295034336,35.447055213574174,45.70191873518469,460611971.1576665,353796040.1409499,45,1,1,simulated,0
2025-01-01 00:18:50,simulated,18.68122140064917,28.6073512067024,40.53517990491304,615260046.3516707,117045244.35127778,24,0,1,simulated,0
2025-01-01 00:33:00,simulated,84.76502743670954,91.89317643978568,86.52112029493382,7762073313.432189,5437141793.503876,302,3,4,simulated,1
2025-01-01 01:33:30,simulated,87.10340658313415,96.56529398635593,92.27292047943128,1476351641.6807544,8926933821.46998,174,1,3,simulated,1
2025-01-01 01:05:00,simulated,17.868626793517187,34.096357485423006,48.011224555376046,817776801.6410725,112794892.2960208,40,1,0,simulated,0
2025-01-01 00:17:20,simulated,14.293467698242376,40.2503798190036,41.093800046980974,159409907.2412955,804626875.699397,13,1,0,simulated,0
2025-01-01 00:19:00,simulated,16.43646936226881,35.61434787312071,47.637113843737936,622303904.5143332,313919777.8941957,44,1,1,simulated,0
2025-01-01 00:02:50,simulated,88.03405694911505,85.7978117867479,86.90616972478719,1523419487.3318949,4524352080.653583,198,1,3,simulated,1
2025-01-01 00:20:50,simulated,88.33910690317555,70.22768002978161,80.44085602047738,9453739512.41423,5396837107.996245,109,2,1,simulated,1
2025-01-01 00:09:30,simulated,80.43006657778575,76.82319955179368,89.52518607428061,2135816820.393318,3549893187.572236,442,2,1,simulated,1
2025-01-01 00:01:30,simulated,95.0836048918881,88.41847667171172,83.89566715496072,9332396494.433884,7240538208.030029,410,3,0,simulated,1
2025-01-01 00:15:20,simulated,12.050148679967874,42.04646823631192,42.35917388157816,344129558.45899856,914890882.5696242,14,1,0,simulated,0
2025-01-01 01:28:20,simulated,84.59133372378528,97.35203795060684,80.21563077058327,7724079170.0978365,6425035949.776257,207,4,3,simulated,1
2025-01-01 00:14:50,simulated,17.105846764324745,37.41233316049481,49.08777829526741,70172498.7139699,464699833.9598938,39,0,0,simulated,0
2025-01-01 00:56:00,simulated,1.9858535395259256,39.112723726721626,47.18338891802828,169107231.22025114,346000084.86896473,37,0,0,simulated,0
2025-01-01 01:38:00,simulated,74.94281529559926,93.1853803555376,96.82147135486844,7494522820.943735,9568602894.764622,158,2,2,simulated,1
2025-01-01 01:26:50,simulated,79.27690638942319,93.3928290004248,81.6110976948718,6677646173.693529,1465001276.652289,438,1,2,simulated,1
2025-01-01 01:28:50,simulated,99.63345754486168,78.19960216418005,99.48437924673416,1737616846.5935802,3206264346.3169813,317,1,2,simulated,1
2025-01-01 00:34:10,simulated,77.24237743443207,87.62429249065394,87.65690618887946,7656447684.22502,8326952979.837431,421,2,2,simulated,1
2025-01-01 00:32:10,simulated,94.2154410515071,73.7882250215256,99.64961796427907,6040020092.635628,2523796309.2683125,156,2,2,simulated,1
2025-01-01 00:35:10,simulated,99.0837881725363,98.84447432264732,91.63582188249528,3957940978.6363134,5118769498.601128,363,2,1,simulated,1
2025-01-01 00:15:40,simulated,16.74464529461263,27.22188348104121,40.2307184086321,669880986.5475851,953047270.7548128,2,0,0,simulated,0
2025-01-01 00:01:50,simulated,4.75301283347614,42.65737255245177,40.94498888726917,617365580.4972333,616292673.0980221,23,0,0,simulated,0
2025-01-01 01:06:00,simulated,17.639080618423733,42.46303400685009,49.96626581455148,336425909.5981487,415608891.838742,16,1,1,simulated,0
2025-01-01 00:22:10,simulated,77.58272032061397,78.31105882279209,96.23285006153776,6209673178.072719,7680352174.95451,343,1,1,simulated,1
2025-01-01 00:07:10,simulated,10.811462052751027,39.04917155473485,57.64827989944858,241264686.32423192,600000088.631694,3,1,0,simulated,0
2025-01-01 00:07:00,simulated,15.896192180618234,37.93676290495744,45.70300033417992,462575321.1888473,462636630.3008682,30,0,0,simulated,0
2025-01-01 00:54:50,simulated,10.630600629153273,38.109620360912736,48.61080227856861,546433735.178435,239256332.3628299,47,1,1,simulated,0
2025-01-01 00:27:50,simulated,15.656180508789108,21.10351198849107,50.84389986970947,589199112.7128372,640693809.6946961,2,1,1,simulated,0
2025-01-01 00:16:10,simulated,77.98167248724619,78.53505507404128,91.23942484406597,5429443003.413294,7997580600.236253,202,2,0,simulated,1
2025-01-01 01:19:20,simulated,89.30859450618382,82.25148906680067,82.60639316421145,6863761953.593051,5406460146.119704,441,2,4,simulated,1
2025-01-01 00:32:50,simulated,79.85812441659283,97.04553989947428,96.61329249690635,9692739790.121683,9319721425.420343,420,4,1,simulated,1
2025-01-01 00:59:20,simulated,80.58516916559067,74.72195992130659,95.38896374923848,2696867339.062489,2523386797.743718,440,2,2,simulated,1
2025-01-01 00:16:40,simulated,9.694650636676904,49.50874730490236,57.24121064970785,244696361.78371903,303555032.4366094,9,1,1,simulated,0
2025-01-01 00:04:20,simulated,79.0133474754305,76.87743519291772,98.73761723100552,6518263718.302447,6126087735.117087,161,2,4,simulated,1
2025-01-01 00:29:40,simulated,19.623513597232503,42.02347191196069,44.71080419374225,532568686.39461553,495336964.7304917,4,1,0,simulated,0
2025-01-01 00:07:20,simulated,87.0223332084733,71.62486858815292,83.58210932387584,5666300824.399955,5842618265.926776,262,3,2,simulated,1
2025-01-01 00:02:40,simulated,86.6870088950812,77.23015904075848,90.76492217227111,3518266088.5304136,7257386992.522358,240,3,0,simulated,1
2025-01-01 01:18:20,simulated,80.98279903372786,86.6989948725826,98.48215818564158,7626125325.986711,4818999756.874212,393,4,0,simulated,1
2025-01-01 01:20:20,simulated,90.9562525618033,85.13960770604766,91.42364057381528,7079506637.400291,6178498159.532822,326,1,4,simulated,1
2025-01-01 00:46:40,simulated,70.41335274594783,74.56970217623376,91.86009871349717,9426288148.007484,4434970301.173663,308,1,1,simulated,1
2025-01-01 00:29:30,simulated,7.946359246196433,46.36611864798256,54.02514209569648,48830660.7798143,142894832.62748504,7,0,1,simulated,0
2025-01-01 01:05:50,simulated,14.65568892398618,33.007062727710185,49.725967649261925,847317078.1567107,119167870.77781136,1,1,0,simulated,0
2025-01-01 01:25:10,simulated,85.54490582322386,83.53654782946307,82.0223001108974,7907577211.969423,2887926463.588071,218,3,4,simulated,1
2025-01-01 01:05:30,simulated,86.74931721061522,91.68539545114288,80.78834250202252,1037110385.5395536,1069086051.0051738,212,1,4,simulated,1
2025-01-01 01:33:20,simulated,92.98802032196724,93.04918253938348,95.86533636559317,7143693869.427168,7563450522.409838,305,3,1,simulated,1
2025-01-01 00:47:20,simulated,76.91080139932811,73.26841017634028,91.80297613839905,9400677711.903286,4108278657.776191,499,3,2,simulated,1
2025-01-01 01:03:50,simulated,11.69568971908114,35.60291617753313,48.29035193108021,479882090.9365954,913163174.6887798,19,1,0,simulated,0
2025-01-01 01:32:40,simulated,86.26021533808049,99.535338694242,89.22652455855003,6317453054.302988,9120244182.514088,370,1,3,simulated,1
2025-01-01 00:58:30,simulated,84.45790385251411,73.35812326645878,96.827197065387,8365972949.659853,9635341026.401772,408,1,4,simulated,1
2025-01-01 00:42:50,simulated,4.633872983836667,36.49691152761778,55.84685215068603,228215457.25785705,951151733.030692,22,1,0,simulated,0
2025-01-01 00:23:00,simulated,79.64155896563449,73.64537392429543,83.45354515758359,2136696492.5098877,9742300490.153872,440,4,2,simulated,1
2025-01-01 00:55:50,simulated,3.1003639812079853,22.878782874102303,48.15390153327602,599485040.9267296,783226180.182618,47,1,1,simulated,0
2025-01-01 00:02:30,simulated,14.995043373888777,36.77421871904004,49.61462596930625,483488756.54254967,687523959.2147065,43,0,0,simulated,0
2025-01-01 00:54:00,simulated,1.038828227123334,24.677961805813755,56.76463958985905,69884622.04399984,221004126.19629315,14,0,0,simulated,0
2025-01-01 00:59:40,simulated,88.25777786837553,70.463906825386,93.51680741785832,2459482193.8062816,4528096751.541891,231,3,4,simulated,1
2025-01-01 00:37:00,simulated,3.908934479883972,42.007089129957066,54.28843216706223,723361881.3682193,347959766.9500528,49,0,1,simulated,0
2025-01-01 00:29:50,simulated,7.649120518608818,24.02562026655738,56.92438226960546,156801630.44372565,146194443.0315454,6,1,0,simulated,0
2025-01-01 01:37:10,simulated,71.08233566559267,77.02742417304238,82.52129561112177,4119435380.777505,6578446255.448496,183,2,2,simulated,1
2025-01-01 00:03:40,simulated,8.448110879700305,20.830902254460845,46.465464910230864,826916892.4979987,913450502.0498602,3,0,0,simulated,0
2025-01-01 00:59:20,simulated,5.893397591432614,43.558794871535085,56.0378567626432,107501782.70664492,623096437.1548707,32,0,1,simulated,0
2025-01-01 00:44:20,simulated,76.77422501517407,80.77921831110258,92.09642923837627,4555444203.019192,5135817690.354504,424,3,3,simulated,1
2025-01-01 01:16:50,simulated,73.25450263358428,96.95158526339976,85.29154319888862,7435505156.346935,5649763665.146649,189,2,4,simulated,1
2025-01-01 00:56:40,simulated,4.69900187037619,48.35933940843272,57.03085562931873,562064329.522096,982608361.9789746,21,1,1,simulated,0
2025-01-01 00:05:10,simulated,76.01873642536984,90.89328197150932,86.43985921733355,9567470885.11192,7254141700.456582,110,3,0,simulated,1
2025-01-01 00:25:10,simulated,72.38580467434494,71.5187824300876,94.21949107986516,9501498527.727352,9863694278.083788,201,4,4,simulated,1
2025-01-01 01:12:10,simulated,95.87143881212408,95.32524804756824,95.64155992045238,3356094860.086215,9474485746.561611,149,4,2,simulated,1
2025-01-01 00:33:50,simulated,0.5895110087489308,35.51710980351312,56.43926812446909,287612572.9677449,445781226.8078796,37,1,0,simulated,0
2025-01-01 00:38:20,simulated,75.86237778104167,75.23455025493146,93.17611371586555,7789419601.703992,5870933117.232887,132,3,2,simulated,1
2025-01-01 00:15:30,simulated,15.390536003737182,36.204959625697086,49.99845298315301,664796629.2845392,500091738.3951072,44,1,1,simulated,0
2025-01-01 00:26:20,simulated,82.88055858507207,86.33609838604998,87.1588543141525,5264539363.097221,1260577471.8633604,428,3,4,simulated,1
2025-01-01 00:11:20,simulated,10.184764304303444,43.022004558210185,54.16836765456485,55776251.721698605,769420073.0914363,5,0,1,simulated,0
2025-01-01 00:37:00,simulated,73.57465497426375,95.993665881612,86.51188531154388,2245922482.0848227,6702605222.541971,188,4,2,simulated,1
2025-01-01 00:47:20,simulated,3.744434692088568,25.834119011819165,45.014716311487454,698971377.134559,401194486.0240865,1,0,1,simulated,0
2025-01-01 01:14:00,simulated,84.30394248828178,98.14943991831124,94.97481253053697,2903984564.923269,9333868894.097025,226,2,0,simulated,1
2025-01-01 00:05:40,simulated,79.78297532360862,88.44893972304345,83.84364532389161,5847613036.042264,6492720713.572505,239,1,2,simulated,1
2025-01-01 00:25:30,simulated,7.009276184202314,44.40185924088343,46.77766228780549,212482831.657922,875366160.9868814,47,0,1,simulated,0
2025-01-01 00:12:30,simulated,12.92750942228964,39.39433894479132,57.01895788483678,572234310.6467769,883528247.6530722,37,0,0,simulated,0
2025-01-01 00:55:00,simulated,71.47377145332537,88.26499715184318,81.52377636885006,7238868923.411506,6800292011.567909,346,2,0,simulated,1
2025-01-01 00:07:40,simulated,71.18215440678544,81.51858488639098,97.76602379064784,3584284247.461294,8247480667.866105,106,3,3,simulated,1
2025-01-01 00:31:20,simulated,4.761672356124993,48.28931048788894,40.89974831429907,199981867.0615636,879064775.9196179,15,0,1,simulated,0
2025-01-01 00:45:10,simulated,11.602933100601684,49.44441665033811,40.48239849383935,343689818.101562,390074100.09126216,35,0,1,simulated,0
2025-01-01 00:39:20,simulated,11.103242418819937,35.01963321856546,59.88031439633818,838679016.7343978,696628842.2503184,11,1,1,simulated,0
2025-01-01 00:14:30,simulated,96.85469324390009,81.57290158259362,95.17323994423164,2360060357.023542,4900370303.807076,244,4,4,simulated,1
2025-01-01 00:19:30,simulated,3.0184226617458987,44.47894561980293,48.03979282029031,122775871.05612868,814664581.6472042,2,1,0,simulated,0
2025-01-01 01:30:30,simulated,71.94261570753507,74.74921289405293,84.71861237381405,7855584975.874131,1771664642.5543814,424,3,2,simulated,1
2025-01-01 00:18:40,simulated,86.79716813737473,81.52798075624749,91.9486158783191,5918490513.8854885,5901950435.530196,349,1,0,simulated,1
2025-01-01 01:10:50,simulated,90.50232960633208,76.82307446264065,84.54985493598922,9984837711.77253,6549713057.038164,181,4,0,simulated,1
2025-01-01 00:31:50,simulated,97.46711932729276,71.45346105307189,85.87715943224813,6730799743.159415,2871526259.150094,492,4,2,simulated,1
2025-01-01 00:21:00,simulated,4.472648189896762,48.50043021329271,41.52301726652141,40234962.00072074,773386879.3675016,30,1,1,simulated,0
2025-01-01 00:19:20,simulated,7.372831821818659,49.81983568767134,47.03637080134016,247014930.76272556,21605866.24286997,7,0,0,simulated,0
2025-01-01 00:12:10,simulated,90.41474157301708,87.00009596446995,90.3937313529764,6443794669.797734,2282074042.360735,403,2,3,simulated,1
2025-01-01 00:48:50,simulated,83.81967294839478,93.12247594433993,93.70556843613645,1028322849.2513726,7822910307.37663,284,2,3,simulated,1
2025-01-01 00:09:30,simulated,8.881489411629795,47.07209156599973,48.59795735165781,787641131.2556815,808327694.4595679,45,1,1,simulated,0
2025-01-01 01:17:10,simulated,83.4584274660383,80.02477793053922,80.16035385939139,2177555975.516985,6202079242.273438,457,3,2,simulated,1
2025-01-01 01:25:20,simulated,95.32613663033936,95.6554337540206,99.53474389209988,4745520330.971665,9754966402.098627,333,2,0,simulated,1
2025-01-01 01:01:30,simulated,18.154329904366666,33.179601529534885,41.443164614907495,147856103.4171328,776005594.1041092,14,0,0,simulated,0
2025-01-01 00:44:40,simulated,15.754704713441887,47.97867538302192,45.76720034199984,686346527.4516966,141936611.46435165,48,0,0,simulated,0
2025-01-01 00:07:40,simulated,15.576582330055142,47.16560620442942,55.28881289319375,767525656.3531165,658398270.4872173,29,0,1,simulated,0
2025-01-01 00:58:10,simulated,4.844322129278293,29.325421450926477,42.55030476117396,558142086.9922216,6618334.599033644,17,1,1,simulated,0
2025-01-01 00:32:30,simulated,1.5109872508278666,22.76140520323392,45.548050226315695,103220584.13073848,833949909.8799556,37,1,1,simulated,0
2025-01-01 01:39:50,simulated,75.30007712408853,74.83316829867879,92.25544041890936,9730432776.05149,4211610536.5688863,119,2,2,simulated,1
2025-01-01 01:12:20,simulated,85.99139324064595,97.55141457738044,82.41910090306743,8548813421.02742,6943006073.651834,439,2,3,simulated,1
2025-01-01 00:56:00,simulated,90.93310874254276,88.83283014109973,93.49996906783734,4376451294.426144,4870350004.307392,197,4,2,simulated,1
2025-01-01 00:43:50,simulated,17.53126230832708,22.308934241905455,44.40493958905931,809855801.2865177,780574424.3573409,31,0,1,simulated,0
2025-01-01 00:07:10,simulated,76.1656502708195,89.8008626528642,83.09450455965532,7261396378.653234,2661917624.3407307,200,3,1,simulated,1
2025-01-01 00:45:50,simulated,97.68116015351006,98.3474397605345,81.66257814293814,5461120841.6336,7047138093.92291,222,1,1,simulated,1
2025-01-01 00:50:40,simulated,19.452139347496328,46.81962681663183,48.58224583993061,134586983.72412887,472375612.6557104,24,1,0,simulated,0
2025-01-01 00:56:50,simulated,9.833473100344987,45.13189377397789,55.16014956912764,880577677.863898,53711254.78622898,29,0,0,simulated,0
2025-01-01 01:34:20,simulated,81.09537774223227,85.53728647068066,83.74064968194445,5940624423.752172,8269116196.51054,194,2,2,simulated,1
2025-01-01 00:24:50,simulated,2.6881005542129177,45.94913165619107,43.625664479249416,757474505.0516378,597253257.5031482,21,0,1,simulated,0
2025-01-01 00:20:40,simulated,2.7144091911735835,24.300633909065304,53.58085519193224,509223176.84822726,149138298.7420846,2,0,1,simulated,0
2025-01-01 01:04:20,simulated,73.7095515236458,92.36418081644854,87.97773272906602,5276721216.605492,8534560919.823369,452,2,4,simulated,1
2025-01-01 00:08:20,simulated,10.463993466990978,20.1903787398346,56.78861069339689,541786889.8086219,466670285.5676543,24,0,0,simulated,0
2025-01-01 00:58:50,simulated,13.892578940017309,38.33637647744942,59.67905073863931,326529907.7609394,261973995.17862585,28,0,0,simulated,0
2025-01-01 01:27:50,simulated,92.60374304501433,71.82872945864104,99.46020395712236,4693393367.967072,3635184244.631237,491,1,1,simulated,1
2025-01-01 00:23:40,simulated,19.31153007417737,34.78930647062023,49.47924286031952,640274677.9947062,586404915.8255895,14,0,0,simulated,0
2025-01-01 00:11:40,simulated,82.49084714593201,79.02710111264753,92.54554944617465,9328519354.025175,7061914637.954093,385,1,1,simulated,1
2025-01-01 01:06:30,simulated,1.928992756698116,28.26385379408659,56.28380201503453,131331637.05712377,35723965.58742758,40,0,1,simulated,0
2025-01-01 00:37:30,simulated,91.41733768099289,73.5997449587191,91.51965242097528,4128680953.1290097,5551188282.37958,420,2,2,simulated,1
2025-01-01 00:53:20,simulated,12.804773905910402,35.75156099021653,59.43560598712578,346270730.50712216,444198834.3563381,27,0,1,simulated,0
2025-01-01 00:03:10,simulated,7.9730144106937555,41.55633168249388,54.69796177738181,532165634.3119541,957856321.164336,33,0,0,simulated,0
2025-01-01 01:08:10,simulated,85.8878574575474,74.64641070950536,87.3949764880534,3672302928.389049,5319486985.842867,322,1,4,simulated,1
2025-01-01 01:05:00,simulated,83.52067440443852,72.92768831926915,86.99900916062614,3435377021.114541,4636027458.0605135,265,3,2,simulated,1
2025-01-01 01:08:00,simulated,73.47618027049916,76.15796693255487,89.45070168700519,5325940919.986835,8054510926.719663,191,1,0,simulated,1
2025-01-01 00:01:10,simulated,98.66947348258996,72.5803376541528,89.04051745069751,3479390690.106638,9517310876.236206,212,3,2,simulated,1
2025-01-01 00:22:50,simulated,77.51538959447468,98.28093012732576,94.23547585405385,2177051040.465293,9793662704.51568,214,4,0,simulated,1
2025-01-01 00:36:40,simulated,84.51000303607088,74.14872024019985,87.05279705323439,6582176641.57885,9913652487.857267,103,4,2,simulated,1
2025-01-01 00:06:20,simulated,4.537470014663006,23.842815923459305,45.22860248766923,650277874.6615124,239541779.38760287,37,0,1,simulated,0
2025-01-01 00:29:10,simulated,18.874195754613893,49.08325724476887,55.242963199594016,252083036.8763245,113321043.38597228,22,0,1,simulated,0
2025-01-01 00:40:50,simulated,11.223780227539436,44.81669255369438,50.01900572123165,772564355.1496137,857918173.674474,46,1,0,simulated,0
2025-01-01 01:11:20,simulated,94.4899365608366,90.91931461309213,87.4046727158658,8279235426.660389,1490708071.2114224,282,2,3,simulated,1
2025-01-01 00:44:30,simulated,97.57199491304372,86.9023283595061,94.00573707914262,5876028302.829412,9900198945.406591,189,4,4,simulated,1
2025-01-01 00:59:00,simulated,97.78430498453916,79.97078685066809,82.81313197943516,1240300556.039682,1760588553.2742944,207,1,1,simulated,1
2025-01-01 01:16:20,simulated,78.59021155128696,95.00790232866616,93.7365327957805,3851562643.487876,1547922000.515296,272,2,3,simulated,1
2025-01-01 00:25:40,simulated,6.433193451213832,36.30048031947449,58.60112429794214,319138032.3656986,822057689.7514151,28,0,0,simulated,0
2025-01-01 00:47:50,simulated,16.210670951856642,34.37174379257122,45.098687435736586,556939317.8430637,532524276.0306221,4,0,0,simulated,0
2025-01-01 00:33:40,simulated,80.5092236869908,99.93314037994946,86.70000925609799,6322268194.016328,7214268913.32091,375,4,1,simulated,1
2025-01-01 00:28:10,simulated,99.48018787849684,76.24677626624748,92.4713580793786,5066188775.906145,5422551780.434668,158,3,2,simulated,1
2025-01-01 00:57:10,simulated,99.6375094081446,95.82907548558975,91.86910420792164,7156546111.888741,6780671770.826253,180,3,1,simulated,1
2025-01-01 00:02:50,simulated,18.10823608287591,49.425780112728745,44.904706661304985,745652646.851627,759458411.8476229,39,0,0,simulated,0
2025-01-01 00:21:10,simulated,8.765068718576494,42.80364430474855,58.64200885681551,93273021.434378,84731968.60370182,12,0,0,simulated,0
2025-01-01 00:53:40,simulated,7.686891124769146,40.61502650848815,48.02253841657979,175145923.07531142,172086936.72972867,36,0,1,simulated,0
2025-01-01 00:42:30,simulated,3.4071144805120324,36.31569532868998,42.25467014275145,321174775.5305921,61059349.25502654,4,1,0,simulated,0
2025-01-01 00:42:50,simulated,90.293723230271,88.20686865769801,82.53139722009593,6382155482.495545,6783431743.6020775,234,4,3,simulated,1
2025-01-01 01:34:00,simulated,91.07813966205192,77.65366873865653,86.1091830908279,9455040458.09847,2910342401.8640046,469,2,2,simulated,1
2025-01-01 00:31:40,simulated,14.080406066177147,31.412328517559857,42.99992104086185,969405929.1919644,925121931.6925886,9,1,1,simulated,0
2025-01-01 00:19:10,simulated,10.607870175455162,38.88919959702359,54.2722372195719,398708050.3172568,705341400.0182304,25,1,1,simulated,0
2025-01-01 00:36:00,simulated,77.96849921841886,72.36518488979483,89.2466076073591,6336079019.420988,5114270280.068168,489,3,2,simulated,1
2025-01-01 00:34:20,simulated,75.80147085475853,78.92726735823805,99.1277671917453,6029766881.038854,3932675859.589896,144,3,4,simulated,1
2025-01-01 00:30:00,simulated,11.0946471821231,43.04808062121212,49.106319100965145,863752814.063935,751986668.0997486,26,0,0,simulated,0
2025-01-01 00:50:10,simulated,9.362586267809707,22.628495533222114,46.33985156484719,705297559.259355,490257636.2040148,33,1,0,simulated,0
2025-01-01 00:59:50,simulated,74.43976762141604,82.9421855433281,88.56277895214265,5102322328.6252,1742562642.2812314,422,2,3,simulated,1
2025-01-01 00:52:00,simulated,87.65812907821338,73.31482678483805,98.5912694652956,2779197106.9237413,3292200038.1179395,195,3,2,simulated,1
2025-01-01 00:53:50,simulated,74.30644354993979,95.00128193959046,88.22088102269711,7692612512.990677,9368772513.56212,289,3,4,simulated,1
2025-01-01 00:47:30,simulated,89.48345512050948,86.56296247976525,89.13983162683188,9432034016.081251,1107470676.3990543,389,2,3,simulated,1
2025-01-01 01:36:30,simulated,94.1738559195562,71.5350441710766,81.83712413588272,7063706991.432057,1670920711.89471,298,2,4,simulated,1
2025-01-01 00:19:30,simulated,78.8824786010146,91.8345105569205,86.86700248385947,1184239891.358774,3865816502.490089,396,1,0,simulated,1
2025-01-01 01:37:20,simulated,92.93077542552844,81.77191635778055,99.61899986960682,6576816106.064904,2705141046.7286377,231,1,1,simulated,1
2025-01-01 00:07:30,simulated,15.346451839333051,46.888493363512296,44.75301408709161,829126220.5559827,890211210.6821681,48,1,1,simulated,0
2025-01-01 01:24:50,simulated,71.84792715042595,96.88782419947404,82.72509974889063,3713688303.025718,3381066128.259,201,4,1,simulated,1
2025-01-01 00:26:10,simulated,13.943859537386436,36.51124146929596,56.19471891294216,853189242.5026612,387784344.8690125,20,1,0,simulated,0
2025-01-01 01:15:10,simulated,82.35476453478077,74.04088923416899,92.2979610042346,2859316711.4782915,2485810428.458546,291,1,4,simulated,1
2025-01-01 00:28:30,simulated,14.39433224179921,34.918886924608195,55.97663493846899,249303928.7339993,650568671.4259169,35,0,1,simulated,0
2025-01-01 00:02:40,simulated,19.48312418161835,32.984860790493364,48.357725515901286,904932986.7688408,978655621.9448406,6,0,1,simulated,0
2025-01-01 00:18:30,simulated,91.58478186814024,92.39369833618731,83.67705973288548,5710772470.87386,4332527380.392049,399,3,0,simulated,1
2025-01-01 00:08:00,simulated,5.193337740345932,25.666247454964584,58.67033488498862,168353752.29474083,281089875.5629771,42,1,1,simulated,0
2025-01-01 01:35:10,simulated,78.29154534326499,98.9414505793431,84.56665173142488,5143926937.931095,8895608863.008617,266,4,1,simulated,1
2025-01-01 01:30:00,simulated,86.57374547896958,74.15914957810296,96.80222470669784,7167912207.021996,5638274223.676534,459,2,1,simulated,1
2025-01-01 00:19:10,simulated,80.94702323773252,91.50193200030688,94.37922852925884,9430761958.611029,5689430158.31127,414,2,1,simulated,1
2025-01-01 01:32:00,simulated,88.58696882946455,81.90217023256474,88.09180665644926,3092795146.1437044,9925699128.45666,448,1,2,simulated,1
2025-01-01 00:13:20,simulated,96.13071941446944,99.55829152258444,84.6877610478017,9173533412.240688,4686253061.740549,316,2,1,simulated,1
2025-01-01 00:47:10,simulated,16.866748204138744,45.96132882697744,42.575823040569965,622884522.9397833,774008631.8004107,43,1,0,simulated,0
2025-01-01 00:53:00,simulated,83.01688434371614,90.79981108168649,84.62924894743004,3971634504.915408,6394455015.995027,385,1,2,simulated,1
2025-01-01 01:19:30,simulated,96.24818549538608,79.5950872807147,97.1080968900799,8180600927.852485,6992371792.6704645,239,1,4,simulated,1
2025-01-01 00:37:30,simulated,19.90948079150527,32.873946470488896,59.48263661786471,100605193.40437858,802101275.9028763,20,0,1,simulated,0
2025-01-01 00:04:20,simulated,10.295869747262882,39.96511673383448,50.2432602599886,83267111.5025859,424735804.2369141,2,0,0,simulated,0
2025-01-01 01:32:20,simulated,70.6364017780764,84.92557550036675,96.92607813012884,9386845345.64038,7733528762.046435,439,3,1,simulated,1
2025-01-01 00:06:10,simulated,79.36425220677592,75.43918253555412,87.3732182972042,1451271430.2168555,7311241793.470763,107,2,1,simulated,1
2025-01-01 01:31:50,simulated,72.26463789014959,96.6109255458966,88.46405329057848,2096799473.7797816,3519410590.103781,215,1,4,simulated,1
2025-01-01 01:00:40,simulated,7.034185377033952,37.87888304152415,43.411901398520726,914200136.0205352,350085972.8370805,3,0,0,simulated,0
2025-01-01 00:38:10,simulated,7.480490605264731,23.69357183642674,44.06746655433607,51555929.72796328,37792527.39335591,1,1,0,simulated,0
2025-01-01 00:06:10,simulated,0.7037031911284486,21.94607913152701,55.49584952985991,311337928.1404634,634610868.427602,46,1,1,simulated,0
2025-01-01 01:34:10,simulated,78.56103863039706,73.53606593085121,97.4078197353964,1622911848.1466568,8753850278.355938,367,3,4,simulated,1
2025-01-01 01:02:20,simulated,19.587752492044864,39.84533565257175,42.990186909364674,6010259.123628932,986488016.167538,28,0,1,simulated,0
2025-01-01 00:11:30,simulated,73.07504136960733,99.88181468403344,95.5615387471042,7052003018.989941,4102745054.804499,285,4,1,simulated,1
2025-01-01 01:34:30,simulated,87.42796144586963,86.25569700394826,92.64332384156236,1565135415.2969842,3795043102.6272025,249,3,2,simulated,1
2025-01-01 01:15:00,simulated,75.61410114700278,73.58729801389319,92.27458360505112,2054746937.2848349,8350208700.525153,269,1,0,simulated,1
2025-01-01 00:50:40,simulated,75.14209739093472,78.06583945879835,80.8221784819997,2051226541.4991407,3170631561.7343764,187,2,2,simulated,1
2025-01-01 01:13:30,simulated,71.56593533113643,80.67563673675178,82.8044033267399,3079703211.418101,4089664769.057708,357,3,2,simulated,1
2025-01-01 00:32:20,simulated,18.793630972485467,49.06871717964143,51.03184955910477,384316898.0990247,476827090.3677885,43,0,0,simulated,0
2025-01-01 01:15:40,simulated,85.35465327137855,71.41202743470312,81.02180995685266,9615421253.84167,8553454852.517227,332,3,2,simulated,1
2025-01-01 01:17:20,simulated,79.0097724935273,75.238623159202,80.25657994402133,7989749940.248236,1688033204.1003962,252,1,4,simulated,1
2025-01-01 00:17:10,simulated,73.40929321097074,88.93999854972415,89.07803854627252,1415238471.7336311,8735121111.975327,133,2,1,simulated,1
2025-01-01 01:34:50,simulated,80.96965141855814,82.33234877766921,92.14051291192288,8420869238.199679,5292670794.61974,307,4,4,simulated,1
2025-01-01 01:11:40,simulated,72.06060495782263,71.49778940512616,97.7717519623066,7161767609.760368,2807617435.139115,286,3,4,simulated,1
2025-01-01 00:29:50,simulated,99.18461327386376,77.17127105909886,96.88225682272294,2443104670.7126904,6995354381.536423,483,4,4,simulated,1
2025-01-01 01:34:40,simulated,73.69546650059274,79.43363918309691,82.14702015170708,9080396969.744204,4752860296.261808,289,1,3,simulated,1
2025-01-01 00:27:00,simulated,2.238226366979521,45.97559029679512,45.61091573479214,107862755.13619988,366684270.50151193,48,0,0,simulated,0
2025-01-01 01:24:40,simulated,81.88133147100406,89.92634235573787,81.18352629374662,6015575891.108173,2245765904.837785,334,1,4,simulated,1
2025-01-01 00:25:20,simulated,16.227175906416125,48.47953587082578,49.36310751922288,723775932.0440478,16510977.506813625,29,0,1,simulated,0
2025-01-01 01:06:50,simulated,99.10509019610116,81.21943075456242,87.53775266587226,9728162280.4329,5326470870.086113,319,1,2,simulated,1
2025-01-01 01:38:50,simulated,88.17853321039789,74.12709436810098,93.63526667837904,5378640286.159519,7821519159.149211,381,4,3,simulated,1
2025-01-01 00:59:10,simulated,80.51358617552167,71.5095366582803,92.94891840102548,4281961068.932863,2095203058.2126904,378,3,2,simulated,1
2025-01-01 00:18:30,simulated,11.775119530542844,42.30722531080478,56.66233300147103,618358493.9835868,284230041.63681936,10,0,1,simulated,0
2025-01-01 00:37:40,simulated,3.2801513459376985,28.68844226091141,56.302699647455285,306284372.3606607,829327997.5004815,45,1,0,simulated,0
2025-01-01 00:48:00,simulated,97.79221313634127,70.84868448110375,93.46497382513203,7493307273.868582,2190382490.9110613,409,3,1,simulated,1
2025-01-01 00:17:10,simulated,3.05296365786774,46.23460225199257,54.772194836400985,852644436.3901465,782613158.0999699,19,1,1,simulated,0
2025-01-01 00:03:30,simulated,83.03421876605643,90.270936785813,85.36189601922766,9868912143.620049,6525954224.558311,332,3,4,simulated,1
2025-01-01 00:03:10,simulated,80.72601736921558,94.98710104358702,94.77350226187215,8172616023.590282,7452352562.942664,496,4,3,simulated,1
2025-01-01 00:58:20,simulated,96.06357267501038,71.7549298119579,92.81955087219808,7803555560.434038,5495021011.667067,347,4,0,simulated,1
2025-01-01 00:31:00,simulated,73.49967879951679,78.09992124169295,90.10637048570588,2029151771.996477,6356482260.007595,211,2,1,simulated,1
2025-01-01 01:03:20,simulated,81.75347399015118,80.97134521436581,87.0442634620439,9749679499.459106,3028643486.484377,269,1,0,simulated,1
2025-01-01 00:45:20,simulated,77.63839611197056,77.13580889184537,81.07229524894159,3450727067.1524043,6747950754.263108,333,2,4,simulated,1
2025-01-01 00:19:50,simulated,5.014381478301235,28.380215110489843,43.656558443543965,22081225.690970823,274150432.74383235,18,0,0,simulated,0
2025-01-01 00:08:50,simulated,13.052550034023367,46.40130578887776,59.13041684460131,500630731.9332576,914573656.79389,16,0,1,simulated,0
2025-01-01 00:25:10,simulated,11.386937125773064,43.66967175682879,43.15468014697933,716665938.7485342,682114634.288282,47,1,0,simulated,0
2025-01-01 00:00:30,simulated,99.4343905020372,98.3013850949286,96.70055872734852,3491649890.908261,4057046770.194674,467,4,2,simulated,1
2025-01-01 01:30:50,simulated,78.44470454554722,92.9149523363767,99.35269503663356,3286553076.884259,2705503444.6327543,444,3,0,simulated,1
2025-01-01 00:34:30,simulated,4.159110897052585,20.235265256080208,48.90683539197499,59859283.65566154,284382809.5323764,10,1,0,simulated,0
2025-01-01 00:43:00,simulated,88.82616973646522,79.92557129304929,88.29557592671117,3295396648.971383,9778376833.388966,226,1,3,simulated,1
2025-01-01 01:13:50,simulated,99.67775302696008,75.00070502251333,93.44219104777046,4847828754.212124,8870550119.67031,213,2,1,simulated,1
2025-01-01 01:00:20,simulated,83.25643680872217,95.00214335935352,82.38338017637146,9285372776.55594,8304898926.741984,455,2,4,simulated,1
2025-01-01 00:01:20,simulated,17.686570506563935,20.27715551196716,52.82192508111817,960086528.47378,656552592.3039737,18,0,1,simulated,0
2025-01-01 01:07:50,simulated,70.96737109461651,72.69623322509636,94.58247580420756,1096914597.9873402,3962687137.545656,383,1,4,simulated,1
2025-01-01 00:06:00,simulated,0.0164014606323492,20.596440567606937,40.70613656884318,174438455.66519344,883457458.1408474,48,1,0,simulated,0
2025-01-01 00:08:40,simulated,97.00888632822188,72.87463959860479,92.372444032927,7449944777.566552,5917586866.415908,276,1,2,simulated,1
2025-01-01 00:41:50,simulated,86.05745520583709,87.53795134981448,98.93938138090344,2600398174.735032,2950550187.629229,141,3,4,simulated,1
2025-01-01 00:42:10,simulated,8.023268113835512,20.52935794291885,52.81898021469129,380214020.0427979,596514732.5903819,31,1,1,simulated,0
2025-01-01 00:50:30,simulated,3.5453556554541987,46.57889990059161,56.3825887432784,145274414.43964246,298086196.94270843,31,1,0,simulated,0
2025-01-01 00:57:40,simulated,99.34875438683574,83.38650121433845,93.46290091402612,1942501638.1967049,1653547348.840475,462,1,1,simulated,1
2025-01-01 00:28:30,simulated,95.87585671874857,84.44644891177738,90.73121251547074,2075147261.09406,7532897253.56276,158,3,3,simulated,1
2025-01-01 00:37:10,simulated,94.12486722704388,72.92557553370293,99.10731768912692,9530634133.36172,8171815132.024009,221,2,1,simulated,1
2025-01-01 00:55:20,simulated,70.71805219404868,77.0307361805691,99.3644070131223,9649051718.492544,9509416283.169245,220,1,1,simulated,1
2025-01-01 01:21:50,simulated,91.72222747001894,85.05230736998345,86.08734976293131,9871541538.511158,4306056904.400885,470,2,3,simulated,1
2025-01-01 00:43:40,simulated,14.687553773039324,44.52537510045319,42.01948596038277,261545203.11732116,710527179.3928505,2,0,0,simulated,0
2025-01-01 00:35:00,simulated,88.3986938789249,87.32030744518562,97.78463422609654,5415316219.473221,1994065172.500728,134,3,1,simulated,1
2025-01-01 00:49:30,simulated,10.993294146838991,36.55662084499278,53.20183395525484,387593653.3900154,896973293.9156007,45,1,1,simulated,0
2025-01-01 00:02:20,simulated,96.42687742354951,88.01989509181392,94.38631166448673,7200389252.347331,5884686825.4734535,467,1,2,simulated,1
2025-01-01 00:25:00,simulated,15.550051426842645,20.641984474234278,41.01853059271795,417570319.1208317,773508954.1360998,4,1,1,simulated,0
2025-01-01 01:04:40,simulated,75.05718513738505,74.6312976950098,88.08359192631883,5790391848.980161,2039250201.2253711,445,3,0,simulated,1
2025-01-01 00:40:00,simulated,97.7165903161866,70.99614189542294,85.15810814757894,5412541669.684849,4880057143.9001045,153,4,0,simulated,1
2025-01-01 01:21:30,simulated,80.38896889770787,72.27031488404629,83.80942315527986,7079440097.116343,3552940818.483796,352,2,4,simulated,1
2025-01-01 00:25:00,simulated,75.02695530710405,89.01709482159984,93.30203826975712,8880600100.28642,5740413298.086557,212,2,3,simulated,1
2025-01-01 01:21:00,simulated,88.87813600597201,85.47618432832495,86.01772415620367,6320746954.973363,2849671306.6083145,181,2,3,simulated,1
2025-01-01 00:14:40,simulated,86.82289733712406,74.34932681171823,95.63597889204776,8800656971.25187,2390858937.142221,298,3,0,simulated,1
2025-01-01 00:24:30,simulated,0.514731205178014,47.60792763346193,57.77989681576187,755523597.4142008,957603480.7910244,41,1,0,simulated,0
2025-01-01 00:24:20,simulated,10.204255909287426,26.491900707287684,50.84883477481836,915133461.5084884,234233267.16622183,11,1,1,simulated,0
2025-01-01 00:53:20,simulated,71.54691868925224,93.36361834832992,86.00183335936147,4377147279.056635,8020338024.087409,421,2,0,simulated,1
2025-01-01 01:28:30,simulated,87.49089303917353,90.67462991657236,81.79408772316305,5326957933.823677,2600279405.247708,397,4,2,simulated,1
2025-01-01 00:56:30,simulated,99.57006758504336,97.69364765072164,92.63717666682312,8273738742.093965,9130588446.582355,255,2,0,simulated,1
2025-01-01 00:43:10,simulated,72.29325050844582,89.30117184620723,86.47163884779324,6969024337.228482,6238834295.977028,415,4,1,simulated,1
2025-01-01 00:58:00,simulated,14.58777102477985,24.038493833464244,47.15659954251032,308952269.506615,665647130.3761635,35,1,0,simulated,0
2025-01-01 00:10:30,simulated,91.233967861691,99.86560447484968,88.74178280558897,1706838355.0301552,7006338193.589311,118,4,0,simulated,1
2025-01-01 00:54:10,simulated,13.004154217604071,46.93012771619252,49.849654651933584,477967891.6340033,273884301.3038039,43,1,1,simulated,0
2025-01-01 00:31:00,simulated,18.26166130642339,22.197099715833,50.50564543633024,555938526.729186,46366686.18538421,2,1,0,simulated,0
2025-01-01 00:20:30,simulated,11.209257927656164,43.005548045630576,45.83399844784535,962164577.1508542,230147408.93586,7,0,0,simulated,0
2025-01-01 01:15:30,simulated,91.57608802103115,81.06958406945361,95.9612658050282,6069703664.100294,3312321809.5097747,477,4,0,simulated,1
2025-01-01 00:34:40,simulated,95.73918718131266,82.83819558201284,83.22573269855091,4937236511.616429,9097122708.023611,296,2,2,simulated,1
2025-01-01 00:23:50,simulated,14.173973921847358,22.24382425816865,54.9254495939451,878527184.1197189,992627464.2960888,5,0,1,simulated,0
2025-01-01 01:33:00,simulated,88.85268454337742,90.23737035785106,87.41153325541151,4655147875.544692,9448058717.75887,211,2,3,simulated,1
2025-01-01 00:32:50,simulated,7.5026330351699055,27.055195019937365,57.31634972692952,427180943.3465516,476158813.1742157,1,1,1,simulated,0
2025-01-01 00:34:50,simulated,74.45182377536457,76.45647173547684,99.35348955762916,3236575982.729237,5737744903.295829,421,2,3,simulated,1
2025-01-01 00:46:30,simulated,3.2605290791313024,24.05756302594349,55.33349041358382,332128593.79095346,565080430.4404356,14,1,1,simulated,0
2025-01-01 00:48:50,simulated,2.4609425757339958,43.64133886093609,59.21466762680319,804866602.1668379,832666986.587242,25,0,0,simulated,0
2025-01-01 00:00:00,simulated,80.6624617590847,78.40818244385207,86.18048713018023,3608415752.6129537,9363660665.64074,208,1,4,simulated,1
2025-01-01 00:20:20,simulated,12.233212470514385,48.19862684365096,44.44862745463421,261012736.5561225,264327242.01569325,39,0,1,simulated,0
2025-01-01 00:30:30,simulated,11.184904698415698,48.47018613599262,55.68486262786856,237530463.515226,772916845.4159002,15,1,1,simulated,0
2025-01-01 00:33:40,simulated,11.95133450519056,28.739248379946893,40.85047801180355,787299202.6183476,822422525.1570499,10,0,0,simulated,0
2025-01-01 00:06:20,simulated,91.86739549874572,87.39469410305603,81.7252993660187,8279409435.534233,9583450937.131948,458,3,4,simulated,1
2025-01-01 00:41:00,simulated,19.723486432318985,42.782914373400565,43.1657663190743,480811424.06133103,906414938.2576596,7,1,0,simulated,0
2025-01-01 00:02:30,simulated,87.81181801220153,77.90658505878731,99.12392352496444,4956040855.747761,6643067719.727333,435,2,1,simulated,1
2025-01-01 01:28:40,simulated,89.67119047211355,85.7786602121721,93.92913320637876,3913361335.77348,9094055709.484114,424,2,0,simulated,1
2025-01-01 01:00:50,simulated,90.4838553248017,92.04928105725702,90.9561420017574,7427038641.41424,5777513839.872396,145,1,2,simulated,1
2025-01-01 01:24:20,simulated,98.21112445649104,99.28104297799776,80.08757020189078,8043585049.258475,3146862030.144041,209,2,4,simulated,1
2025-01-01 01:12:30,simulated,87.79690226788009,84.81714482669229,96.24631970280517,3748467813.1232514,3796928653.179592,379,2,0,simulated,1
2025-01-01 01:21:10,simulated,78.0173040016563,71.55119481320969,95.84053309069076,7578894569.040624,1330471672.960439,283,2,1,simulated,1
2025-01-01 00:21:30,simulated,3.771416517685517,28.577232429131904,57.902022988589806,249341930.9948599,389204120.56506056,35,1,0,simulated,0
2025-01-01 00:39:30,simulated,72.7195410858547,74.64141518226907,89.37983624939433,3664483929.40835,4739135410.637102,310,1,2,simulated,1
2025-01-01 00:00:20,simulated,96.20582369752849,94.93829959073688,94.16705020759136,4531429488.934719,1626580551.8639755,133,4,1,simulated,1
2025-01-01 01:04:00,simulated,96.112206203989,95.03069374697284,87.97644121826143,3041431028.8478065,7500375650.647601,118,2,0,simulated,1
2025-01-01 01:01:40,simulated,86.00405188339928,73.05018203873917,86.53936657320762,2372048229.745605,5610039575.3805,292,4,0,simulated,1
2025-01-01 00:55:50,simulated,70.94534397577141,99.00286291470672,95.77100608123312,8005306586.317601,6724659090.486475,291,3,0,simulated,1
2025-01-01 01:25:30,simulated,93.72625121743545,85.36892146882553,95.01366676256808,2050329624.1656456,2573105349.119304,485,3,1,simulated,1
2025-01-01 00:36:30,simulated,4.76872441593077,43.563298781735625,40.513756888361655,725885536.0052633,406646745.8457071,23,1,0,simulated,0
2025-01-01 00:40:10,simulated,97.88578376738326,81.54764430450368,95.01498354941344,9712337881.252834,8524648622.678864,221,3,0,simulated,1
2025-01-01 01:25:50,simulated,72.54413528821102,86.65737330870839,87.63440467774721,4294629231.1838593,2659260470.822472,280,2,1,simulated,1
2025-01-01 00:58:40,simulated,90.59808339954276,81.81461338284358,92.53361524918216,9105687135.382862,4343708100.832638,245,3,4,simulated,1
2025-01-01 01:07:40,simulated,95.6898854089715,89.18516903455509,80.99907723499597,8102586476.650826,2632126859.949115,490,2,2,simulated,1
2025-01-01 01:26:30,simulated,94.26298715563216,80.04360345209292,86.02732382138151,9292359282.995604,4147453198.157665,153,3,1,simulated,1
2025-01-01 00:37:20,simulated,75.09146361190376,76.54884487703579,81.61427315207956,9990286249.589855,9125288013.460035,167,2,4,simulated,1
2025-01-01 01:19:00,simulated,98.09991340631429,93.91469052994124,90.4227847125171,6580077592.121696,8346032957.128149,441,2,4,simulated,1
2025-01-01 01:00:00,simulated,93.90740916536228,84.58720974359844,80.42923946472334,2942985092.5604773,5840109798.531952,279,2,1,simulated,1
2025-01-01 01:04:20,simulated,2.5120573111597837,43.62310847618997,56.19203411847119,83636598.93624635,631216734.2012756,2,1,1,simulated,0
2025-01-01 01:35:20,simulated,93.57232855440805,90.00106879130848,88.39046288267595,4839537540.757866,4703618110.540207,269,4,4,simulated,1
2025-01-01 00:18:10,simulated,71.10634042870213,99.53300054387708,98.90093067320733,3223996376.0861115,9038397875.942392,258,4,2,simulated,1
2025-01-01 00:44:30,simulated,15.946263059288272,47.57082472900164,44.6319407711772,274873927.50872666,406277304.7335943,14,0,1,simulated,0
2025-01-01 01:09:50,simulated,71.20241755646877,78.91167802267681,85.71305379168555,1894437593.71767,8784453184.039354,216,1,2,simulated,1
2025-01-01 00:06:50,simulated,84.97625332938793,77.47179735245903,95.22549486318032,7747295538.833042,4038420302.8868976,184,4,1,simulated,1
2025-01-01 00:16:00,simulated,80.7238293070227,81.8383672184272,85.40433800139942,5663565145.79154,3293472869.621717,367,3,0,simulated,1
2025-01-01 00:18:40,simulated,2.365851073844229,29.22101642561492,42.46041906582074,545388845.8886675,895020461.1559074,25,0,1,simulated,0
2025-01-01 00:48:30,simulated,75.4588058103532,87.69260600592823,82.22259503680509,9672333169.774174,4404058325.827356,143,3,0,simulated,1
2025-01-01 00:38:40,simulated,5.663729856233624,38.86235501349713,48.53365563009658,545990515.2220795,120098954.20483056,8,1,0,simulated,0
2025-01-01 01:18:10,simulated,73.81061949979362,84.47050005864656,84.63161123207865,9199494193.1231,2805130323.8380184,425,1,1,simulated,1
2025-01-01 00:34:30,simulated,91.25668799008471,74.69556822438449,85.847167132541,4876536158.564808,8742815371.365332,481,2,2,simulated,1
2025-01-01 00:45:10,simulated,93.9233076821737,75.673393910972,86.16780531011565,9805041051.769138,6475377716.551064,328,2,4,simulated,1
2025-01-01 01:02:10,simulated,15.676909306775665,45.3410822722794,51.38054917919688,160586399.12726873,731072867.0580289,40,0,0,simulated,0
2025-01-01 01:36:50,simulated,76.12355876401935,93.72324191383764,90.9319924679405,1951770266.456841,2664688454.5485177,470,3,3,simulated,1
2025-01-01 01:13:40,simulated,72.46838220481932,81.38756196021389,97.05996325449372,4127565007.9432425,5806244505.291563,394,3,3,simulated,1
2025-01-01 00:38:50,simulated,18.686307672303684,35.709854937048206,56.1770198400536,488710850.1043945,567459840.9050015,45,1,1,simulated,0
2025-01-01 01:04:10,simulated,85.71907819795855,89.6035377211258,91.0285428841874,9980853143.347471,1219397430.7958162,264,1,2,simulated,1
2025-01-01 00:46:00,simulated,89.15606146350493,74.99610257941322,99.3852916234327,1425284401.406329,1006046105.2117318,411,1,3,simulated,1
2025-01-01 00:52:50,simulated,17.56152472903116,37.93465851840276,51.56172991745132,184929968.1465684,674021775.6592994,46,1,0,simulated,0
2025-01-01 00:41:20,simulated,74.00293467338199,86.4782554973489,98.05739998971352,8796346295.046953,5501561945.638798,176,1,3,simulated,1
2025-01-01 00:01:40,simulated,83.49137024269596,91.15127189035005,89.55293146606938,2658961557.5529056,3396930747.883154,415,4,3,simulated,1
2025-01-01 01:23:00,simulated,93.65458613036422,92.25920714252868,89.4024390141675,9246272609.824572,9528418519.96434,499,4,3,simulated,1
2025-01-01 00:51:30,simulated,70.82693491892574,73.09355523011808,93.15054657439131,4142656024.703956,7878023980.804739,492,1,4,simulated,1
2025-01-01 00:59:40,simulated,4.833102122440383,42.82954313004814,57.632741326284304,622497014.7435613,542180457.675299,27,1,1,simulated,0
2025-01-01 00:43:00,simulated,1.7309427621325124,38.791547465008726,49.43059468464193,462354162.7265411,538884139.9068893,49,1,1,simulated,0
2025-01-01 00:57:20,simulated,70.05361256547918,90.77904135558326,91.59424687383743,6146607406.2337,5719315114.055645,319,2,3,simulated,1
2025-01-01 00:37:50,simulated,96.65030457165616,84.02959105203689,98.610959030767,3305726614.041283,3353704301.794254,119,1,2,simulated,1
2025-01-01 00:38:40,simulated,89.75109902570438,93.9983494208288,89.01613513413727,9342602920.106586,4720306411.624052,198,2,2,simulated,1
2025-01-01 00:47:00,simulated,19.137032083152302,24.951852428681786,46.38840848692078,417857686.2443496,744343462.194366,21,0,0,simulated,0
2025-01-01 01:02:40,simulated,2.4661960636528835,43.42138688784286,54.866585027538754,341726071.2283861,774171434.7382411,24,0,1,simulated,0
2025-01-01 01:04:00,simulated,13.378924163309422,39.09852672426357,54.17138305415459,490142678.7906813,402475781.3924574,26,0,0,simulated,0
2025-01-01 00:37:20,simulated,14.549047464015937,26.472077823084625,46.46248881878234,430500113.8943728,746731626.0960318,39,0,0,simulated,0
2025-01-01 01:32:10,simulated,94.05728831662252,95.92425200912322,81.37447934307518,8585522399.63084,1579590933.761684,152,1,2,simulated,1
2025-01-01 01:09:00,simulated,86.40280138618934,84.44741082545461,89.7056927212853,9572895778.181522,5646346975.080357,493,1,1,simulated,1
2025-01-01 00:12:00,simulated,72.80313558185068,78.71136058918587,84.81353853555947,8364684740.266917,1277331537.7456732,259,1,1,simulated,1
2025-01-01 00:57:50,simulated,3.055948670905153,32.5398840531878,45.560666722209085,390841046.47808295,278167910.0031566,34,0,1,simulated,0
2025-01-01 00:17:30,simulated,72.80700792525596,74.80865517405283,96.65600268377582,5819297857.548613,2863841079.2006264,123,2,3,simulated,1
2025-01-01 00:39:50,simulated,99.24214980638646,79.1450911454818,82.14036013979737,6005353130.711566,6437229576.172796,474,1,3,simulated,1
2025-01-01 01:37:50,simulated,91.3103775573424,81.03922107741184,84.36654543014018,1225451296.670837,5767911774.700027,398,1,0,simulated,1
2025-01-01 01:28:00,simulated,88.49762979970751,88.09163794705577,83.86898673805581,3755352738.9046383,7492161496.464744,433,4,1,simulated,1
2025-01-01 01:24:10,simulated,86.33260420720748,90.40304494811863,99.73233681619502,1717894010.9643354,9494228472.91957,257,3,0,simulated,1
2025-01-01 00:36:30,simulated,87.34789992187174,87.45380685884484,82.40659198601799,2459469619.733223,4379223175.878157,435,3,2,simulated,1
2025-01-01 01:15:50,simulated,73.85461167204726,75.64577873695447,95.91202529704869,8846633899.54717,9785550501.519403,288,1,1,simulated,1
2025-01-01 01:07:10,simulated,73.0248024527786,81.3719339918163,87.54741177530056,7142249877.23495,4900543581.956572,241,2,1,simulated,1
2025-01-01 00:40:50,simulated,71.65152971373962,79.41792026176651,98.48257995755982,2644260225.8858376,2695148732.6295605,487,3,1,simulated,1
2025-01-01 01:14:20,simulated,96.19282431521174,91.06473850198904,84.46126894659722,7716357963.719337,4087555673.0647793,342,2,2,simulated,1
2025-01-01 00:26:00,simulated,88.17088192208479,89.35988185769736,92.0858727972178,5411998305.06809,6876480855.994981,227,4,1,simulated,1
2025-01-01 01:32:50,simulated,77.72375260948102,96.87367654914291,92.7945827895351,8326929234.823061,2881557083.5588927,393,1,2,simulated,1
2025-01-01 00:29:30,simulated,97.6170060225329,77.50822415663876,94.48490166110888,2214241018.7422585,2367509174.3487253,251,2,2,simulated,1
2025-01-01 01:05:50,simulated,70.5218231447119,94.86472504030822,99.09426770247389,3147048204.6467886,1826487934.916069,361,1,1,simulated,1
2025-01-01 00:14:10,simulated,12.81916476429796,32.638680270343464,44.67517204945624,257666690.4702942,423450031.9748263,49,0,1,simulated,0
2025-01-01 00:40:20,simulated,6.898086417570301,48.2503705201668,56.85352313583195,198609434.34788743,975898554.3148534,30,1,0,simulated,0
2025-01-01 00:49:40,simulated,73.00347642723844,79.9917878209628,89.45910296795117,4668217390.756769,5121397938.078112,327,4,1,simulated,1
2025-01-01 00:26:30,simulated,2.4700282965338616,36.80122641855914,58.23105388762868,866685839.1602553,925747026.8706847,30,0,1,simulated,0
2025-01-01 00:20:40,simulated,83.06355476606662,81.80569758706204,92.7995382904876,3278270514.3653965,2014934474.79627,193,3,4,simulated,1
2025-01-01 00:05:50,simulated,13.336866770420407,32.82688721675262,59.09693914891366,933336802.2629564,65071453.33754229,38,1,0,simulated,0
2025-01-01 00:23:20,simulated,74.48841759661744,70.86961859465318,83.40380838801754,1659163097.8036232,1903644115.0524292,311,4,0,simulated,1
2025-01-01 00:28:20,simulated,15.43548195051176,48.04136257830597,59.42380241669241,65091415.3605407,551266319.901167,48,1,1,simulated,0
2025-01-01 00:42:20,simulated,89.06039154007095,71.8308915965566,99.67040164640429,9893877863.365026,8851267577.996185,423,4,0,simulated,1
2025-01-01 01:21:40,simulated,72.79279842208872,88.01718182957183,81.53569871149804,8648428571.134083,3998900369.455095,140,2,4,simulated,1
2025-01-01 01:16:10,simulated,76.97745852571296,76.32028112487984,98.75084091785862,4264518007.504831,4433283705.040481,486,4,0,simulated,1
2025-01-01 01:14:30,simulated,92.96322801864386,72.91624475954663,81.8661896494002,1209584618.327922,7278767723.768705,426,2,4,simulated,1
2025-01-01 01:30:40,simulated,79.83624369553964,86.98128250229594,81.69275738704414,6881146710.811249,8476323413.568724,390,4,3,simulated,1
2025-01-01 00:55:30,simulated,80.10800183691414,72.68776325921272,86.08557749095158,8296816059.49334,6312142154.223669,359,1,4,simulated,1
2025-01-01 00:15:50,simulated,12.560622403099137,31.116032212871865,57.38505337739812,281367469.97010005,689274600.722824,26,1,0,simulated,0
2025-01-01 00:27:10,simulated,78.08723096308066,73.09608140168764,99.46147679153012,5745432550.407787,5018451076.101408,283,3,2,simulated,1
2025-01-01 00:40:00,simulated,19.552344796792116,31.468778933880152,57.17172836872298,523169404.6647971,749991962.1921092,35,0,0,simulated,0
2025-01-01 00:57:00,simulated,96.67166387757112,77.52598817750841,85.29421215515353,5290130019.869647,4818835957.876762,165,4,2,simulated,1
2025-01-01 00:29:00,simulated,84.70990290986902,99.72349153429394,88.82154173935277,3584866401.111036,5772525274.068813,381,1,0,simulated,1
2025-01-01 00:48:20,simulated,92.81712977601391,99.57238177587304,90.72059690654844,8657998133.816143,2347648171.4448566,422,3,4,simulated,1
2025-01-01 00:10:00,simulated,75.01590597216052,96.44309100309916,96.74640280592985,2449207416.9352226,8568008174.511638,307,3,3,simulated,1
2025-01-01 00:25:30,simulated,82.58063192132644,85.56864073214552,84.81199901954885,5808359749.890306,1507471382.7523088,171,4,3,simulated,1
2025-01-01 01:21:20,simulated,95.1722057964584,93.0959793878475,87.05082804240983,5705149918.908717,1640490327.763041,112,3,1,simulated,1
2025-01-01 00:34:20,simulated,11.66302247387321,32.51580720269699,48.14005707266149,378884342.8066808,648715792.6014931,29,1,1,simulated,0
2025-01-01 01:05:20,simulated,2.1508537824329443,26.85715395436644,58.57900752108452,355268540.2257094,167603193.1885279,11,0,1,simulated,0
2025-01-01 01:05:40,simulated,78.82290338960654,81.15089626581428,86.0138939640912,5949553729.957692,3232381016.291714,309,1,4,simulated,1
2025-01-01 01:06:10,simulated,14.46787116435628,34.737436615187654,56.772194477352016,340501497.7596291,600615077.5379934,36,1,1,simulated,0
2025-01-01 01:01:00,simulated,70.04791077817573,91.79291453602738,87.3325736609851,2903682613.4237657,2599506473.326558,443,3,3,simulated,1
2025-01-01 01:14:40,simulated,89.33574538223182,74.4578775173829,84.40530412441939,1052224779.5954858,5610707906.67255,167,2,4,simulated,1
2025-01-01 00:36:10,simulated,0.2632603903514541,45.25093762171384,48.58471765995871,758358179.16904,169587554.6936627,2,0,0,simulated,0
2025-01-01 00:00:40,simulated,2.5846917921308177,46.27152706703341,45.179962364281465,965131493.6142094,864789304.0327237,22,0,1,simulated,0
2025-01-01 01:01:20,simulated,89.39995721601487,81.93303101236845,94.9262538500376,9079181993.475796,3611748016.438986,406,2,3,simulated,1
2025-01-01 00:40:20,simulated,95.08121310538364,95.73544041573,97.13266645293876,9107848445.693949,7958815994.901684,420,2,2,simulated,1
2025-01-01 01:28:10,simulated,96.2050624744368,81.10690659074386,93.03414260574696,8990711873.112617,8707230005.585663,488,3,1,simulated,1
2025-01-01 00:35:20,simulated,75.78138841030291,89.2192416025907,90.34422977382776,6635736997.128049,2611368337.5597963,369,2,0,simulated,1
2025-01-01 00:56:20,simulated,89.09303969865917,91.8636015433269,84.26539843267692,4703443928.455279,5706075140.843328,460,3,4,simulated,1
2025-01-01 00:24:20,simulated,81.12887801362616,79.17053480700663,83.41820548356681,8826073131.93617,5975231247.029053,244,4,1,simulated,1
2025-01-01 00:54:10,simulated,95.55619753544325,94.94241801306596,96.71051578865656,7873233988.155312,9593380962.201103,113,4,0,simulated,1
2025-01-01 00:47:10,simulated,86.24326612382725,90.24437620143158,95.93233117287588,4703182129.054082,8258938673.640366,272,1,3,simulated,1
2025-01-01 00:16:20,simulated,7.328146116800598,37.1270887803844,49.29955461941482,392726293.6725407,648604257.5278192,21,0,0,simulated,0
2025-01-01 01:07:20,simulated,86.17204819656115,88.87512071745738,93.13889800722644,2310392927.163702,9373557294.952074,156,3,2,simulated,1
2025-01-01 00:54:30,simulated,84.60089806524584,98.03639322789128,92.7997290378094,4817262576.754032,8610831452.436005,169,1,2,simulated,1
2025-01-01 00:28:50,simulated,92.25444455737404,87.54844486024511,83.01259044238365,6047098569.713136,4986524776.873699,435,1,2,simulated,1
2025-01-01 00:01:00,simulated,73.19732425828109,98.40444715073404,87.13323075961904,4784451272.828073,5047017544.34885,333,1,0,simulated,1
2025-01-01 00:17:00,simulated,90.77528501973993,94.8280712650932,99.51685330340491,1170255976.1134694,9325066068.419186,449,4,4,simulated,1
2025-01-01 00:07:50,simulated,15.01754044476141,40.37337102270404,59.44937008852668,641131618.6220613,153301038.1290895,31,0,1,simulated,0
2025-01-01 00:05:20,simulated,16.987423598497198,31.56534397665826,44.23280040111864,84394173.90988371,881913214.5232314,24,0,1,simulated,0
2025-01-01 01:03:10,simulated,82.74434044751223,78.95506343991828,82.14786943619754,4022517239.380586,3614605263.501165,408,1,4,simulated,1
2025-01-01 01:13:10,simulated,71.03659728592146,97.65203312022254,91.65398872210716,8606546806.443108,7453596512.756077,115,4,2,simulated,1
2025-01-01 00:33:20,simulated,2.73255499280582,34.9683261305219,53.31558418032323,147973205.78957623,71202368.6421344,12,1,0,simulated,0
2025-01-01 00:22:20,simulated,8.73450962730715,24.052407911854186,50.87218515393983,73722050.5984925,931459764.7880948,1,1,1,simulated,0
2025-01-01 00:04:30,simulated,10.447633379389067,45.10711164948137,40.99090113090358,787866728.5715187,843367512.5121462,11,0,1,simulated,0
2025-01-01 01:20:00,simulated,82.65272528301388,77.71254176626726,94.8609848855569,2044539820.9168751,5550777997.415121,256,4,3,simulated,1
2025-01-01 00:38:20,simulated,7.064189746404573,36.685345979414734,47.63330961999869,817243759.3608407,290759602.06813014,19,0,0,simulated,0
2025-01-01 00:14:50,simulated,98.45766889160602,98.75805690605688,94.3432689781405,2004688837.366584,9352772331.61626,450,2,1,simulated,1
2025-01-01 01:02:00,simulated,94.6598662147709,79.41912326840794,89.19910026510817,8111707950.00438,5491338375.75878,289,2,0,simulated,1
2025-01-01 01:03:00,simulated,11.803361278812886,38.57999820463526,55.19901522661171,260472954.93258572,194588416.96826047,43,0,0,simulated,0
2025-01-01 00:48:00,simulated,15.017092253069816,26.375998291489186,40.23009752481035,800820723.6916904,269945470.86964715,42,0,0,simulated,0
2025-01-01 00:03:00,simulated,72.13738694747995,79.69177672542746,95.31696452327216,3642563464.825532,3947740876.916624,152,2,0,simulated,1
2025-01-01 00:45:40,simulated,77.82888593502251,96.0771284743094,91.9758462461418,7740120659.1218,2063639002.525405,365,1,1,simulated,1
2025-01-01 01:05:10,simulated,6.611622794239136,40.63147480457313,46.20166457854965,800760553.7447631,670786671.4813061,47,1,1,simulated,0
2025-01-01 00:32:00,simulated,72.205996072052,78.47175073643619,88.41813099658528,3617148018.820593,6598733441.396625,436,4,1,simulated,1
2025-01-01 00:16:20,simulated,87.03070683340718,98.0273421867012,85.6070677854533,4306903377.293402,1012718342.1456476,310,3,3,simulated,1
2025-01-01 00:23:00,simulated,12.215477550248789,36.73130943900853,53.15941468254725,97537843.7141454,450376709.7150043,24,1,1,simulated,0
2025-01-01 00:10:20,simulated,4.47379315171043,36.430003559578765,48.18916242757089,795282638.4138937,773395191.4371232,7,1,0,simulated,0
2025-01-01 00:11:50,simulated,99.99452526630458,74.66926885853556,90.8103176806415,6607167681.00897,7766592953.38203,370,4,1,simulated,1
2025-01-01 00:41:10,simulated,76.19832120612232,98.16844431317917,80.03373662848503,8700352334.041716,2658807191.088392,448,2,2,simulated,1
2025-01-01 00:21:20,simulated,8.103972274715867,30.68385671552437,57.77003152196494,380218879.6943773,650520080.4944874,21,0,1,simulated,0
2025-01-01 01:36:00,simulated,73.24312105772148,88.6807634491997,84.56318149290159,5541146781.559976,1316260495.2487545,119,4,3,simulated,1
2025-01-01 00:20:00,simulated,82.98323583060076,92.40824035519056,82.36243977622107,2683642628.8919725,8313929841.379292,498,1,3,simulated,1
2025-01-01 01:13:00,simulated,77.40301815826787,89.68971771838937,85.77512751585294,3566738761.10555,5677878937.427917,448,3,2,simulated,1
2025-01-01 01:33:40,simulated,84.39747000980961,81.60986269486347,93.23988923965187,4261437484.348119,5686141723.520026,224,3,0,simulated,1
2025-01-01 00:10:40,simulated,8.192585640161273,49.509960314547484,53.185844294964,740860142.319418,929871036.7281504,42,1,0,simulated,0
2025-01-01 01:08:40,simulated,71.54174245892729,94.29334063024304,93.99933032596,6912176882.89034,4045344866.426607,126,2,1,simulated,1
2025-01-01 00:02:20,simulated,6.432005518556094,36.48129497427686,45.09664253760593,806732581.6326807,365733458.8639434,43,1,1,simulated,0
2025-01-01 00:26:00,simulated,13.81707326114524,46.74412531136838,56.887999654543854,676081410.8601246,698913943.6128323,43,1,1,simulated,0
2025-01-01 00:06:40,simulated,12.588964451791307,32.04235790915052,51.42267811453345,150607306.42480436,699338937.0405954,36,0,0,simulated,0
2025-01-01 00:15:20,simulated,86.8078946399591,73.180784310727,99.9701869574462,5486156503.056864,8866299001.709324,331,4,2,simulated,1
2025-01-01 01:03:10,simulated,11.96100225101952,39.29338836259815,45.39489525035401,528814185.7793239,68068161.0212046,37,0,0,simulated,0
2025-01-01 00:31:10,simulated,3.641005939356348,35.80168952083354,57.94103198184945,48768751.813736886,755729960.4806318,34,0,1,simulated,0
2025-01-01 01:00:30,simulated,83.96777610674133,78.75548767671296,91.30783906312226,8841887541.688715,6627103029.481051,394,4,2,simulated,1
2025-01-01 00:36:00,simulated,17.50702156463578,37.80797209814149,45.6920044186062,140843872.67118812,769273827.1606497,42,0,0,simulated,0
2025-01-01 01:05:10,simulated,80.6049779568566,79.32664897501989,87.50235378193364,4218746846.212272,7562816011.986462,168,4,2,simulated,1
2025-01-01 00:08:40,simulated,0.9421985608146266,49.93486400771761,52.29163904055076,43781352.25940363,910307087.110525,27,1,0,simulated,0
2025-01-01 01:19:40,simulated,80.61126473424378,71.25050192404053,89.27122157045709,8970461320.849865,8360789257.933079,124,4,0,simulated,1
2025-01-01 00:56:10,simulated,3.428306575384159,36.80831611513871,44.73564324438237,259593011.3408447,304042405.6241342,28,0,1,simulated,0
2025-01-01 00:58:00,simulated,96.97137065161743,86.18270878309784,96.65575088720388,5019340707.959549,7943937011.058095,274,3,3,simulated,1
2025-01-01 00:53:10,simulated,93.79876658852696,76.44693228457437,98.23335839977386,3139134395.301688,9769630858.6129,157,2,4,simulated,1
2025-01-01 00:54:00,simulated,70.78364254551049,73.18938443843975,97.69535168887808,2056291836.1450603,6761637296.014901,253,1,4,simulated,1
2025-01-01 00:49:10,simulated,0.935240372487236,45.4515299403068,40.706691687522266,186950431.19026133,407561362.6795608,49,0,1,simulated,0
2025-01-01 00:50:10,simulated,88.35702964849466,92.58154318109258,88.53865150519275,1865805053.0719757,3353302937.358482,429,1,1,simulated,1
2025-01-01 00:41:50,simulated,0.3577303128848852,42.11680475314456,40.57272444465384,681324566.2032236,47623764.41107789,19,1,0,simulated,0
2025-01-01 00:54:20,simulated,73.7646966843934,93.37853642683558,88.54657987745844,7723240689.195249,1564196798.4281237,107,3,3,simulated,1
2025-01-01 00:10:10,simulated,74.63368895173497,91.71148638679963,96.8556874512607,4692482727.950226,6322778976.071214,420,2,1,simulated,1
2025-01-01 00:09:10,simulated,88.65277055242572,84.46896442111584,93.84176597929492,5758558431.310451,7993025682.361081,402,1,0,simulated,1
2025-01-01 01:39:20,simulated,71.092619486349,76.56394455000554,87.55937443882087,5888618840.624751,2498734201.3671336,286,4,1,simulated,1
2025-01-01 01:09:10,simulated,80.10213394688388,80.37531237581442,92.77412445092028,2006852202.4679756,4364862244.900955,300,1,1,simulated,1
2025-01-01 01:17:00,simulated,95.74864571877656,99.3030656085806,93.5276578332039,6457319014.040976,2393969906.425996,313,4,0,simulated,1
2025-01-01 00:44:50,simulated,6.264479262695419,25.43043204180316,59.08810357170071,60357742.628364496,228949997.3192898,1,0,0,simulated,0
2025-01-01 00:33:30,simulated,1.4537153294485394,24.28664744645713,52.964674424588885,137720368.13204744,355077445.2793264,45,1,1,simulated,0
2025-01-01 00:26:50,simulated,4.354013760449281,48.74642892448512,41.329428913879816,548144258.6014193,181531073.66512665,36,0,1,simulated,0
2025-01-01 00:25:50,simulated,73.63437497414775,79.08470032219665,81.62878293624064,2971587596.5926685,3243812649.476224,237,4,4,simulated,1
2025-01-01 00:54:50,simulated,96.63347679962132,82.55132959203313,95.21694720968092,4303630167.645804,3808920559.267429,153,2,4,simulated,1
2025-01-01 00:00:10,simulated,81.37339037331166,88.4970894020862,93.21153880115318,7359139977.906034,9607931297.764755,340,4,4,simulated,1
2025-01-01 00:50:20,simulated,77.52062579152943,98.21215493457406,80.73982833595507,4541447646.786162,6918245168.42399,210,3,3,simulated,1
2025-01-01 00:12:40,simulated,84.02704167232075,71.54071838084968,83.22523002954728,2323958659.689908,8467467506.379456,125,3,4,simulated,1
2025-01-01 01:10:10,simulated,94.61255231784725,79.11100039508119,83.16161456991198,6225129074.7667055,4946451082.6968975,195,3,2,simulated,1
2025-01-01 01:01:50,simulated,95.69589605212512,79.08169034723164,81.70907294746164,1619180743.1313791,4267550076.0930433,300,1,0,simulated,1
2025-01-01 00:17:30,simulated,8.817007271999602,24.687564989587155,42.41000723374785,625361263.7253436,189048305.76226607,15,0,0,simulated,0
2025-01-01 00:27:30,simulated,84.24816246658354,79.63446906289113,91.90840207438198,1704129291.3988338,3147410454.235795,288,1,0,simulated,1
2025-01-01 01:04:50,simulated,15.364515097602796,27.985126068933543,57.47006924598137,995548800.6119504,618739564.6688132,21,1,1,simulated,0
2025-01-01 00:00:10,simulated,2.019453194732368,46.31241468879695,42.55284768677703,259166418.88702184,324528635.8052614,4,0,0,simulated,0
2025-01-01 01:29:30,simulated,92.96725472099403,84.4975195505503,96.66799762610344,9429248441.098806,4235490892.510014,301,3,1,simulated,1
2025-01-01 01:37:00,simulated,78.12921104409543,71.73417606111838,86.61434027743374,5076434408.144655,2098922424.1675544,277,3,1,simulated,1
2025-01-01 00:26:50,simulated,82.83476286172012,87.70788235993862,95.32712468066045,3055325900.870992,2154074759.0815096,276,2,4,simulated,1
2025-01-01 00:13:20,simulated,6.001224903697279,34.36192015564909,58.78668395804027,854211105.4534609,104140961.64316247,22,1,0,simulated,0
2025-01-01 00:34:10,simulated,0.9750034789743768,32.498583989613294,40.013878567972746,667418926.4730031,577847764.8818636,10,1,1,simulated,0
2025-01-01 00:05:40,simulated,15.357128361258454,40.80080871947284,46.8224197661521,425233494.9203281,311873017.0979234,24,1,0,simulated,0
2025-01-01 01:02:30,simulated,82.46806110873597,85.62043407544928,99.6458516746354,5592862317.088233,4868693295.834988,286,4,0,simulated,1
2025-01-01 00:18:00,simulated,76.22792764840167,88.04000187234455,88.9732251591034,8429719940.415671,4946083084.559556,225,2,2,simulated,1
2025-01-01 00:04:30,simulated,95.14362180873988,86.59495483430622,89.38294063269562,4339187810.059652,9834895708.890944,138,4,4,simulated,1
2025-01-01 00:09:00,simulated,91.20276466679184,92.2176979002888,95.51261127798664,3222436272.0096297,7646380943.311138,441,1,3,simulated,1
2025-01-01 01:01:00,simulated,17.868078337052378,45.78103816916982,56.463022769757046,951906473.672371,884066199.0609523,5,0,0,simulated,0
2025-01-01 00:15:10,simulated,8.878963657019662,28.88128860642941,48.31608707169747,187901647.4266117,440084943.8390715,11,1,1,simulated,0
2025-01-01 00:56:30,simulated,17.528983731149594,37.57670665116535,57.0417932650781,480285620.4320564,557049531.6572746,2,1,0,simulated,0
2025-01-01 01:22:50,simulated,76.87474704404057,81.980219402308,80.37058175521666,2979798002.695046,6212955741.807508,155,3,0,simulated,1
2025-01-01 00:27:20,simulated,88.6302119508571,92.15958924351618,95.49183851084936,5797227882.187458,7191207534.524845,222,1,4,simulated,1
2025-01-01 00:57:30,simulated,14.308037152739535,26.95582983508716,47.49446540234796,428206714.3654541,291373895.22216225,47,0,1,simulated,0
2025-01-01 01:02:40,simulated,93.24113779552388,97.03496532261444,92.4256226064715,3898502532.330724,7903712683.896228,345,1,1,simulated,1
2025-01-01 00:40:10,simulated,11.217212798086717,24.049922581099377,50.44369173991012,319056793.3513629,516572783.68795264,43,1,0,simulated,0
2025-01-01 00:02:10,simulated,10.637466127835271,47.49700833204029,50.43036814166291,821996631.7959116,244081885.49382764,4,0,0,simulated,0
2025-01-01 00:52:30,simulated,10.72354432906944,39.409379625969976,49.2326211877777,211326412.65463063,765330369.2965912,15,1,1,simulated,0
2025-01-01 00:33:20,simulated,96.3714359214895,70.5185337069814,80.72226478992674,6722926353.002593,6103121609.206654,127,2,1,simulated,1
2025-01-01 01:04:30,simulated,8.477421522432628,45.704885741775726,47.042722502041386,137149525.42409667,347009585.9119685,1,1,0,simulated,0
2025-01-01 00:45:30,simulated,13.584388917416083,40.70851463929601,52.06066749922783,56563381.307961226,518945117.2566656,9,1,1,simulated,0
2025-01-01 00:27:40,simulated,3.0428474006695305,26.67700482236586,43.054087240025815,84151614.38455231,960181998.3756192,28,0,1,simulated,0
2025-01-01 01:13:20,simulated,77.10068320586511,79.27013835927644,85.95026105708061,4155534010.910065,1795670873.4668407,380,2,3,simulated,1
2025-01-01 01:38:40,simulated,89.46091572841951,74.4794447505483,81.89740671264313,8934563897.926186,5563042324.571241,163,3,3,simulated,1
2025-01-01 00:41:00,simulated,85.37246166396143,81.99376554130545,86.97565974483331,4442930947.659164,7159176526.557006,420,3,3,simulated,1
2025-01-01 01:09:40,simulated,83.44560914596856,87.88439004906074,92.48179361461828,7106366023.905989,1220750866.8058455,387,1,4,simulated,1
2025-01-01 00:14:00,simulated,85.86805766349418,87.04221483653725,90.27478812556616,6058204569.473644,6391073708.711566,398,4,2,simulated,1
2025-01-01 01:36:40,simulated,77.3637711739167,90.8527680776924,83.24387643782087,9982484413.693075,2269970600.385648,274,3,4,simulated,1
2025-01-01 00:17:20,simulated,98.51373923915553,82.61809672792526,83.80695067513876,8194445401.223156,5030838023.543835,430,1,2,simulated,1
2025-01-01 01:11:50,simulated,97.58093849723105,98.09687257437083,88.2793628980084,1542045407.720003,5132721906.510313,245,3,3,simulated,1
2025-01-01 00:40:30,simulated,15.041119254375776,24.96177548191544,46.58941340832451,796477427.2243943,517709803.1158013,39,0,0,simulated,0
2025-01-01 00:27:40,simulated,74.06663242170936,77.8129552435494,91.39871738958776,9731424038.271372,5832263488.496797,283,4,1,simulated,1
2025-01-01 01:19:10,simulated,84.95603054900413,78.07282200490852,96.63136253546654,9903081002.04122,1400091898.164218,489,4,1,simulated,1
2025-01-01 00:27:00,simulated,91.07758634180009,94.3742106597667,80.15309405299128,5224366573.806398,7501788301.459506,369,3,3,simulated,1
2025-01-01 00:47:40,simulated,74.36512295765857,94.983622514344,81.09938067548194,2149769940.6825404,1376631756.8757083,369,1,2,simulated,1
2025-01-01 00:31:30,simulated,17.400055763512626,41.8941755368698,46.4424855368278,329555420.10924745,70963192.51301306,17,1,0,simulated,0
2025-01-01 01:03:40,simulated,79.59587948290776,81.31610478397432,87.1894603214995,2635241517.440105,2006029183.1484733,266,2,4,simulated,1
2025-01-01 00:49:50,simulated,98.15159907864262,91.20824968462608,91.19209485229274,5376083651.373661,1541532109.4270315,363,4,3,simulated,1
2025-01-01 00:12:30,simulated,79.05264318654704,75.71499162875983,89.37383781725198,9769161623.598433,5703676485.87241,325,1,3,simulated,1
2025-01-01 00:46:50,simulated,78.83047303945149,74.66325660196493,88.39452883330517,9348298124.540546,6952282032.923697,455,3,4,simulated,1
2025-01-01 00:18:20,simulated,75.72253475997142,72.83232539766931,91.42929142940676,7464783746.787686,1216060176.2808745,431,3,2,simulated,1
2025-01-01 00:09:40,simulated,1.1034806362544636,38.15967767120071,42.95017261965469,387390848.7307874,762829252.6663058,12,0,0,simulated,0
2025-01-01 00:12:20,simulated,93.51216977571087,96.24097438759858,80.42326878876472,1717701173.67477,6132580782.922025,465,1,0,simulated,1
2025-01-01 00:26:40,simulated,99.91190900202886,88.86497453087907,96.95643908057215,7559914514.023493,7089288729.383616,104,3,1,simulated,1
2025-01-01 01:16:00,simulated,75.30964910211046,83.52613636382821,98.29266527415976,1960737477.2868867,1168304651.197092,113,1,2,simulated,1
2025-01-01 00:57:50,simulated,92.4378498305481,97.43295422543105,93.65012878730602,5805521733.550861,9403795320.272623,163,1,2,simulated,1
2025-01-01 00:42:00,simulated,2.981488680225324,48.95922680197279,54.14167420400282,142397902.13892308,970019363.9015756,32,1,1,simulated,0
2025-01-01 00:03:30,simulated,11.632630799085252,38.48849353806191,49.153676258349805,577760710.6507419,924999440.8049498,33,1,1,simulated,0
2025-01-01 00:52:10,simulated,7.7951571079966,46.97625452001579,55.28006570526632,857827201.832848,577401697.2166934,1,0,0,simulated,0
2025-01-01 00:09:50,simulated,82.90537884789788,92.7103067640038,99.04921619490716,1725720755.6853995,8051526127.687044,258,2,4,simulated,1
2025-01-01 00:26:40,simulated,6.168104684433211,39.68600589187916,59.40472291629324,657175663.763411,573964297.5671691,28,0,1,simulated,0
2025-01-01 00:46:00,simulated,17.81286090439614,22.373558271672827,53.01796391622368,338141262.2466863,921165872.200702,21,1,0,simulated,0
2025-01-01 01:32:30,simulated,96.8634756293485,73.43087658789474,88.43110132412036,6680386961.568463,2267329994.8482075,263,3,3,simulated,1
2025-01-01 00:31:50,simulated,9.194161025260668,39.98098787891662,42.47790117287636,542086619.7679152,439544113.00844944,33,1,0,simulated,0
2025-01-01 01:04:10,simulated,2.179313194999435,43.33492693874452,55.00899006755554,706803477.8186021,948939008.3499948,46,1,0,simulated,0
2025-01-01 01:07:30,simulated,87.28095334363128,83.86460064048039,90.37940502751916,3285389177.4078445,4793941112.482058,267,3,4,simulated,1
2025-01-01 00:02:10,simulated,81.19333822401262,94.09082956788974,89.20667362189369,8553060802.455004,6645489329.855107,163,4,1,simulated,1
2025-01-01 00:15:10,simulated,90.8360291898468,84.49940954264022,87.86945844240054,2120723093.9024253,6104164724.917438,112,2,4,simulated,1
2025-01-01 00:57:10,simulated,5.448281160163484,37.63610461570958,56.42439800459064,435924845.8337493,339140255.91102403,23,0,0,simulated,0
2025-01-01 01:01:30,simulated,73.65365194310147,88.20724001821276,91.68595263339132,3150121916.559697,7853619454.0072,309,2,3,simulated,1
2025-01-01 00:51:20,simulated,4.781530359911644,43.5229980058345,50.26181472054927,179205596.83269742,561170836.2435675,26,0,1,simulated,0
2025-01-01 00:43:30,simulated,70.4603200907163,86.8727195900675,84.03567547156959,2818376045.344863,4033040230.933552,217,1,4,simulated,1
2025-01-01 00:21:40,simulated,1.2597459575685543,31.89729679734172,43.38939927419573,65830237.347040646,661808294.3749701,39,1,1,simulated,0
2025-01-01 00:43:50,simulated,72.58781971462135,72.41694965639917,99.19879405999818,2902360287.1412573,6812786782.947502,289,1,3,simulated,1
2025-01-01 01:18:30,simulated,99.87246412296317,70.8441308380697,93.74040829432629,1514205159.4933977,7795976564.625662,362,1,3,simulated,1
2025-01-01 00:16:30,simulated,18.42823708971229,21.16730941240889,56.560705893035376,853826692.4405497,736563935.62916,29,0,0,simulated,0
2025-01-01 01:02:00,simulated,16.31153144374326,33.181988342791016,40.13484063521156,211221365.70279357,904746852.3005024,36,1,0,simulated,0
2025-01-01 00:14:30,simulated,10.64966916856458,46.32442533045874,53.37016551986987,2150842.2388801826,665483315.1975886,38,1,0,simulated,0
2025-01-01 00:09:40,simulated,72.18870803610353,81.74126975303187,89.8497202310734,3990893180.161729,7657542146.492857,259,2,0,simulated,1
2025-01-01 00:55:00,simulated,12.134648801012064,39.30146326297606,54.45141843961933,262820465.94269133,897544081.6965785,30,1,0,simulated,0
2025-01-01 00:35:40,simulated,10.84949659094918,40.378236737315305,40.089542443943415,793614496.9047859,359390068.63159406,43,1,1,simulated,0
2025-01-01 00:11:00,simulated,72.77870222901232,93.44590044206784,80.0750628584991,1414955974.194126,6367967458.308606,498,1,0,simulated,1
2025-01-01 00:20:10,simulated,12.218407500834369,20.488320566794275,40.824251564144106,928450763.1857172,640062527.3527315,9,1,0,simulated,0
2025-01-01 00:35:40,simulated,92.2413467179192,75.59950880399889,91.46650551929888,1890821664.58718,8886224122.41206,472,3,2,simulated,1
2025-01-01 00:03:20,simulated,18.1865574249076,28.468510724950846,42.87577028239656,999701214.6408044,172245263.28768122,1,1,1,simulated,0
2025-01-01 00:50:00,simulated,74.33759693492433,88.29198065790237,93.6100849850674,3753669406.9556055,4560480260.78018,417,4,0,simulated,1
2025-01-01 00:11:50,simulated,12.353802862965422,35.34072105797421,52.82271923665539,122013286.64077164,126820020.64577083,38,1,1,simulated,0
2025-01-01 00:17:40,simulated,7.0070720390655,24.498583294745277,51.398350723079474,427053091.3323264,185654347.2331474,19,1,0,simulated,0
2025-01-01 00:45:00,simulated,5.792362476766064,23.37873076982588,44.46098962990615,811954309.9587598,990708829.555714,22,1,0,simulated,0
2025-01-01 01:16:40,simulated,85.09262412158868,71.62494067857759,97.03352630645207,5855742863.70544,9891440103.049091,390,1,0,simulated,1
2025-01-01 00:05:50,simulated,81.74941757076922,71.27345453483782,99.26938543948722,4473683694.221294,8462133432.613131,431,1,1,simulated,1
2025-01-01 00:17:00,simulated,19.176058487615727,41.57278023473486,43.76454832953202,155857653.05357876,73863479.38975908,12,0,1,simulated,0
