timestamp,host,cpu_util,mem_util,temp_cpu,net_in_bytes,net_out_bytes,tcp_conn,user_active,usb_event,usb_device,anomaly
2025-08-21T13:24:25,nanema-HP,5.9,26.1,45.0,1474050281,27307082,17,1,0,,0
2025-08-21T13:24:32,nanema-HP,0.4,25.8,48.0,1474050881,27307736,17,1,0,,0
2025-08-21T13:24:38,nanema-HP,1.4,25.8,48.0,1474055288,27311871,17,1,0,,0
2025-08-21T13:24:44,nanema-HP,0.8,25.7,48.0,1474056625,27313116,17,1,0,,0
2025-08-21T13:24:50,nanema-HP,0.8,25.7,44.0,1474057225,27313716,17,1,0,,0
2025-08-21T13:24:56,nanema-HP,0.9,25.7,44.0,1474058436,27314316,17,1,0,,0
2025-08-21T13:25:02,nanema-HP,0.7,25.8,44.0,1474059380,27315258,17,1,0,,0
2025-08-21T13:25:08,nanema-HP,0.6,25.8,44.0,1474060675,27316183,17,1,0,,0
2025-08-21T13:25:15,nanema-HP,0.4,25.7,44.0,1474061261,27316761,17,1,0,,0
2025-08-21T13:25:21,nanema-HP,0.9,25.8,44.0,1474061861,27317361,17,1,0,,0
2025-08-21T13:25:27,nanema-HP,0.4,25.7,44.0,1474063001,27318417,17,1,0,,0
2025-08-21T13:25:33,nanema-HP,1.0,25.8,44.0,1474063838,27322494,17,1,0,,0
2025-08-21T13:25:39,nanema-HP,1.1,25.9,44.0,1474064480,27329312,17,1,0,,0
2025-08-21T13:25:45,nanema-HP,0.4,25.8,44.0,1474065487,27330315,17,1,0,,0
2025-08-21T13:25:51,nanema-HP,0.6,26.3,44.0,1474066087,27330915,17,1,0,,0
2025-08-21T13:25:58,nanema-HP,0.5,25.8,44.0,1474066931,27331757,17,1,0,,0
2025-08-21T13:26:04,nanema-HP,1.2,25.9,44.0,1474085126,27342821,17,1,0,,0
2025-08-21T13:26:10,nanema-HP,0.4,25.8,43.0,1474086187,27344234,17,1,0,,0
2025-08-21T13:26:16,nanema-HP,1.7,25.9,43.0,1474086873,27344912,17,1,0,,0
2025-08-21T13:26:22,nanema-HP,2.1,25.9,43.0,1474087473,27345512,17,1,0,,0
2025-08-21T13:41:03,nanema-HP,3.0,26.3,44.0,1481104338,28585054,15,1,0,,0
2025-08-21T13:41:09,nanema-HP,0.7,26.2,44.0,1481105808,28585654,15,1,0,,0
2025-08-21T13:41:15,nanema-HP,0.7,26.4,45.0,1481106752,28586596,15,1,0,,0
2025-08-21T13:41:22,nanema-HP,2.6,26.5,45.0,1481107352,28587196,15,1,0,,0
2025-08-21T13:41:28,nanema-HP,2.8,26.5,45.0,1481108418,28591419,15,1,-1,Device('/sys/devices/pci0000:00/0000:00:14.0/usb3/3-2/3-2:1.0'),0
2025-08-21T13:41:34,nanema-HP,0.7,26.4,45.0,1481110566,28592339,15,1,-1,Device('/sys/devices/pci0000:00/0000:00:14.0/usb3/3-2'),0
2025-08-21T13:41:40,nanema-HP,1.9,26.5,45.0,1481111333,28599115,15,1,1,Device('/sys/devices/pci0000:00/0000:00:14.0/usb3/3-2'),0
2025-08-21T13:41:46,nanema-HP,0.7,26.4,46.0,1481112129,28599829,15,1,1,Device('/sys/devices/pci0000:00/0000:00:14.0/usb3/3-2/3-2:1.0'),0
2025-08-21T13:41:52,nanema-HP,4.1,26.4,46.0,1481113228,28600640,15,1,0,,0
2025-08-21T13:41:58,nanema-HP,0.9,26.4,46.0,1481114315,28601482,15,1,0,,0
2025-08-21T13:42:05,nanema-HP,0.3,26.5,46.0,1481133499,28602596,15,1,0,,0
2025-08-21T13:42:11,nanema-HP,1.0,26.7,46.0,1481139571,28603274,15,1,0,,0
2025-08-21T13:42:17,nanema-HP,4.4,26.6,44.0,1481146517,28603874,15,1,0,,0
2025-08-21T13:42:23,nanema-HP,3.6,26.5,44.0,1481147313,28604588,15,1,0,,0
2025-08-21T13:42:29,nanema-HP,0.9,26.6,44.0,1481148157,28605430,14,1,0,,0
2025-08-21T13:42:35,nanema-HP,1.0,26.6,45.0,1481148913,28606116,14,1,0,,0
2025-08-21T13:42:41,nanema-HP,2.1,26.5,45.0,1481149513,28606716,14,1,0,,0
2025-08-21T13:42:48,nanema-HP,2.3,26.5,46.0,1481159176,28609235,14,1,0,,0
2025-08-21T13:42:54,nanema-HP,0.8,26.5,46.0,1481162917,28613343,14,1,-1,Device('/sys/devices/pci0000:00/0000:00:14.0/usb3/3-2/3-2:1.0'),0
2025-08-21T13:43:00,nanema-HP,0.6,26.5,46.0,1481163750,28613943,14,1,-1,Device('/sys/devices/pci0000:00/0000:00:14.0/usb3/3-2'),0
2025-08-21T13:43:06,nanema-HP,0.5,26.5,45.0,1481164546,28614657,14,1,0,,0
2025-08-21T13:43:12,nanema-HP,2.2,26.5,45.0,1481165882,28615499,14,1,0,,0
2025-08-21T13:43:18,nanema-HP,0.6,26.6,45.0,1481166758,28622275,14,1,1,Device('/sys/devices/pci0000:00/0000:00:14.0/usb3/3-2'),0
2025-08-21T13:43:24,nanema-HP,0.6,26.6,45.0,1481169701,28622989,14,1,1,Device('/sys/devices/pci0000:00/0000:00:14.0/usb3/3-2/3-2:1.0'),0
2025-08-21T13:43:31,nanema-HP,0.6,26.6,45.0,1481171125,28623831,14,1,0,,0
2025-08-21T13:43:37,nanema-HP,0.4,26.6,45.0,1481172338,28624591,14,1,0,,0
2025-08-21T13:43:43,nanema-HP,0.8,26.6,45.0,1481173915,28625810,14,1,0,,0
2025-08-21T13:43:49,nanema-HP,0.5,26.5,45.0,1481174891,28626488,14,1,0,,0
2025-08-21T13:43:55,nanema-HP,0.6,26.5,46.0,1481175635,28627230,14,1,0,,0
2025-08-21T13:44:01,nanema-HP,0.3,26.5,46.0,1481176468,28627830,14,1,0,,0
2025-08-21T13:44:07,nanema-HP,0.8,26.5,46.0,1481178468,28628758,14,1,0,,0
2025-08-21T13:44:14,nanema-HP,0.5,26.5,44.0,1481179068,28629358,14,1,0,,0
2025-08-21T13:44:20,nanema-HP,0.5,26.5,44.0,1481179668,28629958,14,1,0,,0
2025-08-21T13:44:26,nanema-HP,3.0,26.6,46.0,1481180720,28631142,14,1,0,,0
2025-08-21T13:44:32,nanema-HP,0.5,26.6,46.0,1481181320,28631742,14,1,0,,0
2025-08-21T13:44:38,nanema-HP,2.8,26.5,46.0,1481181920,28632342,14,1,0,,0
2025-08-21T13:44:44,nanema-HP,0.8,26.5,45.0,1481191048,28643161,14,1,0,,0
2025-08-21T13:44:50,nanema-HP,0.5,26.5,45.0,1481191992,28644103,14,1,0,,0
2025-08-21T13:44:57,nanema-HP,0.6,26.5,44.0,1481192592,28644703,14,1,0,,0
2025-08-21T13:45:03,nanema-HP,0.5,26.5,44.0,1481193621,28645417,14,1,0,,0
2025-08-21T13:45:09,nanema-HP,3.6,26.5,44.0,1481194221,28646017,14,1,0,,0
2025-08-21T13:45:15,nanema-HP,0.6,26.5,44.0,1481194979,28646859,14,1,0,,0
2025-08-21T13:45:21,nanema-HP,0.7,26.5,44.0,1481195579,28647459,14,1,0,,0
2025-08-21T13:45:27,nanema-HP,1.4,26.5,44.0,1481196375,28648173,14,1,0,,0
2025-08-21T13:45:33,nanema-HP,3.9,26.5,45.0,1481197219,28649015,14,1,0,,0
2025-08-21T13:45:39,nanema-HP,0.5,26.5,45.0,1481198024,28649886,14,1,0,,0
2025-08-21T13:45:46,nanema-HP,0.6,26.5,45.0,1481198820,28650600,14,1,0,,0
2025-08-21T13:45:52,nanema-HP,1.8,26.5,45.0,1481199420,28651200,14,1,0,,0
2025-08-21T13:45:58,nanema-HP,4.3,26.3,45.0,1481200020,28651800,14,1,0,,0
2025-08-21T13:46:04,nanema-HP,0.6,26.3,44.0,1481201305,28652870,14,1,0,,0
2025-08-21T13:46:10,nanema-HP,0.3,26.3,44.0,1481201905,28653470,14,1,0,,0
2025-08-21T13:46:16,nanema-HP,0.4,26.3,44.0,1481202505,28654070,14,1,0,,0
2025-08-21T13:46:22,nanema-HP,2.0,26.3,46.0,1481203105,28654670,14,1,0,,0
2025-08-21T13:46:29,nanema-HP,0.5,26.3,46.0,1481204001,28655484,14,1,0,,0
2025-08-21T13:46:35,nanema-HP,0.3,26.3,45.0,1481204845,28656326,14,1,0,,0
2025-08-21T13:46:41,nanema-HP,0.4,26.3,45.0,1481205550,28657097,14,1,0,,0
2025-08-21T13:46:47,nanema-HP,2.3,26.3,45.0,1481206388,28657853,14,1,0,,0
2025-08-21T13:46:53,nanema-HP,9.4,26.4,43.0,1481206988,28658453,14,1,0,,0
2025-08-21T13:46:59,nanema-HP,3.4,26.1,43.0,1481248811,28691078,15,1,0,,0
2025-08-21T13:47:05,nanema-HP,3.1,26.1,43.0,1481251669,28700306,15,1,0,,0
2025-08-21T13:47:12,nanema-HP,4.1,26.1,43.0,1481254466,28707052,15,1,0,,0
2025-08-21T13:47:18,nanema-HP,3.9,26.1,43.0,1481257230,28715979,15,1,0,,0
2025-08-21T13:47:24,nanema-HP,2.0,26.1,44.0,1481260824,28730733,15,1,0,,0
2025-08-21T13:47:30,nanema-HP,9.7,26.8,44.0,1481275028,28759587,15,1,0,,0
2025-08-21T13:47:36,nanema-HP,8.8,26.9,44.0,1481281082,28762797,15,1,0,,0
2025-08-21T13:47:42,nanema-HP,12.8,26.8,44.0,1481287621,28766220,16,1,0,,0
2025-08-21T13:47:48,nanema-HP,6.5,26.9,44.0,1481300192,28798263,15,1,0,,0
2025-08-21T13:47:55,nanema-HP,3.3,26.2,46.0,1481304076,28808215,15,1,0,,0
2025-08-21T13:48:01,nanema-HP,0.5,26.2,46.0,1481306272,28815003,15,1,0,,0
2025-08-21T13:48:07,nanema-HP,0.5,26.2,46.0,1481307068,28815717,15,1,0,,0
2025-08-21T13:48:13,nanema-HP,1.6,26.1,45.0,1481307668,28816317,15,1,0,,0
2025-08-21T13:48:19,nanema-HP,4.9,26.2,45.0,1481315291,28824315,16,1,0,,0
2025-08-21T13:48:25,nanema-HP,0.9,26.2,45.0,1481316087,28825029,16,1,0,,0
2025-08-21T13:48:31,nanema-HP,0.7,26.2,45.0,1481316687,28825629,15,1,0,,0
2025-08-21T13:48:38,nanema-HP,1.0,26.3,45.0,1481317443,28826323,15,1,0,,0
2025-08-21T13:48:44,nanema-HP,0.7,26.2,45.0,1481318567,28827363,15,1,0,,0
2025-08-21T13:48:50,nanema-HP,1.1,26.2,45.0,1481319167,28827963,15,1,0,,0
2025-08-21T13:48:56,nanema-HP,1.3,26.2,45.0,1481319767,28828563,15,1,0,,0
2025-08-21T13:49:02,nanema-HP,1.0,26.2,48.0,1481320811,28829374,15,1,0,,0
2025-08-21T13:49:08,nanema-HP,3.0,26.2,48.0,1481321951,28830430,15,1,0,,0
2025-08-21T13:49:15,nanema-HP,0.5,26.2,46.0,1481322551,28831030,15,1,0,,0
2025-08-21T13:49:21,nanema-HP,0.5,26.2,46.0,1481323769,28832384,14,1,0,,0
2025-08-21T13:49:27,nanema-HP,0.8,26.4,46.0,1481338379,28847305,14,1,0,,0
2025-08-21T13:49:33,nanema-HP,3.0,26.4,45.0,1481340523,28854996,14,1,0,,0
2025-08-21T13:49:39,nanema-HP,1.2,26.4,45.0,1481341123,28855596,14,1,0,,0
2025-08-21T13:49:45,nanema-HP,0.5,26.4,45.0,1481341919,28856310,14,1,0,,0
2025-08-21T13:49:51,nanema-HP,0.3,26.4,47.0,1481342519,28856910,14,1,0,,0
2025-08-21T13:49:57,nanema-HP,8.2,27.1,47.0,1481353911,28890230,14,1,0,,0
2025-08-21T13:50:04,nanema-HP,8.3,26.8,47.0,1481360705,28894665,14,1,0,,0
2025-08-21T13:50:10,nanema-HP,8.0,26.8,47.0,1481365763,28897071,14,1,0,,0
2025-08-21T13:50:16,nanema-HP,1.8,26.6,47.0,1481374313,28932231,14,1,0,,0
2025-08-21T13:50:22,nanema-HP,1.7,26.5,45.0,1481376189,28935165,14,1,0,,0
2025-08-21T13:50:28,nanema-HP,4.3,26.6,45.0,1481378721,28941157,14,1,0,,0
2025-08-21T13:50:34,nanema-HP,6.9,26.6,45.0,1481379321,28941757,14,1,0,,0
2025-08-21T13:50:40,nanema-HP,0.5,26.5,45.0,1481379921,28942357,14,1,0,,0
2025-08-21T13:50:47,nanema-HP,0.8,26.5,45.0,1481387285,28950214,15,1,0,,0
2025-08-21T13:50:53,nanema-HP,3.3,26.5,48.0,1481387971,28950892,15,1,0,,0
2025-08-21T13:50:59,nanema-HP,1.5,26.5,48.0,1481388804,28951492,15,1,0,,0
2025-08-21T13:51:05,nanema-HP,0.6,26.5,48.0,1481390054,28952450,15,1,0,,0
2025-08-21T13:51:11,nanema-HP,0.4,26.5,45.0,1481390654,28953050,15,1,0,,0
2025-08-21T13:51:17,nanema-HP,2.7,26.5,45.0,1481391498,28953892,15,1,0,,0
2025-08-21T13:51:23,nanema-HP,0.5,26.5,45.0,1481392505,28954817,15,1,0,,0
2025-08-21T13:51:29,nanema-HP,0.5,26.5,45.0,1481393563,28955897,15,1,0,,0
2025-08-21T13:51:36,nanema-HP,0.5,26.5,45.0,1481394263,28956597,15,1,0,,0
2025-08-21T13:51:42,nanema-HP,3.3,26.5,45.0,1481395318,28957650,15,1,0,,0
2025-08-21T13:51:48,nanema-HP,0.4,26.5,45.0,1481396423,28958943,14,1,0,,0
2025-08-21T13:51:54,nanema-HP,0.5,26.5,45.0,1481397023,28959543,14,1,0,,0
2025-08-21T13:52:00,nanema-HP,0.6,26.7,45.0,1481415542,28966711,14,1,-1,Device('/sys/devices/pci0000:00/0000:00:14.0/usb3/3-4/3-4:4.1'),0
2025-08-21T13:52:06,nanema-HP,3.5,26.5,45.0,1481416562,28967575,14,1,-1,Device('/sys/devices/pci0000:00/0000:00:14.0/usb3/3-4/3-4:4.0'),0
2025-08-21T13:52:12,nanema-HP,0.8,26.5,45.0,1481420538,28974367,14,1,-1,Device('/sys/devices/pci0000:00/0000:00:14.0/usb3/3-4/3-4:4.2'),0
2025-08-21T13:52:19,nanema-HP,0.5,26.5,45.0,1481421468,28975287,14,1,-1,Device('/sys/devices/pci0000:00/0000:00:14.0/usb3/3-4'),0
2025-08-21T13:52:25,nanema-HP,0.7,26.5,45.0,1481425779,28979338,14,1,1,Device('/sys/devices/pci0000:00/0000:00:14.0/usb3/3-4'),0
2025-08-21T13:52:31,nanema-HP,0.7,26.5,44.0,1481426535,28980024,14,1,1,Device('/sys/devices/pci0000:00/0000:00:14.0/usb3/3-4/3-4:1.0'),0
2025-08-21T13:52:37,nanema-HP,0.4,26.5,44.0,1481427379,28980866,14,1,-1,Device('/sys/devices/pci0000:00/0000:00:14.0/usb3/3-4/3-4:1.0'),0
2025-08-21T13:52:43,nanema-HP,0.7,26.5,44.0,1481429923,28982848,14,1,1,Device('/sys/devices/pci0000:00/0000:00:14.0/usb3/3-4/3-4:4.0'),0
2025-08-21T13:52:49,nanema-HP,0.5,26.5,44.0,1481430693,28983610,14,1,1,Device('/sys/devices/pci0000:00/0000:00:14.0/usb3/3-4/3-4:4.1'),0
2025-08-21T13:52:56,nanema-HP,0.4,26.5,44.0,1481431451,28984452,14,1,1,Device('/sys/devices/pci0000:00/0000:00:14.0/usb3/3-4/3-4:4.2'),0
2025-08-21T13:53:02,nanema-HP,0.5,26.4,44.0,1481432284,28985052,14,1,-1,Device('/sys/devices/pci0000:00/0000:00:14.0/usb3/3-4/3-4:4.1'),0
2025-08-21T13:53:08,nanema-HP,0.4,26.4,44.0,1481433180,28985866,14,1,-1,Device('/sys/devices/pci0000:00/0000:00:14.0/usb3/3-4/3-4:4.0'),0
2025-08-21T13:53:14,nanema-HP,0.3,26.4,44.0,1481433780,28986466,14,1,-1,Device('/sys/devices/pci0000:00/0000:00:14.0/usb3/3-4/3-4:4.2'),0
2025-08-21T13:53:20,nanema-HP,0.5,26.7,43.0,1481448991,28994426,14,1,-1,Device('/sys/devices/pci0000:00/0000:00:14.0/usb3/3-4'),0
2025-08-21T13:53:26,nanema-HP,0.8,26.6,43.0,1481449873,28995218,14,1,0,,0
2025-08-21T13:53:32,nanema-HP,1.2,26.5,43.0,1481450813,28996431,14,1,0,,0
2025-08-21T13:53:38,nanema-HP,0.5,26.5,43.0,1481464257,29011688,16,1,0,,0
2025-08-21T13:53:45,nanema-HP,0.7,26.5,43.0,1481466236,29018265,15,1,0,,0
2025-08-21T13:53:51,nanema-HP,0.8,26.5,43.0,1481474574,29038414,17,1,0,,0
2025-08-21T13:53:57,nanema-HP,0.6,26.5,43.0,1481476078,29039114,17,1,0,,0
2025-08-21T13:54:03,nanema-HP,0.6,26.4,43.0,1481477412,29039714,17,1,0,,0
2025-08-21T13:54:09,nanema-HP,0.7,26.4,42.0,1481478740,29040670,17,1,0,,0
2025-08-21T13:54:15,nanema-HP,0.5,26.5,42.0,1481479340,29041270,17,1,0,,0
2025-08-21T13:54:21,nanema-HP,0.8,26.5,42.0,1481479940,29041870,16,1,0,,0
2025-08-21T13:54:28,nanema-HP,0.4,26.5,43.0,1481480736,29042584,16,1,0,,0
2025-08-21T13:54:34,nanema-HP,0.6,26.5,43.0,1481481798,29043644,16,1,0,,0
2025-08-21T13:54:40,nanema-HP,0.8,26.5,43.0,1481482584,29044422,16,1,0,,0
2025-08-21T13:54:46,nanema-HP,0.4,26.5,43.0,1481483606,29045444,16,1,0,,0
2025-08-21T13:54:52,nanema-HP,0.5,26.5,43.0,1481484646,29046400,16,1,0,,0
2025-08-21T13:54:58,nanema-HP,1.3,26.5,42.0,1481485911,29047000,16,1,0,,0
2025-08-21T13:55:05,nanema-HP,0.7,26.5,42.0,1481486630,29047600,16,1,0,,0
2025-08-21T13:55:11,nanema-HP,0.4,26.5,42.0,1481487426,29048314,16,1,0,,0
2025-08-21T13:55:17,nanema-HP,0.5,26.5,42.0,1481488026,29048914,16,1,0,,0
2025-08-21T13:55:23,nanema-HP,0.6,26.5,42.0,1481489089,29049856,16,1,0,,0
2025-08-21T13:55:29,nanema-HP,0.4,26.5,42.0,1481489885,29050570,16,1,0,,0
2025-08-21T13:55:35,nanema-HP,0.6,26.5,42.0,1481490617,29051388,16,1,0,,0
2025-08-21T13:55:41,nanema-HP,0.5,26.4,42.0,1481491805,29052308,16,1,0,,0
2025-08-21T13:55:48,nanema-HP,0.9,26.3,43.0,1481492851,29053444,16,1,0,,0
2025-08-21T13:55:54,nanema-HP,0.6,26.3,43.0,1481493695,29054286,16,1,0,,0
2025-08-21T13:56:00,nanema-HP,0.8,26.3,43.0,1481494786,29054886,16,1,0,,0
2025-08-21T13:56:06,nanema-HP,0.3,26.3,43.0,1481495386,29055486,16,1,0,,0
2025-08-21T13:56:12,nanema-HP,0.5,26.3,43.0,1481496282,29056300,16,1,0,,0
2025-08-21T13:56:18,nanema-HP,0.5,26.3,43.0,1481497126,29057142,16,1,0,,0
2025-08-21T13:56:25,nanema-HP,0.4,26.3,43.0,1481497984,29057742,16,1,0,,0
2025-08-21T13:56:31,nanema-HP,0.8,26.3,43.0,1481501872,29058756,16,1,0,,0
2025-08-21T13:56:37,nanema-HP,0.5,26.3,43.0,1481504370,29061042,15,1,0,,0
2025-08-21T13:56:43,nanema-HP,1.2,26.3,43.0,1481505830,29061720,15,1,0,,0
2025-08-21T13:56:49,nanema-HP,0.5,26.3,43.0,1481506884,29062434,15,1,0,,0
2025-08-21T13:56:55,nanema-HP,0.9,26.3,43.0,1481508100,29063134,15,1,0,,0
2025-08-21T13:57:01,nanema-HP,0.5,26.3,43.0,1481528122,29064034,15,1,0,,0
2025-08-21T13:57:07,nanema-HP,2.8,26.4,43.0,1481534859,29072487,16,1,0,,0
2025-08-21T13:57:14,nanema-HP,14.3,26.7,43.0,1481536319,29073165,16,1,0,,0
2025-08-21T13:57:20,nanema-HP,0.4,26.6,44.0,1481536919,29073765,16,1,0,,0
2025-08-21T13:57:26,nanema-HP,0.3,26.6,44.0,1481537519,29074365,16,1,0,,0
2025-08-21T13:57:32,nanema-HP,0.5,26.8,44.0,1481538559,29075321,16,1,0,,0
2025-08-21T13:57:38,nanema-HP,0.4,27.0,43.0,1481539814,29075921,16,1,0,,0
2025-08-21T13:57:44,nanema-HP,0.4,27.1,43.0,1481542262,29077889,14,1,0,,0
2025-08-21T13:57:51,nanema-HP,0.4,27.2,43.0,1481543186,29078723,14,1,0,,0
2025-08-21T13:57:57,nanema-HP,0.6,27.4,43.0,1481544546,29079565,14,1,0,,0
2025-08-21T13:58:03,nanema-HP,0.3,27.5,43.0,1481545637,29080165,14,1,0,,0
2025-08-21T13:58:09,nanema-HP,0.6,27.6,42.0,1481546656,29081215,14,1,0,,0
2025-08-21T13:58:15,nanema-HP,0.5,27.6,42.0,1481547256,29081815,14,1,0,,0
2025-08-21T13:58:21,nanema-HP,0.4,27.7,42.0,1481548735,29082657,14,1,0,,0
2025-08-21T13:58:27,nanema-HP,1.5,27.8,42.0,1481549919,29083471,14,1,0,,0
2025-08-21T13:58:33,nanema-HP,0.4,27.8,42.0,1481550519,29084071,14,1,0,,0
2025-08-21T13:58:40,nanema-HP,0.5,27.8,42.0,1481551317,29084915,14,1,0,,0
2025-08-21T13:58:46,nanema-HP,0.3,27.9,42.0,1481552103,29085657,14,1,0,,0
2025-08-21T13:58:52,nanema-HP,0.4,27.9,42.0,1481552999,29086471,14,1,0,,0
2025-08-21T13:58:58,nanema-HP,0.4,28.0,42.0,1481553599,29087071,14,1,0,,0
2025-08-21T13:59:04,nanema-HP,0.5,27.8,42.0,1481554432,29087671,14,1,0,,0
2025-08-21T13:59:10,nanema-HP,0.3,27.8,42.0,1481555683,29088838,14,1,0,,0
2025-08-21T13:59:16,nanema-HP,0.3,27.9,42.0,1481556369,29089516,14,1,0,,0
2025-08-21T13:59:23,nanema-HP,0.3,27.9,42.0,1481556969,29090116,14,1,0,,0
2025-08-21T13:59:29,nanema-HP,0.4,28.0,41.0,1481558005,29090830,14,1,0,,0
2025-08-21T13:59:35,nanema-HP,0.8,27.0,41.0,1481558605,29091430,14,1,0,,0
2025-08-21T13:59:41,nanema-HP,0.3,27.0,41.0,1481559549,29092372,14,1,0,,0
2025-08-21T13:59:47,nanema-HP,0.6,27.1,42.0,1481560345,29093086,14,1,0,,0
2025-08-21T13:59:53,nanema-HP,0.4,27.1,42.0,1481561203,29093686,14,1,0,,0
2025-08-21T14:00:00,nanema-HP,0.9,26.8,42.0,1481564042,29094849,14,1,0,,0
2025-08-21T14:00:06,nanema-HP,0.7,26.8,42.0,1481565532,29095527,14,1,0,,0
2025-08-21T14:00:12,nanema-HP,0.5,26.9,42.0,1481566672,29096241,14,1,0,,0
2025-08-21T14:00:18,nanema-HP,0.3,26.9,42.0,1481567530,29096841,14,1,0,,0
2025-08-21T14:00:24,nanema-HP,0.6,27.0,42.0,1481568474,29097783,14,1,0,,0
2025-08-21T14:00:30,nanema-HP,0.7,27.1,42.0,1481569270,29098497,14,1,0,,0
2025-08-21T14:00:36,nanema-HP,0.4,27.2,42.0,1481569956,29099097,14,1,0,,0
2025-08-21T14:00:42,nanema-HP,0.3,26.4,42.0,1481570556,29099697,14,1,0,,0
2025-08-21T14:00:49,nanema-HP,0.5,26.4,42.0,1481571352,29100411,14,1,0,,0
2025-08-21T14:00:55,nanema-HP,0.5,26.6,42.0,1481572742,29101253,14,1,0,,0
2025-08-21T14:01:01,nanema-HP,0.6,26.7,42.0,1481574091,29101853,13,1,0,,0
2025-08-21T14:01:07,nanema-HP,0.3,26.7,42.0,1481575131,29102809,13,1,0,,0
2025-08-21T14:01:13,nanema-HP,0.7,26.7,42.0,1481576665,29103509,13,1,0,,0
2025-08-21T14:01:19,nanema-HP,0.4,26.8,42.0,1481577781,29104109,13,1,0,,0
2025-08-21T14:01:25,nanema-HP,0.8,26.9,42.0,1481578913,29104951,13,1,0,,0
2025-08-21T14:01:32,nanema-HP,0.5,27.0,42.0,1481579709,29105665,13,1,0,,0
2025-08-21T14:01:38,nanema-HP,0.4,27.2,42.0,1481580309,29106265,13,1,0,,0
2025-08-21T14:01:44,nanema-HP,0.4,27.3,42.0,1481581153,29107107,13,1,0,,0
2025-08-21T14:01:50,nanema-HP,0.3,27.5,42.0,1481581949,29107821,13,1,0,,0
2025-08-21T14:01:56,nanema-HP,0.3,27.6,42.0,1481582549,29108421,13,1,0,,0
2025-08-21T14:02:02,nanema-HP,0.4,27.8,42.0,1481602822,29109563,13,1,0,,0
2025-08-21T14:02:08,nanema-HP,0.6,27.8,42.0,1481603618,29110277,13,1,0,,0
2025-08-21T14:02:15,nanema-HP,0.3,27.9,42.0,1481604304,29110955,13,1,0,,0
2025-08-21T14:02:21,nanema-HP,0.6,27.9,42.0,1481605148,29111797,13,1,0,,0
2025-08-21T14:02:27,nanema-HP,0.4,28.0,42.0,1481606044,29112611,13,1,0,,0
2025-08-21T14:02:33,nanema-HP,0.7,28.1,42.0,1481607044,29113539,13,1,0,,0
2025-08-21T14:02:39,nanema-HP,0.3,28.1,42.0,1481607644,29114139,13,1,0,,0
2025-08-21T14:02:45,nanema-HP,0.5,28.2,42.0,1481609992,29115987,13,1,0,,0
2025-08-21T14:02:51,nanema-HP,0.6,28.2,42.0,1481610916,29116821,13,1,0,,0
2025-08-21T14:02:58,nanema-HP,0.4,28.2,42.0,1481611760,29117663,13,1,0,,0
2025-08-21T14:03:04,nanema-HP,0.5,27.8,42.0,1481612593,29118263,13,1,0,,0
2025-08-21T14:03:10,nanema-HP,0.3,27.8,42.0,1481614001,29119077,13,1,0,,0
2025-08-21T14:03:16,nanema-HP,0.5,27.9,42.0,1481615283,29119677,13,1,0,,0
2025-08-21T14:03:22,nanema-HP,0.5,27.9,42.0,1481616381,29120519,13,1,0,,0
2025-08-21T14:03:28,nanema-HP,0.6,28.0,42.0,1481617517,29121233,13,1,0,,0
2025-08-21T14:03:34,nanema-HP,0.6,28.0,42.0,1481618243,29121833,13,1,0,,0
2025-08-21T14:03:41,nanema-HP,2.2,28.1,42.0,1481619625,29122853,13,1,0,,0
2025-08-21T14:03:47,nanema-HP,0.6,28.1,42.0,1481620507,29123567,13,1,0,,0
2025-08-21T14:03:53,nanema-HP,0.5,28.2,42.0,1481621107,29124167,13,1,0,,0
2025-08-21T14:03:59,nanema-HP,0.9,27.7,42.0,1481622166,29124867,13,1,0,,0
2025-08-21T14:04:05,nanema-HP,0.6,27.7,42.0,1481622892,29125467,13,1,0,,0
2025-08-21T14:04:11,nanema-HP,0.5,27.7,42.0,1481623932,29126423,13,1,0,,0
2025-08-21T14:04:17,nanema-HP,0.5,27.8,42.0,1481624532,29127023,13,1,0,,0
2025-08-21T14:04:24,nanema-HP,0.4,27.8,42.0,1481625132,29127623,13,1,0,,0
2025-08-21T14:04:30,nanema-HP,0.4,27.9,42.0,1481625928,29128337,13,1,0,,0
2025-08-21T14:04:36,nanema-HP,0.5,28.0,41.0,1481626772,29129179,13,1,0,,0
2025-08-21T14:04:42,nanema-HP,0.3,28.0,41.0,1481627372,29129779,13,1,0,,0
2025-08-21T14:04:48,nanema-HP,0.5,28.1,41.0,1481628394,29130593,13,1,0,,0
2025-08-21T14:04:54,nanema-HP,0.5,28.1,42.0,1481628994,29131193,13,1,0,,0
2025-08-21T14:05:00,nanema-HP,0.8,27.7,42.0,1481630071,29132035,13,1,0,,0
2025-08-21T14:05:07,nanema-HP,0.4,27.8,42.0,1481630867,29132749,13,1,0,,0
2025-08-21T14:05:13,nanema-HP,0.3,27.8,41.0,1481631467,29133349,13,1,0,,0
2025-08-21T14:05:19,nanema-HP,0.5,27.9,41.0,1481632067,29133949,13,1,0,,0
2025-08-21T14:05:25,nanema-HP,0.4,27.9,41.0,1481632911,29134791,13,1,0,,0
2025-08-21T14:05:31,nanema-HP,0.3,28.0,41.0,1481633807,29135605,13,1,0,,0
2025-08-21T14:05:37,nanema-HP,0.6,28.0,41.0,1481634407,29136205,13,1,0,,0
2025-08-21T14:05:43,nanema-HP,0.3,27.3,41.0,1481635251,29137047,13,1,0,,0
2025-08-21T14:05:50,nanema-HP,0.4,27.3,41.0,1481636047,29137761,13,1,0,,0
2025-08-21T14:05:56,nanema-HP,0.8,26.5,41.0,1481636689,29138361,13,1,0,,0
2025-08-21T14:06:02,nanema-HP,0.4,26.4,42.0,1481637849,29138961,13,1,0,,0
2025-08-21T14:06:08,nanema-HP,0.5,26.5,42.0,1481638889,29139917,13,1,0,,0
2025-08-21T14:06:14,nanema-HP,0.5,26.6,42.0,1481639589,29140617,13,1,0,,0
2025-08-21T14:06:20,nanema-HP,0.8,26.8,42.0,1481642395,29141217,13,1,0,,0
2025-08-21T14:06:27,nanema-HP,0.6,26.9,42.0,1481645169,29142473,13,1,0,,0
2025-08-21T14:06:33,nanema-HP,0.7,27.2,41.0,1481647121,29143073,13,1,0,,0
2025-08-21T14:06:39,nanema-HP,0.5,27.3,41.0,1481647807,29143673,13,1,0,,0
2025-08-21T14:06:45,nanema-HP,1.9,27.4,41.0,1481648651,29144515,13,1,0,,0
2025-08-21T14:06:51,nanema-HP,0.4,27.6,41.0,1481649447,29145229,13,1,0,,0
2025-08-21T14:06:57,nanema-HP,0.7,27.7,41.0,1481650047,29145829,13,1,0,,0
2025-08-21T14:07:03,nanema-HP,0.4,27.8,42.0,1481671869,29146971,13,1,0,,0
2025-08-21T14:27:02,nanema-HP,23.7,27.2,42.0,1481736521,29219022,22,1,0,,0
2025-08-21T14:27:08,nanema-HP,4.1,27.1,42.0,1481781517,29260552,20,1,0,,0
2025-08-21T14:27:14,nanema-HP,0.6,27.1,38.0,1481798106,29294124,23,1,0,,0
2025-08-21T14:27:20,nanema-HP,0.8,26.9,38.0,1481800180,29295350,23,1,0,,0
2025-08-21T14:27:26,nanema-HP,0.7,26.9,38.0,1481801492,29296206,23,1,0,,0
2025-08-21T14:27:33,nanema-HP,5.4,27.0,38.0,1481802882,29297534,23,1,0,,0
2025-08-21T14:27:39,nanema-HP,3.5,27.1,38.0,1481804582,29298580,23,1,0,,0
2025-08-21T14:27:45,nanema-HP,2.3,26.9,39.0,1481805440,29299180,23,1,0,,0
2025-08-21T14:27:51,nanema-HP,0.7,27.0,39.0,1481806516,29300112,23,1,0,,0
2025-08-21T14:27:57,nanema-HP,0.5,27.0,40.0,1481807312,29300826,23,1,0,,0
2025-08-21T14:28:03,nanema-HP,6.3,27.1,40.0,1481808925,29302282,22,1,0,,0
2025-08-21T14:28:10,nanema-HP,0.7,27.0,40.0,1481809743,29303100,21,1,0,,0
2025-08-21T14:28:16,nanema-HP,0.4,27.0,41.0,1481810875,29304236,20,1,0,,0
2025-08-21T14:28:22,nanema-HP,0.5,27.1,41.0,1481812241,29305334,20,1,0,,0
2025-08-21T14:28:28,nanema-HP,0.7,27.1,41.0,1481813013,29306048,20,1,0,,0
2025-08-21T14:28:34,nanema-HP,0.7,27.0,41.0,1481814113,29306980,20,1,0,,0
2025-08-21T14:28:40,nanema-HP,0.6,27.0,41.0,1481815267,29307884,20,1,0,,0
2025-08-21T14:28:46,nanema-HP,0.4,27.0,41.0,1481816257,29308864,20,1,0,,0
2025-08-21T14:28:53,nanema-HP,0.5,27.0,41.0,1481817271,29309796,20,1,0,,0
2025-08-21T14:28:59,nanema-HP,0.6,27.0,41.0,1481818308,29310598,19,1,0,,0
2025-08-21T14:29:05,nanema-HP,0.4,27.0,41.0,1481819602,29311852,19,1,0,,0
2025-08-21T14:29:11,nanema-HP,0.5,27.0,41.0,1481820330,29312766,19,1,0,,0
2025-08-21T14:29:17,nanema-HP,0.7,27.0,41.0,1481821587,29314111,19,1,0,,0
2025-08-21T14:29:23,nanema-HP,0.6,27.0,41.0,1481822519,29314856,19,1,0,,0
2025-08-21T14:29:30,nanema-HP,1.4,27.0,41.0,1481828544,29316709,19,1,0,,0
2025-08-21T14:29:36,nanema-HP,0.7,26.9,42.0,1481835036,29324020,20,1,0,,0
2025-08-21T14:29:42,nanema-HP,0.5,26.9,42.0,1481835894,29324620,20,1,0,,0
2025-08-21T14:29:48,nanema-HP,0.7,26.9,42.0,1481839305,29326054,19,1,0,,0
2025-08-21T14:29:54,nanema-HP,1.0,26.9,43.0,1481840101,29326768,19,1,0,,0
2025-08-21T14:30:00,nanema-HP,0.8,27.0,43.0,1481842920,29327815,19,1,0,,0
2025-08-21T14:30:06,nanema-HP,0.5,26.9,43.0,1481844342,29329370,16,1,0,,0
2025-08-21T14:30:13,nanema-HP,0.8,26.9,43.0,1481845737,29330466,16,1,0,,0
2025-08-21T14:30:19,nanema-HP,0.6,26.9,43.0,1481846337,29331066,16,1,0,,0
2025-08-21T14:30:25,nanema-HP,0.4,26.9,43.0,1481847195,29331666,16,1,0,,0
2025-08-21T14:30:31,nanema-HP,0.7,26.9,43.0,1481847999,29332468,16,1,0,,0
2025-08-21T14:30:37,nanema-HP,2.1,26.9,43.0,1481849006,29333393,16,1,0,,0
2025-08-21T14:30:43,nanema-HP,0.7,26.9,43.0,1481850692,29334071,16,1,0,,0
2025-08-21T14:30:49,nanema-HP,0.3,26.9,43.0,1481851292,29334671,16,1,0,,0
2025-08-21T14:30:56,nanema-HP,0.5,26.9,43.0,1481852292,29335587,16,1,0,,0
2025-08-21T14:31:02,nanema-HP,0.5,26.9,43.0,1481853922,29336446,16,1,0,,0
2025-08-21T14:31:08,nanema-HP,0.3,26.9,43.0,1481854608,29337124,14,1,0,,0
2025-08-21T14:31:14,nanema-HP,0.3,26.9,44.0,1481856466,29337838,14,1,0,,0
2025-08-21T14:31:20,nanema-HP,0.6,26.9,44.0,1481857066,29338768,14,1,0,,0
2025-08-21T14:31:26,nanema-HP,0.7,26.9,44.0,1481857870,29339434,14,1,0,,0
2025-08-21T14:31:32,nanema-HP,0.3,26.9,44.0,1481858924,29340148,14,1,0,,0
2025-08-21T14:31:39,nanema-HP,0.4,26.9,44.0,1481859939,29341239,14,1,0,,0
2025-08-21T14:31:45,nanema-HP,0.3,26.9,43.0,1481861155,29341939,14,1,0,,0
2025-08-21T14:31:51,nanema-HP,1.0,26.9,43.0,1481862421,29342539,14,1,0,,0
2025-08-21T14:31:57,nanema-HP,0.6,26.9,43.0,1481863757,29343541,14,1,0,,0
2025-08-21T14:32:03,nanema-HP,0.8,26.9,44.0,1481883766,29345194,14,1,0,,0
2025-08-21T14:32:09,nanema-HP,0.5,26.9,44.0,1481885718,29346549,14,1,0,,0
2025-08-21T14:32:16,nanema-HP,0.8,26.9,44.0,1481887374,29347341,14,1,0,,0
2025-08-21T14:32:22,nanema-HP,0.5,27.0,44.0,1481888446,29347941,14,1,0,,0
2025-08-21T14:32:28,nanema-HP,0.5,26.9,44.0,1481890100,29349126,13,1,0,,0
2025-08-21T14:32:34,nanema-HP,0.6,26.9,44.0,1481891494,29349840,13,1,0,,0
2025-08-21T14:32:40,nanema-HP,0.3,26.9,44.0,1481892136,29350440,13,1,0,,0
2025-08-21T14:32:46,nanema-HP,0.5,26.9,44.0,1481892948,29351040,13,1,0,,0
2025-08-21T14:32:52,nanema-HP,0.7,26.9,44.0,1481895145,29352260,13,1,0,,0
2025-08-21T14:32:59,nanema-HP,0.6,26.9,44.0,1481896236,29352860,13,1,0,,0
2025-08-21T14:33:05,nanema-HP,0.5,26.9,44.0,1481897134,29353460,13,1,0,,0
2025-08-21T14:33:11,nanema-HP,0.7,26.9,44.0,1481898204,29354060,13,1,0,,0
2025-08-21T14:33:17,nanema-HP,0.3,26.9,44.0,1481899204,29354976,13,1,0,,0
2025-08-21T14:33:23,nanema-HP,0.6,26.9,44.0,1481900062,29355576,13,1,0,,0
2025-08-21T14:33:29,nanema-HP,2.8,26.9,44.0,1481900662,29356176,13,1,0,,0
2025-08-21T14:33:36,nanema-HP,4.4,26.9,44.0,1481904814,29357190,13,1,0,,0
2025-08-21T14:33:42,nanema-HP,0.4,26.8,44.0,1481906282,29357992,13,1,0,,0
2025-08-21T14:33:48,nanema-HP,0.5,26.8,44.0,1481906968,29358592,13,1,0,,0
2025-08-21T14:33:54,nanema-HP,0.4,26.8,45.0,1481908848,29359406,13,1,0,,0
2025-08-21T14:34:00,nanema-HP,0.5,26.9,45.0,1481910473,29360208,13,1,0,,0
2025-08-21T14:34:06,nanema-HP,3.8,26.9,45.0,1481911741,29360850,13,1,0,,0
2025-08-21T14:34:13,nanema-HP,8.7,27.2,45.0,1481912795,29361564,13,1,0,,0
2025-08-21T14:34:19,nanema-HP,1.2,27.1,45.0,1481913825,29362164,13,1,0,,0
2025-08-21T14:34:25,nanema-HP,2.4,27.1,46.0,1481930179,29393133,14,1,0,,0
2025-08-21T14:34:31,nanema-HP,0.8,27.0,46.0,1481932364,29393853,14,1,0,,0
2025-08-21T14:34:37,nanema-HP,2.3,27.1,46.0,1481948020,29406292,14,1,0,,0
2025-08-21T14:34:43,nanema-HP,1.5,27.1,46.0,1481949984,29412803,14,1,0,,0
2025-08-21T14:34:49,nanema-HP,2.5,27.1,46.0,1481953637,29426230,14,1,0,,0
2025-08-21T14:34:56,nanema-HP,3.2,26.9,46.0,1481956265,29438307,14,1,0,,0
2025-08-21T14:35:02,nanema-HP,2.5,26.9,45.0,1481959902,29446174,14,1,0,,0
2025-08-21T14:35:08,nanema-HP,1.3,26.9,45.0,1481968088,29460422,15,1,0,,0
2025-08-21T14:35:14,nanema-HP,2.6,26.9,46.0,1481970648,29466875,15,1,0,,0
2025-08-21T14:35:20,nanema-HP,2.6,27.0,46.0,1481974257,29479295,15,1,0,,0
2025-08-21T14:35:26,nanema-HP,6.2,27.2,46.0,1481983812,29505586,15,1,0,,0
2025-08-21T14:35:32,nanema-HP,7.6,27.6,47.0,1481990942,29509694,15,1,0,,0
2025-08-21T14:35:39,nanema-HP,8.7,27.2,47.0,1481996122,29512530,15,1,0,,0
2025-08-21T14:35:45,nanema-HP,9.2,27.4,47.0,1482000919,29515224,15,1,0,,0
2025-08-21T14:35:51,nanema-HP,1.3,27.8,47.0,1482011149,29553213,15,1,0,,0
2025-08-21T14:35:57,nanema-HP,0.5,27.4,47.0,1482015034,29562157,15,1,0,,0
2025-08-21T14:36:03,nanema-HP,0.6,27.3,48.0,1482016078,29562968,15,1,0,,0
2025-08-21T14:36:09,nanema-HP,0.6,27.2,48.0,1482016864,29563746,15,1,0,,0
2025-08-21T14:36:15,nanema-HP,0.4,27.1,48.0,1482017864,29564662,15,1,0,,0
2025-08-21T14:36:22,nanema-HP,1.3,27.2,46.0,1482018464,29565262,15,1,0,,0
2025-08-21T14:36:28,nanema-HP,0.8,27.1,46.0,1482019064,29565862,15,1,0,,0
2025-08-21T14:36:34,nanema-HP,0.4,27.1,45.0,1482019860,29566576,15,1,0,,0
2025-08-21T14:36:40,nanema-HP,2.6,27.0,45.0,1482020836,29567378,15,1,0,,0
2025-08-21T14:36:46,nanema-HP,0.6,26.9,45.0,1482021564,29568020,15,1,0,,0
2025-08-21T14:36:52,nanema-HP,0.6,26.9,44.0,1482022671,29569045,15,1,0,,0
2025-08-21T14:36:59,nanema-HP,0.5,26.9,44.0,1482023590,29569723,15,1,0,,0
2025-08-21T14:37:05,nanema-HP,3.9,26.9,44.0,1482043616,29571689,15,1,0,,0
2025-08-21T14:37:11,nanema-HP,0.5,26.9,44.0,1482045696,29573144,15,1,0,,0
2025-08-21T14:37:17,nanema-HP,0.5,26.9,44.0,1482046492,29573858,15,1,0,,0
2025-08-21T14:37:23,nanema-HP,0.3,26.9,44.0,1482047092,29574458,15,1,0,,0
2025-08-21T14:37:29,nanema-HP,0.9,26.9,44.0,1482047896,29575260,15,1,0,,0
2025-08-21T14:37:35,nanema-HP,0.5,26.9,44.0,1482048692,29575974,15,1,0,,0
2025-08-21T14:37:42,nanema-HP,0.7,26.9,44.0,1482049612,29576778,15,1,0,,0
2025-08-21T14:37:48,nanema-HP,2.6,26.9,44.0,1482050212,29577378,15,1,0,,0
2025-08-21T14:37:54,nanema-HP,0.9,26.9,44.0,1482051817,29578988,14,1,0,,0
2025-08-21T14:38:00,nanema-HP,0.6,26.9,44.0,1482052778,29579708,14,1,0,,0
2025-08-21T14:38:06,nanema-HP,0.5,27.0,44.0,1482053378,29580308,14,1,0,,0
2025-08-21T14:38:12,nanema-HP,0.7,27.1,44.0,1482054174,29581022,14,1,0,,0
2025-08-21T14:38:19,nanema-HP,0.4,27.1,44.0,1482055083,29581916,14,1,0,,0
2025-08-21T14:38:25,nanema-HP,0.5,27.1,44.0,1482055973,29582796,14,1,0,,0
2025-08-21T14:38:31,nanema-HP,0.3,27.1,43.0,1482056573,29583396,14,1,0,,0
2025-08-21T14:38:37,nanema-HP,0.4,27.1,43.0,1482057369,29584110,14,1,0,,0
2025-08-21T14:38:43,nanema-HP,0.7,27.1,43.0,1482058609,29585256,14,1,0,,0
2025-08-21T14:38:49,nanema-HP,0.4,27.0,43.0,1482059861,29586136,14,1,0,,0
2025-08-21T14:38:56,nanema-HP,0.4,27.0,43.0,1482060699,29586892,14,1,0,,0
2025-08-21T14:39:02,nanema-HP,0.4,27.1,43.0,1482061532,29587492,14,1,0,,0
2025-08-21T14:39:08,nanema-HP,0.4,27.1,43.0,1482062132,29588092,14,1,0,,0
2025-08-21T14:39:14,nanema-HP,0.4,27.1,43.0,1482063132,29589008,14,1,0,,0
2025-08-21T14:39:20,nanema-HP,0.6,27.1,43.0,1482063952,29589836,14,1,0,,0
2025-08-21T14:39:26,nanema-HP,0.5,27.1,43.0,1482064638,29590514,14,1,0,,0
2025-08-21T14:39:32,nanema-HP,0.5,27.1,42.0,1482065434,29591228,14,1,0,,0
2025-08-21T14:39:39,nanema-HP,2.0,27.1,42.0,1482066034,29591828,14,1,0,,0
2025-08-21T14:39:45,nanema-HP,0.5,27.1,42.0,1482066838,29592630,14,1,0,,0
2025-08-21T14:39:51,nanema-HP,0.7,27.0,43.0,1482067480,29593272,13,1,0,,0
2025-08-21T14:39:57,nanema-HP,0.6,27.0,43.0,1482068648,29594072,13,1,0,,0
2025-08-21T14:40:03,nanema-HP,0.6,27.0,43.0,1482070833,29594952,13,1,0,,0
2025-08-21T14:40:09,nanema-HP,0.7,27.1,42.0,1482071533,29595652,13,1,0,,0
2025-08-21T14:40:15,nanema-HP,0.5,27.0,42.0,1482072617,29596366,13,1,0,,0
2025-08-21T14:40:22,nanema-HP,1.3,27.2,42.0,1482073421,29597168,13,1,0,,0
2025-08-21T14:40:28,nanema-HP,0.7,27.1,42.0,1482074063,29597810,13,1,0,,0
2025-08-21T14:40:34,nanema-HP,0.6,27.1,42.0,1482074859,29598524,13,1,0,,0
2025-08-21T14:40:40,nanema-HP,0.6,27.1,42.0,1482075537,29599210,13,1,0,,0
2025-08-21T14:40:46,nanema-HP,0.8,27.1,42.0,1482076395,29599888,13,1,0,,0
2025-08-21T14:40:52,nanema-HP,0.4,27.1,42.0,1482077487,29600804,13,1,0,,0
2025-08-21T14:40:58,nanema-HP,0.7,27.1,42.0,1482078646,29601546,13,1,0,,0
2025-08-21T14:41:05,nanema-HP,0.5,27.0,42.0,1482079246,29602146,13,1,0,,0
2025-08-21T14:41:11,nanema-HP,0.4,27.0,41.0,1482080050,29602948,13,1,0,,0
2025-08-21T14:41:17,nanema-HP,0.6,27.0,41.0,1482080924,29603748,13,1,0,,0
2025-08-21T14:41:23,nanema-HP,0.4,27.0,41.0,1482081610,29604426,13,1,0,,0
2025-08-21T14:41:29,nanema-HP,0.4,27.0,42.0,1482082210,29605026,13,1,0,,0
2025-08-21T14:41:35,nanema-HP,0.4,27.0,42.0,1482083210,29605942,13,1,0,,0
2025-08-21T14:41:41,nanema-HP,0.5,27.0,42.0,1482083952,29606684,13,1,0,,0
2025-08-21T14:41:48,nanema-HP,0.4,27.0,42.0,1482084552,29607284,13,1,0,,0
2025-08-21T14:41:54,nanema-HP,0.5,27.0,42.0,1482085552,29608200,13,1,0,,0
2025-08-21T14:42:00,nanema-HP,0.6,27.0,42.0,1482105671,29609036,13,1,0,,0
2025-08-21T14:42:06,nanema-HP,0.4,27.1,42.0,1482115335,29619796,14,1,0,,0
2025-08-21T14:42:12,nanema-HP,0.5,27.0,42.0,1482116760,29621365,15,1,0,,0
2025-08-21T14:42:18,nanema-HP,0.7,27.0,42.0,1482117446,29622231,15,1,0,,0
2025-08-21T14:42:25,nanema-HP,0.7,27.1,42.0,1482118671,29623461,14,1,0,,0
2025-08-21T14:42:31,nanema-HP,0.5,27.0,42.0,1482119475,29624263,14,1,0,,0
2025-08-21T14:42:37,nanema-HP,0.4,27.0,42.0,1482120313,29625019,14,1,0,,0
2025-08-21T14:42:43,nanema-HP,1.0,27.0,42.0,1482121233,29625823,14,1,0,,0
2025-08-21T14:42:49,nanema-HP,2.3,27.1,42.0,1482127278,29633458,15,1,0,,0
2025-08-21T14:42:55,nanema-HP,6.6,27.0,42.0,1482128288,29634292,15,1,0,,0
2025-08-21T14:43:01,nanema-HP,0.7,27.0,44.0,1482129292,29635063,15,1,0,,0
2025-08-21T14:43:08,nanema-HP,0.3,27.1,44.0,1482129992,29635763,15,1,0,,0
2025-08-21T14:43:14,nanema-HP,0.7,27.3,44.0,1482130992,29636679,15,1,0,,0
2025-08-21T14:43:20,nanema-HP,2.3,27.7,43.0,1482148541,29643594,15,1,0,,0
2025-08-21T14:43:26,nanema-HP,0.7,27.8,43.0,1482155051,29655917,16,1,0,,0
2025-08-21T14:43:32,nanema-HP,0.7,27.9,43.0,1482156087,29656673,16,1,0,,0
2025-08-21T14:43:38,nanema-HP,0.7,28.0,43.0,1482178359,29676792,16,1,0,,0
2025-08-21T14:43:44,nanema-HP,0.5,28.1,43.0,1482178959,29677392,16,1,0,,0
2025-08-21T14:43:51,nanema-HP,0.4,28.2,42.0,1482179784,29678303,16,1,0,,0
2025-08-21T14:43:57,nanema-HP,0.9,28.4,42.0,1482180784,29679219,16,1,0,,0
2025-08-21T14:44:03,nanema-HP,0.5,28.4,42.0,1482181722,29679990,16,1,0,,0
2025-08-21T14:44:09,nanema-HP,0.6,28.4,42.0,1482182322,29680784,16,1,0,,0
2025-08-21T14:44:15,nanema-HP,0.6,28.4,42.0,1482183322,29681700,16,1,0,,0
2025-08-21T14:44:21,nanema-HP,0.5,28.5,42.0,1482183922,29682300,16,1,0,,0
2025-08-21T14:44:28,nanema-HP,0.7,28.6,42.0,1482184647,29683111,16,1,0,,0
2025-08-21T14:44:34,nanema-HP,0.5,28.6,42.0,1482185529,29683903,16,1,0,,0
2025-08-21T14:44:40,nanema-HP,0.5,28.6,41.0,1482186433,29684805,16,1,0,,0
2025-08-21T14:44:46,nanema-HP,0.6,27.9,41.0,1482187158,29685616,16,1,0,,0
2025-08-21T14:44:52,nanema-HP,0.6,27.9,41.0,1482188126,29686330,16,1,0,,0
2025-08-21T14:44:58,nanema-HP,0.6,27.9,41.0,1482189344,29687191,16,1,0,,0
2025-08-21T14:45:04,nanema-HP,0.6,27.2,41.0,1482190190,29688035,16,1,0,,0
2025-08-21T14:45:11,nanema-HP,0.3,27.3,41.0,1482190832,29688677,16,1,0,,0
2025-08-21T14:45:17,nanema-HP,0.9,27.1,41.0,1482191628,29689391,16,1,0,,0
2025-08-21T14:45:23,nanema-HP,0.6,27.1,41.0,1482192453,29690302,16,1,0,,0
2025-08-21T14:45:29,nanema-HP,1.2,26.8,41.0,1482193343,29691182,16,1,0,,0
2025-08-21T14:45:35,nanema-HP,2.7,27.1,41.0,1482194181,29691938,16,1,0,,0
2025-08-21T14:45:41,nanema-HP,2.2,26.9,41.0,1482195201,29692859,16,1,0,,0
2025-08-21T14:45:47,nanema-HP,0.5,26.9,43.0,1482195801,29693459,16,1,0,,0
2025-08-21T14:45:54,nanema-HP,0.4,27.0,43.0,1482197007,29697465,16,1,-1,Device('/sys/devices/pci0000:00/0000:00:14.0/usb3/3-2/3-2:1.0'),0
2025-08-21T14:46:00,nanema-HP,0.5,27.0,42.0,1482198044,29698267,15,1,-1,Device('/sys/devices/pci0000:00/0000:00:14.0/usb3/3-2'),0
2025-08-21T14:46:06,nanema-HP,0.7,26.9,42.0,1482198786,29699009,15,1,0,,0
2025-08-21T14:46:12,nanema-HP,0.5,26.9,42.0,1482199582,29699723,15,1,0,,0
2025-08-21T14:46:18,nanema-HP,0.5,26.9,42.0,1482200452,29706730,15,1,1,Device('/sys/devices/pci0000:00/0000:00:14.0/usb3/3-2'),0
2025-08-21T14:46:24,nanema-HP,0.8,26.9,42.0,1482201342,29707610,15,1,1,Device('/sys/devices/pci0000:00/0000:00:14.0/usb3/3-2/3-2:1.0'),0
2025-08-21T14:46:31,nanema-HP,14.4,27.8,42.0,1482201984,29708252,15,1,0,,0
2025-08-21T14:46:37,nanema-HP,9.8,27.6,44.0,1482202780,29708966,15,1,0,,0
2025-08-21T14:46:43,nanema-HP,9.0,27.8,44.0,1482203584,29709768,14,1,0,,0
2025-08-21T14:46:49,nanema-HP,2.3,27.5,59.0,1482204184,29710368,14,1,0,,0
2025-08-21T14:46:55,nanema-HP,1.3,27.1,59.0,1482222895,29728073,15,1,0,,0
2025-08-21T14:47:01,nanema-HP,2.0,27.1,59.0,1482245017,29738182,15,1,0,,0
2025-08-21T14:47:07,nanema-HP,3.8,27.2,47.0,1482289812,29757605,17,1,0,,0
2025-08-21T14:47:14,nanema-HP,2.8,27.2,47.0,1482293904,29772325,17,1,0,,0
2025-08-21T14:47:20,nanema-HP,8.4,27.6,47.0,1482296847,29791032,16,1,0,,0
2025-08-21T14:47:26,nanema-HP,7.7,27.8,47.0,1482310295,29809691,16,1,0,,0
2025-08-21T14:47:32,nanema-HP,3.1,27.2,47.0,1482315587,29812499,16,1,0,,0
2025-08-21T14:47:38,nanema-HP,2.5,27.1,47.0,1482325260,29848975,16,1,0,,0
2025-08-21T14:47:44,nanema-HP,1.2,27.0,47.0,1482328035,29860077,16,1,0,,0
2025-08-21T14:47:50,nanema-HP,14.0,27.7,47.0,1482329738,29865504,16,1,0,,0
2025-08-21T14:47:57,nanema-HP,4.7,26.6,46.0,1482330634,29866318,16,1,0,,0
2025-08-21T14:48:03,nanema-HP,0.8,26.5,46.0,1482333492,29873377,16,1,0,,0
2025-08-21T14:48:09,nanema-HP,2.3,26.5,46.0,1482334178,29874055,16,1,0,,0
2025-08-21T14:48:15,nanema-HP,2.6,26.8,46.0,1482334974,29874769,16,1,0,,0
2025-08-21T14:48:21,nanema-HP,0.6,26.8,46.0,1482335574,29875369,16,1,0,,0
2025-08-21T14:48:27,nanema-HP,2.5,26.9,45.0,1482336378,29876171,16,1,0,,0
2025-08-21T14:48:34,nanema-HP,10.3,27.5,45.0,1482337216,29876927,16,1,0,,0
2025-08-21T14:48:40,nanema-HP,9.6,27.4,45.0,1482337916,29877627,16,1,0,,0
2025-08-21T14:48:46,nanema-HP,7.9,26.9,56.0,1482338720,29878429,16,1,0,,0
2025-08-21T14:48:52,nanema-HP,1.8,26.9,56.0,1482339516,29879143,16,1,0,,0
2025-08-21T14:48:58,nanema-HP,1.5,26.9,48.0,1482340732,29879954,16,1,0,,0
2025-08-21T14:49:04,nanema-HP,2.2,26.9,48.0,1482341768,29881068,16,1,0,,0
2025-08-21T14:49:10,nanema-HP,1.3,26.9,48.0,1482342572,29881870,16,1,0,,0
2025-08-21T14:49:17,nanema-HP,6.3,26.5,47.0,1482343368,29882584,16,1,0,,0
2025-08-21T14:49:23,nanema-HP,1.3,26.5,47.0,1482344068,29883420,16,1,0,,0
2025-08-21T14:49:29,nanema-HP,1.8,26.6,47.0,1482344872,29884086,16,1,0,,0
2025-08-21T14:49:35,nanema-HP,1.4,26.9,47.0,1482345668,29884800,16,1,0,,0
2025-08-21T14:49:41,nanema-HP,2.8,26.9,47.0,1482346268,29885400,16,1,0,,0
2025-08-21T14:49:47,nanema-HP,1.2,27.0,46.0,1482347072,29886202,16,1,0,,0
2025-08-21T14:49:53,nanema-HP,9.0,27.0,46.0,1482347910,29886958,16,1,0,,0
2025-08-21T14:50:00,nanema-HP,28.0,29.8,46.0,1482349470,29888689,15,1,0,,0
2025-08-21T14:50:06,nanema-HP,31.6,30.1,52.0,1482350070,29889289,15,1,0,,0
2025-08-21T14:50:12,nanema-HP,9.6,28.6,52.0,1482350966,29890103,15,1,0,,0
2025-08-21T14:50:18,nanema-HP,10.6,29.0,70.0,1482352832,29890905,15,1,0,,0
2025-08-21T14:50:24,nanema-HP,2.5,27.8,70.0,1482360375,29906053,16,1,0,,0
2025-08-21T14:50:30,nanema-HP,1.5,27.6,70.0,1482361305,29906695,16,1,0,,0
2025-08-21T14:50:36,nanema-HP,3.1,27.5,54.0,1482362337,29907409,16,1,0,,0
2025-08-21T14:50:43,nanema-HP,3.2,27.4,54.0,1482363313,29908211,16,1,0,,0
2025-08-21T14:50:49,nanema-HP,2.6,27.0,54.0,1482363955,29908853,16,1,0,,0
2025-08-21T14:50:55,nanema-HP,3.3,27.2,52.0,1482370361,29922152,17,1,0,,0
2025-08-21T14:51:01,nanema-HP,6.8,27.1,52.0,1482371398,29922954,16,1,0,,0
2025-08-21T14:51:07,nanema-HP,2.4,27.4,51.0,1482372853,29929014,16,1,0,,0
2025-08-21T14:51:13,nanema-HP,4.6,27.4,51.0,1482373649,29929728,16,1,0,,0
2025-08-21T14:51:20,nanema-HP,8.1,27.1,51.0,1482374249,29930328,16,1,0,,0
2025-08-21T14:51:26,nanema-HP,9.1,27.4,50.0,1482375053,29931130,15,1,0,,0
2025-08-21T14:51:32,nanema-HP,8.3,27.8,50.0,1482405365,29977390,15,1,0,,0
2025-08-21T14:51:38,nanema-HP,4.5,28.0,50.0,1482417023,30008242,15,1,0,,0
2025-08-21T14:51:44,nanema-HP,7.4,28.0,50.0,1482420059,30021712,15,1,0,,0
2025-08-21T14:51:50,nanema-HP,4.5,27.1,50.0,1482420659,30022312,15,1,0,,0
2025-08-21T14:51:56,nanema-HP,4.2,27.0,49.0,1482421455,30023026,14,1,0,,0
2025-08-21T14:52:03,nanema-HP,1.7,27.0,49.0,1482445124,30029704,14,1,0,,0
2025-08-21T14:52:09,nanema-HP,1.6,27.1,49.0,1482447340,30031293,14,1,0,,0
2025-08-21T14:52:15,nanema-HP,10.8,28.1,48.0,1482470255,30068212,14,1,0,,0
2025-08-21T14:52:21,nanema-HP,8.9,27.4,48.0,1482479467,30084772,14,1,0,,0
2025-08-21T14:52:27,nanema-HP,5.4,28.3,49.0,1482490396,30126740,14,1,0,,0
2025-08-21T14:52:33,nanema-HP,7.6,27.4,49.0,1482491192,30127454,14,1,0,,0
2025-08-21T14:52:39,nanema-HP,1.8,27.4,49.0,1482493079,30133557,14,1,0,,0
2025-08-21T14:52:46,nanema-HP,6.2,27.4,49.0,1482494641,30138791,14,1,0,,0
2025-08-21T14:52:52,nanema-HP,2.2,27.3,49.0,1482495779,30139899,14,1,0,,0
2025-08-21T14:52:58,nanema-HP,4.4,27.2,49.0,1482496379,30140499,14,1,0,,0
2025-08-21T14:53:04,nanema-HP,1.6,27.4,48.0,1482497212,30141099,14,1,0,,0
2025-08-21T14:53:10,nanema-HP,5.0,27.8,48.0,1482498616,30147993,14,1,0,,0
2025-08-21T14:53:16,nanema-HP,9.4,28.3,48.0,1482500092,30148965,14,1,0,,0
2025-08-21T14:53:23,nanema-HP,4.4,28.5,48.0,1486493097,30301473,18,1,0,,0
2025-08-21T14:53:29,nanema-HP,1.5,28.8,48.0,1495874397,30491403,18,1,0,,0
2025-08-21T14:53:35,nanema-HP,1.3,28.3,49.0,1495875193,30492117,18,1,0,,0
2025-08-21T14:53:41,nanema-HP,1.1,28.3,49.0,1495875997,30492919,18,1,0,,0
2025-08-21T14:53:47,nanema-HP,1.4,28.2,49.0,1495876597,30493519,18,1,0,,0
2025-08-21T14:53:53,nanema-HP,6.1,29.5,48.0,1506866526,30991815,23,1,0,,0
2025-08-21T14:53:59,nanema-HP,3.3,28.8,48.0,1519588174,31312629,23,1,0,,0
2025-08-21T14:54:06,nanema-HP,2.8,28.7,48.0,1535052614,31532369,23,1,0,,0
2025-08-21T14:54:12,nanema-HP,4.4,28.9,48.0,1549922980,31728764,23,1,0,,0
2025-08-21T14:54:18,nanema-HP,1.1,28.5,48.0,1549924354,31730912,23,1,0,,0
2025-08-21T14:54:24,nanema-HP,1.7,28.1,55.0,1549925244,31731792,23,1,0,,0
2025-08-21T14:54:30,nanema-HP,1.3,27.7,55.0,1549925844,31732392,23,1,0,,0
2025-08-21T14:54:36,nanema-HP,1.4,27.6,55.0,1549930053,31733384,23,1,0,,0
2025-08-21T14:54:42,nanema-HP,1.3,27.5,49.0,1549930653,31733984,23,1,0,,0
2025-08-21T14:54:48,nanema-HP,1.5,27.5,49.0,1549931557,31734886,23,1,0,,0
2025-08-21T14:54:54,nanema-HP,1.5,27.5,48.0,1549932353,31735600,23,1,0,,0
2025-08-21T14:55:01,nanema-HP,1.3,27.5,48.0,1549933086,31736100,23,1,0,,0
2025-08-21T14:55:07,nanema-HP,1.2,27.5,48.0,1549933686,31736700,23,1,0,,0
2025-08-21T14:55:13,nanema-HP,0.9,27.5,48.0,1549934607,31737761,23,1,0,,0
2025-08-21T14:55:19,nanema-HP,1.3,27.5,48.0,1549935553,31738569,14,1,0,,0
2025-08-21T14:55:25,nanema-HP,1.3,27.4,48.0,1549936153,31739169,14,1,0,,0
2025-08-21T14:55:31,nanema-HP,1.3,27.5,47.0,1549936957,31739971,14,1,0,,0
2025-08-21T14:55:37,nanema-HP,1.2,27.5,47.0,1549937753,31740685,14,1,0,,0
2025-08-21T14:55:43,nanema-HP,1.2,27.5,47.0,1549938353,31741285,14,1,0,,0
2025-08-21T14:55:49,nanema-HP,4.9,27.5,47.0,1549938953,31741885,14,1,0,,0
2025-08-21T14:55:56,nanema-HP,1.9,27.5,47.0,1549939953,31742801,14,1,0,,0
2025-08-21T14:56:02,nanema-HP,4.1,27.5,47.0,1549940786,31743401,14,1,0,,0
2025-08-21T14:56:08,nanema-HP,3.1,27.5,47.0,1549941962,31744604,14,1,0,,0
2025-08-21T14:56:14,nanema-HP,1.3,27.6,47.0,1549942962,31745520,14,1,0,,0
2025-08-21T14:56:20,nanema-HP,1.3,27.5,47.0,1549943662,31746220,14,1,0,,0
2025-08-21T14:56:26,nanema-HP,1.7,27.5,47.0,1549944262,31746820,14,1,0,,0
2025-08-21T14:56:32,nanema-HP,1.4,27.5,48.0,1549945262,31747736,14,1,0,,0
2025-08-21T14:56:38,nanema-HP,1.7,27.5,48.0,1549945862,31748336,14,1,0,,0
2025-08-21T14:56:44,nanema-HP,2.6,27.4,48.0,1549946462,31748936,14,1,0,,0
2025-08-21T14:56:51,nanema-HP,1.2,27.5,47.0,1549947062,31749536,14,1,0,,0
2025-08-21T14:56:57,nanema-HP,1.3,27.5,47.0,1549947858,31750250,14,1,0,,0
2025-08-21T14:57:03,nanema-HP,2.2,27.5,47.0,1549976417,31761453,15,1,0,,0
2025-08-21T14:57:09,nanema-HP,3.9,28.0,47.0,1549981719,31766207,15,1,0,,0
2025-08-21T14:57:15,nanema-HP,1.7,27.7,47.0,1549995093,31797041,17,1,0,,0
2025-08-21T14:57:21,nanema-HP,1.3,27.7,49.0,1549995693,31797641,17,1,0,,0
2025-08-21T14:57:27,nanema-HP,2.3,27.7,49.0,1549996669,31798443,17,1,0,,0
2025-08-21T14:57:33,nanema-HP,1.4,27.6,49.0,1549997527,31799043,17,1,0,,0
2025-08-21T14:57:39,nanema-HP,5.1,28.0,47.0,1550017718,31844453,17,1,0,,0
2025-08-21T14:57:46,nanema-HP,5.6,27.7,47.0,1550018576,31845053,17,1,0,,0
2025-08-21T14:57:52,nanema-HP,5.1,27.3,47.0,1550020894,31846225,17,1,0,,0
2025-08-21T14:57:58,nanema-HP,4.9,27.4,47.0,1550021732,31846981,17,1,0,,0
2025-08-21T14:58:04,nanema-HP,5.7,27.4,47.0,1550023212,31848075,17,1,0,,0
2025-08-21T14:58:10,nanema-HP,4.6,27.3,47.0,1550027891,31866388,17,1,0,,0
2025-08-21T14:58:16,nanema-HP,1.2,27.5,47.0,1550035623,31883341,17,1,0,,0
2025-08-21T14:58:22,nanema-HP,5.2,27.6,47.0,1550037567,31884629,17,1,0,,0
2025-08-21T14:58:28,nanema-HP,7.0,28.1,48.0,1550040581,31886519,17,1,0,,0
2025-08-21T14:58:34,nanema-HP,5.1,27.7,48.0,1550043913,31888609,17,1,0,,0
2025-08-21T14:58:41,nanema-HP,7.1,27.5,48.0,1550050830,31900624,17,1,0,,0
2025-08-21T14:58:47,nanema-HP,6.5,27.7,49.0,1550055318,31903330,17,1,0,,0
2025-08-21T14:58:53,nanema-HP,7.7,27.7,49.0,1550061575,31924429,17,1,0,,0
2025-08-21T14:58:59,nanema-HP,5.7,27.8,49.0,1550069103,31949816,17,1,0,,0
2025-08-21T14:59:05,nanema-HP,4.6,27.4,51.0,1550070144,31951007,17,1,0,,0
2025-08-21T14:59:11,nanema-HP,5.1,27.3,51.0,1550070830,31951685,17,1,0,,0
2025-08-21T14:59:17,nanema-HP,4.9,27.3,50.0,1550072192,31953131,17,1,0,,0
2025-08-21T14:59:23,nanema-HP,1.3,27.2,50.0,1550073890,31958172,17,1,0,,0
2025-08-21T14:59:29,nanema-HP,1.6,27.2,50.0,1550074490,31958772,17,1,0,,0
2025-08-21T14:59:36,nanema-HP,1.2,27.6,48.0,1550075490,31959688,17,1,0,,0
2025-08-21T14:59:42,nanema-HP,1.3,27.5,48.0,1550076090,31960288,17,1,0,,0
2025-08-21T14:59:48,nanema-HP,1.2,27.5,48.0,1550076690,31960888,17,1,0,,0
2025-08-21T14:59:54,nanema-HP,1.8,27.5,48.0,1550077822,31962065,17,1,0,,0
2025-08-21T15:00:00,nanema-HP,1.3,27.5,48.0,1550078697,31962707,17,1,0,,0
2025-08-21T15:00:06,nanema-HP,1.4,27.5,47.0,1550079665,31963738,17,1,0,,0
2025-08-21T15:00:12,nanema-HP,1.2,27.5,47.0,1550080555,31964618,17,1,0,,0
2025-08-21T15:00:18,nanema-HP,1.2,27.5,47.0,1550081451,31965432,16,1,0,,0
2025-08-21T15:00:25,nanema-HP,1.4,27.6,47.0,1550082176,31966243,16,1,0,,0
2025-08-21T15:00:31,nanema-HP,1.1,27.5,47.0,1550082980,31967045,16,1,0,,0
2025-08-21T15:00:37,nanema-HP,1.3,27.5,47.0,1550089395,31968122,16,1,0,,0
2025-08-21T15:00:43,nanema-HP,1.0,27.5,48.0,1550090191,31969203,16,1,0,,0
2025-08-21T15:00:49,nanema-HP,5.1,27.2,48.0,1550090791,31969803,16,1,0,,0
2025-08-21T15:00:55,nanema-HP,1.3,27.2,47.0,1550091587,31970517,16,1,0,,0
2025-08-21T15:01:01,nanema-HP,1.5,27.2,47.0,1550092624,31971319,15,1,0,,0
2025-08-21T15:01:08,nanema-HP,1.4,27.5,47.0,1550094559,31973034,15,1,0,,0
2025-08-21T15:01:14,nanema-HP,1.3,27.5,47.0,1550095387,31973854,14,1,0,,0
2025-08-21T15:01:20,nanema-HP,1.1,27.4,47.0,1550096512,31974981,14,1,0,,0
2025-08-21T15:01:26,nanema-HP,1.3,27.5,47.0,1550097012,31975481,14,1,0,,0
2025-08-21T15:01:32,nanema-HP,1.3,27.5,47.0,1550097612,31976081,14,1,0,,0
2025-08-21T15:01:38,nanema-HP,1.6,27.4,47.0,1550098518,31976905,14,1,0,,0
2025-08-21T15:01:44,nanema-HP,1.5,27.4,47.0,1550099508,31977885,14,1,0,,0
2025-08-21T15:01:51,nanema-HP,1.3,27.4,47.0,1550100108,31978485,14,1,0,,0
2025-08-21T15:01:57,nanema-HP,1.2,27.3,47.0,1550100904,31979199,14,1,0,,0
2025-08-21T15:02:03,nanema-HP,1.3,27.3,47.0,1550122210,31980692,14,1,0,,0
2025-08-21T15:02:09,nanema-HP,1.1,27.3,47.0,1550124174,31982409,14,1,0,,0
2025-08-21T15:02:15,nanema-HP,1.4,27.3,47.0,1550125240,31983765,14,1,0,,0
2025-08-21T15:02:21,nanema-HP,1.5,27.3,47.0,1550125926,31984443,14,1,0,,0
2025-08-21T15:02:27,nanema-HP,1.3,27.5,47.0,1550126526,31985043,14,1,0,,0
2025-08-21T15:02:33,nanema-HP,1.8,27.4,47.0,1550127330,31985845,14,1,0,,0
2025-08-21T15:02:39,nanema-HP,1.3,27.4,48.0,1550128330,31986761,14,1,0,,0
2025-08-21T15:02:46,nanema-HP,1.3,27.4,48.0,1550129140,31987571,14,1,0,,0
2025-08-21T15:02:52,nanema-HP,1.1,27.4,47.0,1550129740,31988171,14,1,0,,0
2025-08-21T15:02:58,nanema-HP,1.3,27.4,47.0,1550130536,31988885,14,1,0,,0
2025-08-21T15:03:04,nanema-HP,1.3,27.4,47.0,1550131573,31989687,14,1,0,,0
2025-08-21T15:03:10,nanema-HP,1.3,27.4,47.0,1550132173,31990287,14,1,0,,0
2025-08-21T15:03:16,nanema-HP,1.2,27.4,47.0,1550132969,31991001,13,1,0,,0
2025-08-21T15:03:22,nanema-HP,1.1,27.4,47.0,1550133569,31991601,13,1,0,,0
2025-08-21T15:03:28,nanema-HP,1.3,27.4,47.0,1550134373,31992403,13,1,0,,0
2025-08-21T15:03:34,nanema-HP,1.3,27.4,47.0,1550135169,31993117,13,1,0,,0
2025-08-21T15:03:41,nanema-HP,1.3,27.4,47.0,1550135769,31993717,13,1,0,,0
2025-08-21T15:03:47,nanema-HP,1.3,27.4,47.0,1550136673,31994619,13,1,0,,0
2025-08-21T15:03:53,nanema-HP,1.3,27.3,47.0,1550137273,31995219,13,1,0,,0
2025-08-21T15:03:59,nanema-HP,1.9,27.3,47.0,1550138302,31995933,13,1,0,,0
2025-08-21T15:04:05,nanema-HP,1.4,27.3,47.0,1550138902,31996533,13,1,0,,0
2025-08-21T15:04:11,nanema-HP,1.2,27.3,47.0,1550139706,31997335,13,1,0,,0
2025-08-21T15:04:17,nanema-HP,1.1,27.3,48.0,1550140502,31998049,13,1,0,,0
2025-08-21T15:04:23,nanema-HP,1.3,27.4,48.0,1550141102,31998649,13,1,0,,0
2025-08-21T15:04:29,nanema-HP,1.3,27.4,48.0,1550141702,31999249,13,1,0,,0
2025-08-21T15:04:36,nanema-HP,1.2,27.4,48.0,1550142702,32000165,13,1,0,,0
2025-08-21T15:04:42,nanema-HP,1.2,27.4,48.0,1550143302,32000765,13,1,0,,0
2025-08-21T15:04:48,nanema-HP,1.1,27.4,48.0,1550144002,32001465,13,1,0,,0
2025-08-21T15:04:54,nanema-HP,1.3,27.4,48.0,1550144712,32002175,13,1,0,,0
2025-08-21T15:05:00,nanema-HP,1.3,27.4,48.0,1550146031,32003169,13,1,0,,0
2025-08-21T15:05:06,nanema-HP,1.3,27.4,48.0,1550146631,32003769,13,1,0,,0
2025-08-21T15:05:12,nanema-HP,1.2,27.4,48.0,1550147231,32004369,13,1,0,,0
2025-08-21T15:05:18,nanema-HP,1.5,27.4,48.0,1550148027,32005083,13,1,0,,0
2025-08-21T15:05:24,nanema-HP,1.3,27.4,48.0,1550148627,32005683,13,1,0,,0
2025-08-21T15:05:31,nanema-HP,1.5,27.4,48.0,1550149431,32006485,13,1,0,,0
2025-08-21T15:05:37,nanema-HP,1.3,27.4,47.0,1550150227,32007199,13,1,0,,0
2025-08-21T15:05:43,nanema-HP,1.3,27.4,47.0,1550150827,32007799,13,1,0,,0
2025-08-21T15:05:49,nanema-HP,1.3,27.4,47.0,1550151527,32008499,13,1,0,,0
2025-08-21T15:05:55,nanema-HP,2.8,27.4,47.0,1550152323,32009213,13,1,0,,0
2025-08-21T15:06:01,nanema-HP,2.3,27.3,47.0,1550153603,32010015,13,1,0,,0
2025-08-21T15:06:07,nanema-HP,1.6,27.3,47.0,1550154203,32010615,13,1,0,,0
2025-08-21T15:06:13,nanema-HP,2.4,27.2,48.0,1550154803,32011215,13,1,0,,0
2025-08-21T15:06:19,nanema-HP,1.6,27.2,48.0,1550155803,32012131,13,1,0,,0
2025-08-21T15:06:26,nanema-HP,3.3,27.4,48.0,1550156403,32012731,13,1,0,,0
2025-08-21T15:06:32,nanema-HP,1.3,27.3,48.0,1550157003,32013331,13,1,0,,0
2025-08-21T15:06:38,nanema-HP,1.2,27.3,48.0,1550157799,32014045,13,1,0,,0
2025-08-21T15:06:44,nanema-HP,6.4,27.2,47.0,1550158873,32017891,13,1,0,,0
2025-08-21T15:06:50,nanema-HP,1.3,27.4,47.0,1550159813,32018635,13,1,1,Device('/sys/devices/pci0000:00/0000:00:14.0/usb3/3-4'),0
2025-08-21T15:06:56,nanema-HP,2.3,27.3,47.0,1550163779,32022255,13,1,1,Device('/sys/devices/pci0000:00/0000:00:14.0/usb3/3-4/3-4:1.0'),0
2025-08-21T15:07:02,nanema-HP,2.4,27.3,49.0,1550187712,32023790,13,1,-1,Device('/sys/devices/pci0000:00/0000:00:14.0/usb3/3-4/3-4:1.0'),0
2025-08-21T15:07:08,nanema-HP,1.1,27.7,49.0,1550380497,32040692,16,1,1,Device('/sys/devices/pci0000:00/0000:00:14.0/usb3/3-4/3-4:4.2'),0
2025-08-21T15:07:15,nanema-HP,1.3,27.5,49.0,1550381683,32041786,16,1,1,Device('/sys/devices/pci0000:00/0000:00:14.0/usb3/3-4/3-4:4.0'),0
2025-08-21T15:07:21,nanema-HP,2.4,27.5,49.0,1550382283,32042386,16,1,1,Device('/sys/devices/pci0000:00/0000:00:14.0/usb3/3-4/3-4:4.1'),0
2025-08-21T15:07:27,nanema-HP,3.5,27.4,49.0,1550382883,32042986,16,1,0,,0
2025-08-21T15:07:33,nanema-HP,1.2,27.4,49.0,1550383687,32043788,16,1,0,,0
2025-08-21T15:07:39,nanema-HP,1.4,27.4,49.0,1550384483,32044502,16,1,0,,0
2025-08-21T15:07:45,nanema-HP,1.3,27.3,49.0,1550385083,32045102,16,1,0,,0
2025-08-21T15:07:51,nanema-HP,1.3,27.3,51.0,1550385683,32045702,16,1,0,,0
2025-08-21T15:07:57,nanema-HP,1.0,27.3,51.0,1550386479,32046416,16,1,0,,0
2025-08-21T15:08:03,nanema-HP,2.8,27.3,50.0,1550388084,32047872,16,1,0,,0
2025-08-21T15:08:10,nanema-HP,1.0,27.3,50.0,1550388770,32048550,16,1,0,,0
2025-08-21T15:08:16,nanema-HP,1.4,27.3,50.0,1550389666,32049364,16,1,0,,0
2025-08-21T15:08:22,nanema-HP,1.2,27.3,50.0,1550390266,32049964,16,1,0,,0
2025-08-21T15:08:28,nanema-HP,1.2,27.5,50.0,1550391070,32050766,16,1,0,,0
2025-08-21T15:08:34,nanema-HP,1.2,27.4,50.0,1550392150,32051366,16,1,0,,0
2025-08-21T15:08:40,nanema-HP,4.6,27.3,53.0,1550393390,32052282,16,1,0,,0
2025-08-21T15:08:46,nanema-HP,2.8,27.3,53.0,1550393990,32052882,16,1,0,,0
2025-08-21T15:08:52,nanema-HP,1.4,27.3,50.0,1550394590,32053482,16,1,0,,0
2025-08-21T15:08:58,nanema-HP,1.3,27.3,50.0,1550395386,32054196,16,1,0,,0
2025-08-21T15:09:05,nanema-HP,1.1,27.3,50.0,1550396701,32055450,16,1,0,,0
2025-08-21T15:09:11,nanema-HP,1.4,27.4,51.0,1550397701,32056440,16,1,0,,0
2025-08-21T15:09:17,nanema-HP,1.2,27.4,51.0,1550398597,32057254,16,1,0,,0
2025-08-21T15:09:23,nanema-HP,3.3,27.4,51.0,1550399599,32057854,16,1,0,,0
2025-08-21T15:09:29,nanema-HP,1.1,27.3,49.0,1550401083,32058665,16,1,0,,0
2025-08-21T15:09:35,nanema-HP,1.3,27.3,49.0,1550402371,32059581,16,1,0,,0
2025-08-21T15:09:41,nanema-HP,1.2,27.3,49.0,1550402971,32060181,16,1,0,,0
2025-08-21T15:09:47,nanema-HP,1.3,27.3,52.0,1550403775,32060983,16,1,0,,0
2025-08-21T15:09:53,nanema-HP,1.0,27.3,52.0,1550404375,32061583,16,1,0,,0
2025-08-21T15:10:00,nanema-HP,3.1,27.3,49.0,1550406233,32063364,15,1,0,,0
2025-08-21T15:10:06,nanema-HP,1.8,27.3,49.0,1550406919,32064042,15,1,0,,0
2025-08-21T15:10:12,nanema-HP,1.1,27.3,49.0,1550407519,32064642,15,1,0,,0
2025-08-21T15:10:18,nanema-HP,0.9,27.3,50.0,1550408619,32065658,15,1,0,,0
2025-08-21T15:10:24,nanema-HP,1.2,27.3,50.0,1550409219,32066258,15,1,0,,0
2025-08-21T15:10:30,nanema-HP,1.3,27.4,50.0,1550410023,32067060,15,1,0,,0
2025-08-21T15:10:36,nanema-HP,1.1,27.4,50.0,1550410819,32067774,15,1,0,,0
2025-08-21T15:10:42,nanema-HP,3.3,27.3,50.0,1550411419,32068374,15,1,0,,0
2025-08-21T15:10:48,nanema-HP,1.2,27.3,52.0,1550412019,32068974,15,1,0,,0
2025-08-21T15:10:55,nanema-HP,1.0,27.3,52.0,1550413019,32069890,15,1,0,,0
2025-08-21T15:11:01,nanema-HP,1.6,27.3,52.0,1550413852,32070490,13,1,0,,0
2025-08-21T15:11:07,nanema-HP,1.3,27.3,49.0,1550414452,32071090,13,1,0,,0
2025-08-21T15:11:13,nanema-HP,1.2,27.3,49.0,1550415152,32071790,13,1,0,,0
2025-08-21T15:11:19,nanema-HP,3.0,27.3,49.0,1550415948,32072504,13,1,0,,0
2025-08-21T15:11:25,nanema-HP,1.2,27.3,50.0,1550416752,32073306,13,1,0,,0
2025-08-21T15:11:31,nanema-HP,1.3,27.3,50.0,1550417352,32073906,13,1,0,,0
2025-08-21T15:11:37,nanema-HP,1.1,27.3,52.0,1550418148,32074620,13,1,0,,0
2025-08-21T15:11:44,nanema-HP,1.4,27.3,52.0,1550418748,32075220,13,1,0,,0
2025-08-21T15:11:50,nanema-HP,2.6,27.3,52.0,1550419552,32076022,13,1,0,,0
2025-08-21T15:11:56,nanema-HP,5.9,27.4,50.0,1550420348,32076736,13,1,0,,0
2025-08-21T15:12:02,nanema-HP,4.3,27.1,50.0,1550441084,32078229,13,1,0,,0
2025-08-21T15:12:08,nanema-HP,1.1,27.1,50.0,1550451168,32089457,14,1,0,,0
2025-08-21T15:12:14,nanema-HP,1.5,27.1,53.0,1550451854,32090135,14,1,0,,0
2025-08-21T15:12:20,nanema-HP,1.3,27.4,53.0,1550452650,32090849,14,1,0,,0
2025-08-21T15:12:26,nanema-HP,1.7,27.5,52.0,1550453250,32091449,14,1,0,,0
2025-08-21T15:12:32,nanema-HP,1.3,27.4,52.0,1550454054,32092251,14,1,0,,0
2025-08-21T15:12:39,nanema-HP,3.3,27.4,52.0,1550454950,32093065,14,1,0,,0
2025-08-21T15:12:45,nanema-HP,1.8,27.4,52.0,1550455754,32096955,14,1,-1,Device('/sys/devices/pci0000:00/0000:00:14.0/usb3/3-4/3-4:4.1'),0
2025-08-21T15:12:51,nanema-HP,0.9,27.5,52.0,1550456694,32100643,14,1,-1,Device('/sys/devices/pci0000:00/0000:00:14.0/usb3/3-4/3-4:4.0'),0
2025-08-21T15:12:57,nanema-HP,1.2,27.7,52.0,1550457660,32107533,14,1,-1,Device('/sys/devices/pci0000:00/0000:00:14.0/usb3/3-4/3-4:4.2'),0
2025-08-21T15:13:03,nanema-HP,1.3,27.8,54.0,1550458867,32111423,14,1,-1,Device('/sys/devices/pci0000:00/0000:00:14.0/usb3/3-4'),0
2025-08-21T15:13:09,nanema-HP,1.3,27.9,54.0,1550470633,32121149,15,1,1,Device('/sys/devices/pci0000:00/0000:00:14.0/usb3/3-4'),0
2025-08-21T15:13:15,nanema-HP,0.9,27.8,54.0,1550471557,32121983,15,1,1,Device('/sys/devices/pci0000:00/0000:00:14.0/usb3/3-4/3-4:1.0'),0
2025-08-21T15:13:21,nanema-HP,1.6,27.8,51.0,1550472157,32122583,15,1,-1,Device('/sys/devices/pci0000:00/0000:00:14.0/usb3/3-4/3-4:1.0'),0
2025-08-21T15:13:28,nanema-HP,1.8,27.5,51.0,1550478997,32134943,16,1,1,Device('/sys/devices/pci0000:00/0000:00:14.0/usb3/3-4/3-4:4.1'),0
2025-08-21T15:13:34,nanema-HP,1.2,27.5,49.0,1550479739,32135685,16,1,1,Device('/sys/devices/pci0000:00/0000:00:14.0/usb3/3-4/3-4:4.0'),0
2025-08-21T15:13:40,nanema-HP,1.1,27.4,49.0,1550480535,32136399,16,1,1,Device('/sys/devices/pci0000:00/0000:00:14.0/usb3/3-4/3-4:4.2'),0
2025-08-21T15:13:46,nanema-HP,1.2,27.4,49.0,1550482197,32136999,16,1,-1,Device('/sys/devices/pci0000:00/0000:00:14.0/usb3/3-4/3-4:4.1'),0
2025-08-21T15:13:52,nanema-HP,1.5,27.4,48.0,1550483289,32137801,16,1,-1,Device('/sys/devices/pci0000:00/0000:00:14.0/usb3/3-4/3-4:4.0'),0
2025-08-21T15:13:58,nanema-HP,1.0,27.4,48.0,1550484085,32138515,16,1,-1,Device('/sys/devices/pci0000:00/0000:00:14.0/usb3/3-4/3-4:4.2'),0
2025-08-21T15:14:04,nanema-HP,2.0,27.3,48.0,1550485023,32139286,16,1,-1,Device('/sys/devices/pci0000:00/0000:00:14.0/usb3/3-4'),0
2025-08-21T15:14:10,nanema-HP,1.2,27.3,48.0,1550485827,32140088,15,1,1,Device('/sys/devices/pci0000:00/0000:00:14.0/usb3/3-4'),0
2025-08-21T15:14:16,nanema-HP,1.3,27.3,48.0,1550486623,32140802,15,1,1,Device('/sys/devices/pci0000:00/0000:00:14.0/usb3/3-4/3-4:1.0'),0
2025-08-21T15:14:23,nanema-HP,1.1,27.3,48.0,1550487223,32141402,15,1,-1,Device('/sys/devices/pci0000:00/0000:00:14.0/usb3/3-4/3-4:1.0'),0
2025-08-21T15:14:29,nanema-HP,1.2,27.4,48.0,1550487948,32142213,15,1,1,Device('/sys/devices/pci0000:00/0000:00:14.0/usb3/3-4/3-4:4.0'),0
2025-08-21T15:14:35,nanema-HP,1.2,27.4,48.0,1550489134,32143307,15,1,1,Device('/sys/devices/pci0000:00/0000:00:14.0/usb3/3-4/3-4:4.1'),0
2025-08-21T15:14:41,nanema-HP,1.3,27.4,47.0,1550489734,32143907,15,1,1,Device('/sys/devices/pci0000:00/0000:00:14.0/usb3/3-4/3-4:4.2'),0
2025-08-21T15:14:47,nanema-HP,1.4,27.4,47.0,1550490538,32144709,15,1,-1,Device('/sys/devices/pci0000:00/0000:00:14.0/usb3/3-4/3-4:4.1'),0
2025-08-21T15:14:53,nanema-HP,1.3,27.4,47.0,1550491138,32145309,15,1,-1,Device('/sys/devices/pci0000:00/0000:00:14.0/usb3/3-4/3-4:4.0'),0
2025-08-21T15:14:59,nanema-HP,1.3,27.4,47.0,1550492167,32146023,15,1,-1,Device('/sys/devices/pci0000:00/0000:00:14.0/usb3/3-4/3-4:4.2'),0
2025-08-21T15:15:05,nanema-HP,1.2,27.3,47.0,1550493004,32147031,14,1,-1,Device('/sys/devices/pci0000:00/0000:00:14.0/usb3/3-4'),0
2025-08-21T15:15:11,nanema-HP,1.1,27.3,48.0,1550493850,32147875,14,1,0,,0
2025-08-21T15:15:18,nanema-HP,1.2,27.3,48.0,1550494646,32148589,14,1,0,,0
2025-08-21T15:15:24,nanema-HP,1.2,27.3,48.0,1550495246,32149189,14,1,0,,0
2025-08-21T15:15:30,nanema-HP,1.3,27.3,47.0,1550496057,32150078,14,1,0,,0
2025-08-21T15:15:36,nanema-HP,1.1,27.3,47.0,1550497057,32150994,14,1,0,,0
2025-08-21T15:15:42,nanema-HP,1.4,27.3,47.0,1550497657,32151594,14,1,0,,0
2025-08-21T15:15:48,nanema-HP,1.4,27.3,47.0,1550498257,32152194,14,1,0,,0
2025-08-21T15:15:54,nanema-HP,1.1,27.3,47.0,1550499053,32152908,14,1,0,,0
2025-08-21T15:16:00,nanema-HP,1.4,27.3,47.0,1550499886,32153508,14,1,0,,0
2025-08-21T15:16:06,nanema-HP,1.1,27.3,47.0,1550500790,32154410,14,1,0,,0
2025-08-21T15:16:13,nanema-HP,1.0,27.3,47.0,1550501390,32155010,14,1,0,,0
2025-08-21T15:16:19,nanema-HP,1.3,27.3,47.0,1550502758,32156357,14,1,0,,0
2025-08-21T15:16:25,nanema-HP,1.2,27.5,47.0,1550503784,32160123,14,1,1,Device('/sys/devices/pci0000:00/0000:00:14.0/usb3/3-4'),0
2025-08-21T15:16:31,nanema-HP,1.2,27.5,47.0,1550504554,32160723,14,1,1,Device('/sys/devices/pci0000:00/0000:00:14.0/usb3/3-4/3-4:1.0'),0
2025-08-21T15:16:37,nanema-HP,3.4,27.5,49.0,1550508562,32164499,14,1,-1,Device('/sys/devices/pci0000:00/0000:00:14.0/usb3/3-4/3-4:1.0'),0
2025-08-21T15:16:43,nanema-HP,1.3,27.4,49.0,1550511973,32166065,14,1,1,Device('/sys/devices/pci0000:00/0000:00:14.0/usb3/3-4/3-4:4.2'),0
2025-08-21T15:16:49,nanema-HP,1.3,27.4,49.0,1550512573,32166665,14,1,1,Device('/sys/devices/pci0000:00/0000:00:14.0/usb3/3-4/3-4:4.1'),0
2025-08-21T15:16:55,nanema-HP,1.2,27.4,50.0,1550513369,32167379,14,1,1,Device('/sys/devices/pci0000:00/0000:00:14.0/usb3/3-4/3-4:4.0'),0
2025-08-21T15:17:02,nanema-HP,1.8,27.4,50.0,1550533625,32169892,14,1,0,,0
2025-08-21T15:17:08,nanema-HP,1.4,27.4,52.0,1550535745,32171407,14,1,0,,0
2025-08-21T15:17:14,nanema-HP,3.0,27.4,52.0,1550537493,32172085,14,1,0,,0
2025-08-21T15:17:20,nanema-HP,1.8,27.3,52.0,1550538523,32172799,13,1,0,,0
2025-08-21T15:17:26,nanema-HP,1.3,27.3,52.0,1550539177,32173399,13,1,0,,0
2025-08-21T15:17:32,nanema-HP,1.4,27.3,52.0,1550539981,32174201,13,1,0,,0
2025-08-21T15:17:38,nanema-HP,1.0,27.3,52.0,1550540777,32174915,13,1,0,,0
2025-08-21T15:17:44,nanema-HP,1.3,27.3,52.0,1550542549,32175625,13,1,0,,0
2025-08-21T15:17:50,nanema-HP,1.1,27.3,52.0,1550543149,32176225,13,1,0,,0
2025-08-21T15:17:57,nanema-HP,4.2,27.3,52.0,1550544437,32177141,13,1,0,,0
2025-08-21T15:18:03,nanema-HP,1.2,27.3,52.0,1550545613,32177841,13,1,0,,0
2025-08-21T15:18:09,nanema-HP,1.3,27.3,52.0,1550547275,32178441,13,1,0,,0
2025-08-21T15:18:15,nanema-HP,1.3,27.3,52.0,1550548071,32179155,13,1,0,,0
2025-08-21T15:18:21,nanema-HP,1.3,27.3,52.0,1550548959,32179755,13,1,0,,0
2025-08-21T15:18:27,nanema-HP,1.5,27.5,52.0,1550549763,32180557,13,1,0,,0
2025-08-21T15:18:33,nanema-HP,0.9,27.4,54.0,1550553014,32181382,13,1,0,,0
2025-08-21T15:18:39,nanema-HP,3.1,27.4,54.0,1550553888,32182182,13,1,0,,0
2025-08-21T15:18:45,nanema-HP,1.2,27.3,51.0,1550554778,32183062,13,1,0,,0
2025-08-21T15:18:52,nanema-HP,1.1,27.4,51.0,1550555378,32183662,13,1,0,,0
2025-08-21T15:18:58,nanema-HP,1.2,27.4,51.0,1550556174,32184376,13,1,0,,0
2025-08-21T15:19:04,nanema-HP,1.3,27.4,55.0,1550557107,32185076,13,1,0,,0
2025-08-21T15:19:10,nanema-HP,1.2,27.3,55.0,1550557911,32185878,13,1,0,,0
2025-08-21T15:19:16,nanema-HP,3.8,27.4,55.0,1550558817,32186804,13,1,0,,0
2025-08-21T15:19:22,nanema-HP,3.2,27.4,53.0,1550559495,32187490,13,1,0,,0
2025-08-21T15:19:28,nanema-HP,1.3,27.4,53.0,1550560095,32188090,13,1,0,,0
2025-08-21T15:19:34,nanema-HP,1.2,27.4,54.0,1550560891,32188890,13,1,0,,0
2025-08-21T15:19:40,nanema-HP,1.3,27.4,54.0,1550561695,32189692,13,1,0,,0
2025-08-21T15:19:47,nanema-HP,1.3,27.4,54.0,1550562337,32190334,13,1,0,,0
2025-08-21T15:19:53,nanema-HP,1.3,27.4,56.0,1550562937,32190934,13,1,0,,0
2025-08-21T15:19:59,nanema-HP,1.5,27.4,56.0,1550563966,32191784,13,1,0,,0
2025-08-21T15:20:05,nanema-HP,3.2,27.4,56.0,1550565034,32192714,13,1,0,,0
2025-08-21T15:20:11,nanema-HP,1.0,27.4,52.0,1550565634,32193314,13,1,0,,0
2025-08-21T15:20:17,nanema-HP,1.0,27.4,52.0,1550566430,32194028,13,1,0,,0
2025-08-21T15:20:23,nanema-HP,1.2,27.4,53.0,1550567030,32194628,13,1,0,,0
2025-08-21T15:20:29,nanema-HP,1.4,27.4,53.0,1550568038,32195632,13,1,0,,0
2025-08-21T15:20:35,nanema-HP,1.3,27.4,53.0,1550568834,32196346,13,1,0,,0
2025-08-21T15:20:42,nanema-HP,2.7,27.4,51.0,1550569512,32197032,13,1,0,,0
2025-08-21T15:20:48,nanema-HP,1.3,27.4,51.0,1550570112,32197632,13,1,0,,0
2025-08-21T15:20:54,nanema-HP,1.2,27.4,51.0,1550570916,32198434,13,1,0,,0
2025-08-21T15:21:00,nanema-HP,1.2,27.4,53.0,1550571945,32199148,13,1,0,,0
2025-08-21T15:21:06,nanema-HP,2.2,27.4,53.0,1550572645,32199848,13,1,0,,0
2025-08-21T15:21:12,nanema-HP,1.4,27.4,53.0,1550573245,32200448,13,1,0,,0
2025-08-21T15:21:18,nanema-HP,1.3,27.4,52.0,1550574245,32201364,13,1,0,,0
2025-08-21T15:21:24,nanema-HP,3.0,27.4,52.0,1550574923,32202050,13,1,0,,0
2025-08-21T15:21:30,nanema-HP,3.2,27.4,54.0,1550575759,32202728,13,1,0,,0
2025-08-21T15:21:37,nanema-HP,6.8,27.3,54.0,1550576555,32203442,13,1,0,,0
2025-08-21T15:21:43,nanema-HP,1.2,27.3,54.0,1550577359,32204244,13,1,0,,0
2025-08-21T15:21:49,nanema-HP,1.1,27.3,55.0,1550577959,32204844,13,1,0,,0
2025-08-21T15:21:55,nanema-HP,1.2,27.3,55.0,1550578755,32205694,13,1,0,,0
2025-08-21T15:22:01,nanema-HP,4.1,27.4,55.0,1550602277,32207439,13,1,0,,0
2025-08-21T15:22:07,nanema-HP,3.2,27.4,55.0,1550604175,32208888,14,1,0,,0
2025-08-21T15:22:13,nanema-HP,1.0,27.4,55.0,1550604947,32209652,13,1,0,,0
2025-08-21T15:22:19,nanema-HP,1.1,27.4,51.0,1550605947,32210568,13,1,0,,0
2025-08-21T15:22:25,nanema-HP,1.3,27.4,51.0,1550606547,32211168,13,1,0,,0
2025-08-21T15:22:32,nanema-HP,1.2,27.5,51.0,1550607147,32211768,13,1,0,,0
2025-08-21T15:22:38,nanema-HP,2.5,27.5,53.0,1550607943,32212482,13,1,0,,0
2025-08-21T15:22:44,nanema-HP,3.4,27.6,53.0,1550608825,32213370,13,1,0,,0
2025-08-21T15:22:50,nanema-HP,1.3,27.6,53.0,1550609511,32214048,13,1,0,,0
2025-08-21T15:22:56,nanema-HP,1.1,27.7,52.0,1550610307,32214762,13,1,0,,0
2025-08-21T15:23:02,nanema-HP,1.3,27.2,52.0,1550611140,32215362,13,1,0,,0
2025-08-21T15:23:08,nanema-HP,1.1,27.2,54.0,1550612044,32216264,13,1,0,,0
2025-08-21T15:23:14,nanema-HP,1.1,27.3,54.0,1550612840,32216978,13,1,0,,0
2025-08-21T15:23:20,nanema-HP,2.7,27.3,54.0,1550613518,32217664,13,1,0,,0
2025-08-21T15:23:27,nanema-HP,1.0,27.4,51.0,1550614118,32218264,13,1,0,,0
2025-08-21T15:23:33,nanema-HP,1.1,27.4,51.0,1550614718,32218864,13,1,0,,0
2025-08-21T15:23:39,nanema-HP,1.1,27.5,51.0,1550615718,32219780,13,1,0,,0
2025-08-21T15:23:45,nanema-HP,1.1,27.5,52.0,1550616318,32220380,13,1,0,,0
2025-08-21T15:23:51,nanema-HP,1.1,27.6,52.0,1550617122,32221182,13,1,0,,0
2025-08-21T15:23:57,nanema-HP,1.2,27.6,51.0,1550617918,32221896,13,1,0,,0
2025-08-21T15:24:03,nanema-HP,2.8,27.6,51.0,1550618929,32222682,13,1,0,,0
2025-08-21T15:24:09,nanema-HP,1.1,27.7,51.0,1550619615,32223360,13,1,0,,0
2025-08-21T15:24:15,nanema-HP,1.1,27.3,53.0,1550620615,32224276,13,1,0,,0
2025-08-21T15:24:22,nanema-HP,1.3,27.3,53.0,1550621215,32224876,13,1,0,,0
2025-08-21T15:24:28,nanema-HP,1.6,27.3,53.0,1550621815,32225476,13,1,0,,0
2025-08-21T15:24:34,nanema-HP,0.8,27.4,55.0,1550622619,32226278,13,1,0,,0
2025-08-21T15:24:40,nanema-HP,2.8,27.4,55.0,1550623493,32227078,13,1,0,,0
2025-08-21T15:24:46,nanema-HP,2.3,27.5,55.0,1550625036,32227678,13,1,0,,0
2025-08-21T15:24:52,nanema-HP,1.0,27.5,53.0,1550625636,32228278,13,1,0,,0
2025-08-21T15:24:58,nanema-HP,0.8,27.5,53.0,1550626720,32228992,13,1,0,,0
2025-08-21T15:25:04,nanema-HP,0.9,27.6,51.0,1550627857,32229894,13,1,0,,0
2025-08-21T15:25:11,nanema-HP,1.0,27.6,51.0,1550628457,32230494,13,1,0,,0
2025-08-21T15:25:17,nanema-HP,1.3,27.2,51.0,1550629253,32231208,13,1,0,,0
2025-08-21T15:25:23,nanema-HP,5.2,27.4,54.0,1550630035,32231996,13,1,0,,0
2025-08-21T15:25:29,nanema-HP,1.7,27.5,54.0,1550630721,32232674,13,1,0,,0
2025-08-21T15:25:35,nanema-HP,2.4,27.4,54.0,1550631617,32233488,13,1,0,,0
2025-08-21T15:25:41,nanema-HP,1.3,27.4,53.0,1550632217,32234088,13,1,0,,0
2025-08-21T15:25:47,nanema-HP,1.3,27.4,53.0,1550632817,32234688,13,1,0,,0
2025-08-21T15:25:53,nanema-HP,1.3,27.4,51.0,1550633771,32235490,13,1,0,,0
2025-08-21T15:25:59,nanema-HP,1.3,27.4,51.0,1550634800,32236204,13,1,0,,0
2025-08-21T15:26:06,nanema-HP,4.7,27.4,51.0,1550635564,32236968,13,1,0,,0
2025-08-21T15:26:12,nanema-HP,1.3,27.4,51.0,1550636164,32237568,13,1,0,,0
2025-08-21T15:26:18,nanema-HP,1.1,27.4,51.0,1550637164,32238484,13,1,0,,0
2025-08-21T15:26:24,nanema-HP,1.2,27.4,51.0,1550637764,32239084,13,1,0,,0
2025-08-21T15:26:30,nanema-HP,1.2,27.5,52.0,1550639526,32239784,13,1,0,,0
2025-08-21T15:26:36,nanema-HP,1.4,27.4,52.0,1550640322,32240498,13,1,0,,0
2025-08-21T15:26:42,nanema-HP,1.4,27.4,54.0,1550641288,32241184,13,1,0,,0
2025-08-21T15:26:48,nanema-HP,2.8,27.4,54.0,1550642178,32242064,13,1,0,,0
2025-08-21T15:26:54,nanema-HP,1.8,27.4,54.0,1550651468,32243205,13,1,0,,0
2025-08-21T15:27:01,nanema-HP,1.2,27.4,52.0,1550670583,32243805,13,1,0,,0
2025-08-21T15:27:07,nanema-HP,1.2,27.4,52.0,1550672593,32245624,12,1,0,,0
2025-08-21T15:27:13,nanema-HP,1.6,27.4,52.0,1550689885,32266768,16,1,0,,0
2025-08-21T15:27:19,nanema-HP,1.1,27.6,53.0,1550703323,32303361,18,1,-1,Device('/sys/devices/pci0000:00/0000:00:14.0/usb3/3-4/3-4:4.1'),0
2025-08-21T15:27:25,nanema-HP,1.2,27.6,53.0,1550703923,32303961,18,1,-1,Device('/sys/devices/pci0000:00/0000:00:14.0/usb3/3-4/3-4:4.0'),0
2025-08-21T15:27:31,nanema-HP,1.1,27.6,51.0,1550707897,32307669,18,1,-1,Device('/sys/devices/pci0000:00/0000:00:14.0/usb3/3-4/3-4:4.2'),0
2025-08-21T15:27:37,nanema-HP,1.2,27.7,51.0,1550708497,32308269,18,1,-1,Device('/sys/devices/pci0000:00/0000:00:14.0/usb3/3-4'),0
2025-08-21T15:27:43,nanema-HP,3.5,27.7,51.0,1550709371,32309069,18,1,1,Device('/sys/devices/pci0000:00/0000:00:14.0/usb3/3-4'),0
2025-08-21T15:27:50,nanema-HP,1.4,27.7,53.0,1550710057,32309747,18,1,1,Device('/sys/devices/pci0000:00/0000:00:14.0/usb3/3-4/3-4:1.0'),0
2025-08-21T15:27:56,nanema-HP,1.6,27.7,53.0,1550710861,32310549,18,1,-1,Device('/sys/devices/pci0000:00/0000:00:14.0/usb3/3-4/3-4:1.0'),0
2025-08-21T15:28:02,nanema-HP,1.0,27.7,53.0,1550711757,32311363,18,1,1,Device('/sys/devices/pci0000:00/0000:00:14.0/usb3/3-4/3-4:4.2'),0
2025-08-21T15:28:08,nanema-HP,1.2,27.7,51.0,1550712917,32312523,18,1,1,Device('/sys/devices/pci0000:00/0000:00:14.0/usb3/3-4/3-4:4.0'),0
2025-08-21T15:28:14,nanema-HP,1.2,27.7,51.0,1550713603,32313201,18,1,1,Device('/sys/devices/pci0000:00/0000:00:14.0/usb3/3-4/3-4:4.1'),0
2025-08-21T15:28:20,nanema-HP,1.3,27.7,51.0,1550714939,32314539,18,1,0,,0
2025-08-21T15:28:26,nanema-HP,3.4,27.7,54.0,1550715539,32315139,18,1,0,,0
2025-08-21T15:28:32,nanema-HP,1.3,27.7,54.0,1550716139,32315739,18,1,0,,0
2025-08-21T15:28:38,nanema-HP,1.3,27.5,52.0,1550717229,32316453,18,1,0,,0
2025-08-21T15:28:45,nanema-HP,1.7,27.4,52.0,1550718285,32320409,18,1,-1,Device('/sys/devices/pci0000:00/0000:00:14.0/usb3/3-4/3-4:4.0'),0
2025-08-21T15:28:51,nanema-HP,1.3,27.4,52.0,1550720797,32322942,18,1,-1,Device('/sys/devices/pci0000:00/0000:00:14.0/usb3/3-4/3-4:4.1'),0
2025-08-21T15:28:57,nanema-HP,1.6,27.4,48.0,1550723067,32324997,18,1,-1,Device('/sys/devices/pci0000:00/0000:00:14.0/usb3/3-4/3-4:4.2'),0
2025-08-21T15:29:03,nanema-HP,1.2,27.4,48.0,1550724096,32325711,18,1,-1,Device('/sys/devices/pci0000:00/0000:00:14.0/usb3/3-4'),0
2025-08-21T15:29:09,nanema-HP,1.1,27.4,48.0,1550725038,32326871,18,1,0,,0
2025-08-21T15:29:15,nanema-HP,0.8,27.4,47.0,1550725724,32327685,18,1,0,,0
2025-08-21T15:29:21,nanema-HP,1.1,27.4,47.0,1550726974,32328887,18,1,0,,0
2025-08-21T15:29:28,nanema-HP,1.2,27.4,47.0,1550727574,32329487,18,1,0,,0
2025-08-21T15:29:34,nanema-HP,1.0,27.4,47.0,1550728378,32330289,18,1,0,,0
2025-08-21T15:29:40,nanema-HP,1.1,27.4,47.0,1550729274,32331103,18,1,0,,0
2025-08-21T15:29:46,nanema-HP,1.0,27.4,45.0,1550729874,32331703,18,1,0,,0
2025-08-21T15:29:52,nanema-HP,1.2,27.4,45.0,1550730678,32332505,18,1,0,,0
2025-08-21T15:29:58,nanema-HP,1.1,27.4,45.0,1550731738,32333741,18,1,0,,0
2025-08-21T15:30:04,nanema-HP,1.3,27.4,45.0,1550733596,32334882,18,1,0,,0
2025-08-21T15:30:11,nanema-HP,1.3,27.4,45.0,1550734834,32336234,18,1,0,,0
2025-08-21T15:30:17,nanema-HP,1.3,27.4,45.0,1550736700,32337036,18,1,0,,0
2025-08-21T15:30:23,nanema-HP,1.1,27.4,45.0,1550737496,32337750,18,1,0,,0
2025-08-21T15:30:29,nanema-HP,0.9,27.4,45.0,1550738196,32338450,18,1,0,,0
2025-08-21T15:30:35,nanema-HP,1.1,27.4,44.0,1550739054,32339050,18,1,0,,0
2025-08-21T15:30:41,nanema-HP,0.9,27.3,44.0,1550739850,32339764,18,1,0,,0
2025-08-21T15:30:47,nanema-HP,1.0,27.3,44.0,1550740654,32340566,18,1,0,,0
2025-08-21T15:30:54,nanema-HP,1.2,27.3,44.0,1550741254,32341166,18,1,0,,0
2025-08-21T15:31:00,nanema-HP,0.8,27.3,44.0,1550742614,32341953,16,1,0,,0
2025-08-21T15:31:06,nanema-HP,1.6,27.3,44.0,1550743472,32342553,15,1,0,,0
2025-08-21T15:31:12,nanema-HP,1.0,27.3,44.0,1550744634,32343455,13,1,0,,0
2025-08-21T15:31:18,nanema-HP,1.3,27.3,44.0,1550745688,32344169,13,1,0,,0
2025-08-21T15:31:24,nanema-HP,1.0,27.3,44.0,1550746576,32344769,13,1,0,,0
2025-08-21T15:31:31,nanema-HP,1.1,27.3,44.0,1550747326,32345669,13,1,0,,0
2025-08-21T15:31:37,nanema-HP,1.3,27.3,44.0,1550748130,32346471,13,1,0,,0
2025-08-21T15:31:43,nanema-HP,1.1,27.3,44.0,1550748926,32347185,13,1,0,,0
2025-08-21T15:31:49,nanema-HP,1.0,27.3,44.0,1550749526,32347785,13,1,0,,0
2025-08-21T15:31:55,nanema-HP,1.0,27.3,43.0,1550750430,32348687,13,1,0,,0
2025-08-21T15:32:01,nanema-HP,1.4,27.3,43.0,1550770891,32350144,13,1,0,,0
2025-08-21T15:32:07,nanema-HP,1.2,27.3,43.0,1550772723,32351551,13,1,0,,0
2025-08-21T15:32:14,nanema-HP,1.4,27.3,43.0,1550780240,32355264,14,1,0,,0
2025-08-21T15:32:20,nanema-HP,1.0,27.3,43.0,1550781036,32355978,14,1,0,,0
2025-08-21T15:32:26,nanema-HP,1.1,27.3,43.0,1550781840,32356780,14,1,0,,0
2025-08-21T15:32:32,nanema-HP,1.0,27.4,43.0,1550782566,32357380,14,1,0,,0
2025-08-21T15:32:38,nanema-HP,1.2,27.4,43.0,1550783634,32358194,14,1,0,,0
2025-08-21T15:32:44,nanema-HP,1.1,27.4,43.0,1550784782,32358996,14,1,0,,0
2025-08-21T15:32:50,nanema-HP,1.1,27.3,43.0,1550785640,32359596,14,1,0,,0
2025-08-21T15:32:57,nanema-HP,1.1,27.3,43.0,1550786756,32360196,14,1,0,,0
2025-08-21T15:33:03,nanema-HP,1.4,27.3,43.0,1550788331,32361112,14,1,0,,0
2025-08-21T15:33:09,nanema-HP,1.2,27.3,43.0,1550789493,32361930,14,1,0,,0
2025-08-21T15:33:15,nanema-HP,0.9,27.3,42.0,1550790813,32362810,14,1,0,,0
2025-08-21T15:33:21,nanema-HP,1.1,27.3,42.0,1550791609,32363524,14,1,0,,0
2025-08-21T15:33:27,nanema-HP,1.2,27.3,42.0,1550792609,32364224,14,1,0,,0
2025-08-21T15:33:33,nanema-HP,1.0,27.3,42.0,1550793755,32365026,14,1,0,,0
2025-08-21T15:33:40,nanema-HP,1.0,27.3,42.0,1550794895,32365740,14,1,0,,0
2025-08-21T15:33:46,nanema-HP,3.7,27.3,42.0,1550795925,32366340,14,1,0,,0
2025-08-21T15:33:52,nanema-HP,0.9,27.2,42.0,1550797041,32366940,14,1,0,,0
2025-08-21T15:33:58,nanema-HP,1.0,27.2,42.0,1550798557,32367856,14,1,0,,0
2025-08-21T15:34:04,nanema-HP,1.0,27.2,44.0,1550799820,32368456,14,1,0,,0
2025-08-21T15:34:10,nanema-HP,1.2,27.2,44.0,1550801168,32369374,14,1,0,,0
2025-08-21T15:34:17,nanema-HP,1.2,27.2,44.0,1550802370,32370052,14,1,0,,0
2025-08-21T15:34:23,nanema-HP,1.2,27.2,43.0,1550803714,32370968,14,1,0,,0
2025-08-21T15:34:29,nanema-HP,2.1,27.4,43.0,1550804572,32371568,14,1,0,,0
2025-08-21T15:34:35,nanema-HP,1.2,27.4,42.0,1550805602,32372168,14,1,0,,0
2025-08-21T15:34:41,nanema-HP,1.1,27.5,42.0,1550807356,32373288,14,1,0,,0
2025-08-21T15:34:47,nanema-HP,1.1,27.5,42.0,1550808496,32373998,14,1,0,,0
2025-08-21T15:34:53,nanema-HP,1.1,27.5,42.0,1550809540,32374698,14,1,0,,0
2025-08-21T15:35:00,nanema-HP,0.9,27.6,42.0,1550811031,32375614,14,1,0,,0
2025-08-21T15:35:06,nanema-HP,1.1,27.6,42.0,1550811631,32376214,14,1,0,,0
2025-08-21T15:35:12,nanema-HP,0.9,27.6,42.0,1550813161,32377343,13,1,0,,0
2025-08-21T15:35:18,nanema-HP,1.1,27.5,42.0,1550814129,32378329,13,1,0,,0
2025-08-21T15:35:24,nanema-HP,0.9,27.5,42.0,1550814933,32379131,13,1,0,,0
2025-08-21T15:35:30,nanema-HP,0.9,27.5,42.0,1550815533,32379731,13,1,0,,0
2025-08-21T15:35:36,nanema-HP,1.0,27.5,42.0,1550816133,32380331,13,1,0,,0
2025-08-21T15:35:43,nanema-HP,0.8,27.5,41.0,1550817491,32381347,13,1,0,,0
2025-08-21T15:35:49,nanema-HP,0.8,27.5,41.0,1550818091,32381947,13,1,0,,0
2025-08-21T15:35:55,nanema-HP,0.8,27.6,41.0,1550818691,32382547,13,1,0,,0
2025-08-21T15:36:01,nanema-HP,0.9,27.6,41.0,1550819720,32383261,13,1,0,,0
2025-08-21T15:36:07,nanema-HP,0.9,27.6,41.0,1550820524,32384063,13,1,0,,0
2025-08-21T15:36:13,nanema-HP,1.0,27.2,41.0,1550821166,32384705,13,1,0,,0
2025-08-21T15:36:19,nanema-HP,0.9,27.2,41.0,1550821962,32385419,13,1,0,,0
2025-08-21T15:36:26,nanema-HP,1.3,27.2,41.0,1550822866,32386321,13,1,0,,0
2025-08-21T15:36:32,nanema-HP,1.0,27.4,41.0,1550823466,32386921,13,1,0,,0
2025-08-21T15:36:38,nanema-HP,1.1,27.4,41.0,1550824262,32387635,13,1,0,,0
2025-08-21T15:36:44,nanema-HP,1.1,27.4,41.0,1550824862,32388235,13,1,0,,0
2025-08-21T15:36:50,nanema-HP,1.2,27.4,41.0,1550825462,32388835,13,1,0,,0
2025-08-21T15:36:56,nanema-HP,1.1,27.5,41.0,1550826266,32389637,13,1,0,,0
2025-08-21T15:37:03,nanema-HP,1.2,27.5,41.0,1550846761,32391274,14,1,0,,0
2025-08-21T15:37:09,nanema-HP,1.3,27.5,41.0,1550848757,32392955,14,1,0,,0
2025-08-21T15:37:15,nanema-HP,0.8,27.5,41.0,1550849905,32393835,14,1,0,,0
2025-08-21T15:37:21,nanema-HP,2.5,27.5,41.0,1550850701,32394549,14,1,0,,0
2025-08-21T15:37:27,nanema-HP,0.8,27.5,41.0,1550851301,32395149,14,1,0,,0
2025-08-21T15:37:33,nanema-HP,1.0,27.5,41.0,1550851901,32395749,14,1,0,,0
2025-08-21T15:37:39,nanema-HP,1.2,27.5,41.0,1550852901,32396665,14,1,0,,0
2025-08-21T15:37:46,nanema-HP,0.8,27.5,41.0,1550853543,32397307,14,1,0,,0
2025-08-21T15:37:52,nanema-HP,0.9,27.5,41.0,1550854243,32398007,14,1,0,,0
2025-08-21T15:37:58,nanema-HP,1.0,27.6,41.0,1550855297,32398721,14,1,0,,0
2025-08-21T15:38:04,nanema-HP,1.2,27.6,41.0,1550856130,32399321,14,1,0,,0
2025-08-21T15:38:10,nanema-HP,1.0,27.1,41.0,1550857060,32400123,13,1,0,,0
2025-08-21T15:38:16,nanema-HP,0.9,27.1,41.0,1550857702,32400765,13,1,0,,0
2025-08-21T15:38:22,nanema-HP,0.9,27.2,41.0,1550858582,32401479,13,1,0,,0
2025-08-21T15:38:29,nanema-HP,1.1,27.2,41.0,1550859224,32402079,13,1,0,,0
2025-08-21T15:38:35,nanema-HP,1.0,27.3,41.0,1550860028,32402881,13,1,0,,0
2025-08-21T15:38:41,nanema-HP,1.0,27.3,41.0,1550860924,32403695,13,1,0,,0
2025-08-21T15:38:47,nanema-HP,0.9,27.4,41.0,1550861524,32404295,13,1,0,,0
2025-08-21T15:38:53,nanema-HP,1.3,27.4,41.0,1550862647,32405301,13,1,0,,0
2025-08-21T15:38:59,nanema-HP,1.2,27.5,41.0,1550863676,32406015,13,1,0,,0
2025-08-21T15:39:06,nanema-HP,1.1,27.5,41.0,1550864276,32406615,13,1,0,,0
2025-08-21T15:39:12,nanema-HP,1.1,27.5,41.0,1550864876,32407215,13,1,0,,0
2025-08-21T15:39:18,nanema-HP,1.0,27.5,41.0,1550865672,32407929,13,1,0,,0
2025-08-21T15:39:24,nanema-HP,0.9,27.5,41.0,1550866576,32408831,13,1,0,,0
2025-08-21T15:39:30,nanema-HP,1.2,27.5,41.0,1550867218,32409473,13,1,0,,0
2025-08-21T15:39:36,nanema-HP,0.9,27.5,41.0,1550867818,32410073,13,1,0,,0
2025-08-21T15:39:42,nanema-HP,1.2,27.5,41.0,1550868614,32410787,13,1,0,,0
2025-08-21T15:39:49,nanema-HP,1.0,27.5,41.0,1550869214,32411387,13,1,0,,0
2025-08-21T15:39:55,nanema-HP,1.1,27.6,41.0,1550870018,32412189,13,1,0,,0
2025-08-21T15:40:01,nanema-HP,1.0,27.6,41.0,1550871047,32412903,13,1,0,,0
2025-08-21T15:40:07,nanema-HP,1.3,27.6,41.0,1550871747,32413603,13,1,0,,0
2025-08-21T15:40:13,nanema-HP,0.8,27.6,41.0,1550872347,32414203,13,1,0,,0
2025-08-21T15:40:19,nanema-HP,0.9,27.6,41.0,1550873347,32415119,13,1,0,,0
2025-08-21T15:40:25,nanema-HP,1.1,27.6,41.0,1550873989,32415761,13,1,0,,0
2025-08-21T15:40:32,nanema-HP,0.8,27.7,41.0,1550874589,32416361,13,1,0,,0
2025-08-21T15:40:38,nanema-HP,1.1,27.6,41.0,1550875393,32417163,13,1,0,,0
2025-08-21T15:40:44,nanema-HP,0.9,27.6,41.0,1550876533,32417877,13,1,0,,0
2025-08-21T15:40:50,nanema-HP,1.0,27.6,41.0,1550877577,32418577,13,1,0,,0
2025-08-21T15:40:56,nanema-HP,1.2,27.6,41.0,1550878467,32419379,13,1,0,,0
2025-08-21T15:41:02,nanema-HP,0.8,27.6,41.0,1550879754,32420093,13,1,0,,0
2025-08-21T15:41:08,nanema-HP,0.8,27.6,41.0,1550880354,32420693,13,1,0,,0
2025-08-21T15:41:15,nanema-HP,1.0,27.6,41.0,1550881158,32421495,13,1,0,,0
2025-08-21T15:41:21,nanema-HP,2.6,27.6,41.0,1550882296,32422209,13,1,0,,0
2025-08-21T15:41:27,nanema-HP,1.3,27.6,41.0,1550883064,32422809,13,1,0,,0
2025-08-21T15:41:33,nanema-HP,1.0,27.6,41.0,1550883790,32423409,13,1,0,,0
2025-08-21T15:41:39,nanema-HP,1.1,27.6,41.0,1550884812,32424223,13,1,0,,0
2025-08-21T15:41:45,nanema-HP,1.0,27.6,41.0,1550885616,32425025,13,1,0,,0
2025-08-21T15:41:52,nanema-HP,1.0,27.6,41.0,1550886216,32425625,13,1,0,,0
2025-08-21T15:41:58,nanema-HP,0.9,27.6,41.0,1550886942,32426225,13,1,0,,0
2025-08-21T15:42:04,nanema-HP,0.8,27.6,41.0,1550908643,32427956,13,1,0,,0
2025-08-21T15:42:10,nanema-HP,1.2,27.1,41.0,1550910407,32429405,13,1,0,,0
2025-08-21T15:42:16,nanema-HP,0.9,27.1,41.0,1550911219,32430083,13,1,0,,0
2025-08-21T15:42:22,nanema-HP,1.0,27.1,41.0,1550912319,32431099,13,1,0,,0
2025-08-21T15:42:28,nanema-HP,1.3,27.2,41.0,1550912919,32431699,13,1,0,,0
2025-08-21T15:42:35,nanema-HP,1.1,27.3,41.0,1550913561,32432299,13,1,0,,0
2025-08-21T15:42:41,nanema-HP,1.1,27.3,41.0,1550914645,32433215,13,1,0,,0
2025-08-21T15:42:47,nanema-HP,1.3,27.3,41.0,1550915245,32433815,13,1,0,,0
2025-08-21T15:42:53,nanema-HP,1.2,27.4,41.0,1550915845,32434415,13,1,0,,0
2025-08-21T15:42:59,nanema-HP,1.3,27.8,41.0,1550927899,32441440,14,1,0,,0
2025-08-21T15:43:05,nanema-HP,1.0,27.7,41.0,1550928727,32442260,14,1,0,,0
2025-08-21T15:43:11,nanema-HP,1.5,27.6,41.0,1550929531,32443062,14,1,0,,0
2025-08-21T15:43:18,nanema-HP,1.0,27.3,41.0,1550930131,32443662,14,1,0,,0
2025-08-21T15:43:24,nanema-HP,1.0,27.2,41.0,1550930927,32444376,14,1,0,,0
2025-08-21T15:43:30,nanema-HP,1.1,27.2,41.0,1550937354,32456018,15,1,0,,0
2025-08-21T15:43:36,nanema-HP,0.9,27.3,41.0,1550938040,32456696,15,1,0,,0
2025-08-22T00:15:27,nanema-HP,47.5,27.9,33.0,1551008599,32527299,14,1,0,,0
2025-08-22T00:15:33,nanema-HP,7.0,28.0,33.0,1551714794,32664342,24,1,0,,0
2025-08-22T00:15:39,nanema-HP,2.6,29.0,33.0,1558622473,33058794,27,1,0,,0
2025-08-22T00:15:45,nanema-HP,11.5,29.2,45.0,1565052958,33279919,29,1,0,,0
2025-08-22T00:15:51,nanema-HP,8.8,28.5,45.0,1565053816,33280940,29,1,0,,0
2025-08-22T00:15:57,nanema-HP,8.8,28.3,45.0,1565054634,33281852,29,1,0,,0
2025-08-22T00:16:04,nanema-HP,1.7,28.0,72.0,1565298593,33402115,31,1,0,,0
2025-08-22T00:16:10,nanema-HP,4.0,28.0,72.0,1575071236,33702017,31,1,1,Device('/sys/devices/pci0000:00/0000:00:14.0/usb3/3-4'),1
2025-08-22T00:16:16,nanema-HP,3.0,27.9,50.0,1588461096,34195713,31,1,1,Device('/sys/devices/pci0000:00/0000:00:14.0/usb3/3-4/3-4:1.0'),0
2025-08-22T00:16:22,nanema-HP,2.9,27.9,50.0,1604471634,34677340,31,1,-1,Device('/sys/devices/pci0000:00/0000:00:14.0/usb3/3-4/3-4:1.0'),0
2025-08-22T00:16:28,nanema-HP,2.8,27.9,50.0,1619381075,35123011,31,1,1,Device('/sys/devices/pci0000:00/0000:00:14.0/usb3/3-4/3-4:4.1'),0
2025-08-22T00:16:34,nanema-HP,3.1,27.8,51.0,1634094682,35552487,31,1,1,Device('/sys/devices/pci0000:00/0000:00:14.0/usb3/3-4/3-4:4.0'),0
2025-08-22T00:16:40,nanema-HP,3.3,27.9,51.0,1649579897,36079848,28,1,1,Device('/sys/devices/pci0000:00/0000:00:14.0/usb3/3-4/3-4:4.2'),0
2025-08-22T00:16:46,nanema-HP,4.0,27.9,51.0,1664069630,36496219,28,1,0,,0
2025-08-22T00:16:52,nanema-HP,2.6,28.0,52.0,1679557068,36983359,25,1,0,,0
2025-08-22T00:16:58,nanema-HP,3.6,28.1,52.0,1692869570,37492217,25,1,0,,0
2025-08-22T00:17:05,nanema-HP,2.3,28.2,55.0,1704674891,37881171,25,1,0,,0
2025-08-22T00:17:11,nanema-HP,3.2,28.2,55.0,1719975183,38341181,25,1,0,,0
2025-08-22T00:17:17,nanema-HP,3.7,28.4,55.0,1735477757,38852329,25,1,-1,Device('/sys/devices/pci0000:00/0000:00:14.0/usb3/3-4/3-4:4.0'),0
2025-08-22T00:17:23,nanema-HP,5.0,28.4,53.0,1750789381,39344537,21,1,-1,Device('/sys/devices/pci0000:00/0000:00:14.0/usb3/3-4/3-4:4.1'),0
2025-08-22T00:17:29,nanema-HP,4.6,27.7,53.0,1765257720,39834104,23,1,-1,Device('/sys/devices/pci0000:00/0000:00:14.0/usb3/3-4/3-4:4.2'),0
2025-08-22T00:17:35,nanema-HP,3.5,27.7,53.0,1781007108,40341575,23,1,-1,Device('/sys/devices/pci0000:00/0000:00:14.0/usb3/3-4'),0
2025-08-22T00:17:41,nanema-HP,3.7,27.7,51.0,1796526690,40867960,27,1,1,Device('/sys/devices/pci0000:00/0000:00:14.0/usb3/3-4'),0
2025-08-22T00:17:47,nanema-HP,3.3,27.7,51.0,1812201321,41373102,25,1,1,Device('/sys/devices/pci0000:00/0000:00:14.0/usb3/3-4/3-4:1.0'),0
2025-08-22T00:17:53,nanema-HP,3.5,27.8,50.0,1827548522,41858073,25,1,-1,Device('/sys/devices/pci0000:00/0000:00:14.0/usb3/3-4/3-4:1.0'),0
2025-08-22T00:17:59,nanema-HP,2.6,27.8,50.0,1842674793,42358471,24,1,1,Device('/sys/devices/pci0000:00/0000:00:14.0/usb3/3-4/3-4:4.0'),0
2025-08-22T00:18:05,nanema-HP,3.2,27.8,50.0,1857923487,42835019,24,1,1,Device('/sys/devices/pci0000:00/0000:00:14.0/usb3/3-4/3-4:4.1'),0
2025-08-22T00:18:12,nanema-HP,5.4,28.0,51.0,1873586644,43297466,23,1,1,Device('/sys/devices/pci0000:00/0000:00:14.0/usb3/3-4/3-4:4.2'),0
2025-08-22T00:18:18,nanema-HP,3.5,28.0,51.0,1888065626,43766370,23,1,-1,Device('/sys/devices/pci0000:00/0000:00:14.0/usb3/3-4/3-4:4.0'),0
2025-08-22T00:18:24,nanema-HP,2.8,28.3,51.0,1903950275,44305811,23,1,-1,Device('/sys/devices/pci0000:00/0000:00:14.0/usb3/3-4/3-4:4.1'),0
2025-08-22T00:18:30,nanema-HP,3.2,28.4,50.0,1919480586,44863923,23,1,-1,Device('/sys/devices/pci0000:00/0000:00:14.0/usb3/3-4/3-4:4.2'),0
2025-08-22T00:18:36,nanema-HP,2.8,28.4,50.0,1934443823,45348200,23,1,-1,Device('/sys/devices/pci0000:00/0000:00:14.0/usb3/3-4'),0
2025-08-22T00:18:42,nanema-HP,3.7,28.5,50.0,1949793081,45826542,23,1,1,Device('/sys/devices/pci0000:00/0000:00:14.0/usb3/3-4'),0
2025-08-22T00:18:48,nanema-HP,4.3,28.6,50.0,1965477293,46324796,22,1,1,Device('/sys/devices/pci0000:00/0000:00:14.0/usb3/3-4/3-4:1.0'),0
2025-08-22T00:18:54,nanema-HP,2.9,28.8,50.0,1980694135,46798450,22,1,-1,Device('/sys/devices/pci0000:00/0000:00:14.0/usb3/3-4/3-4:1.0'),0
2025-08-22T00:19:00,nanema-HP,2.4,28.8,51.0,1996188367,47302128,22,1,1,Device('/sys/devices/pci0000:00/0000:00:14.0/usb3/3-4/3-4:4.2'),0
2025-08-22T00:19:06,nanema-HP,2.7,28.8,51.0,2011694340,47832515,22,1,1,Device('/sys/devices/pci0000:00/0000:00:14.0/usb3/3-4/3-4:4.0'),0
2025-08-22T00:19:13,nanema-HP,2.8,28.8,51.0,2026173469,48304397,22,1,1,Device('/sys/devices/pci0000:00/0000:00:14.0/usb3/3-4/3-4:4.1'),0
2025-08-22T00:19:19,nanema-HP,3.3,28.8,51.0,2041399251,48805353,22,1,-1,Device('/sys/devices/pci0000:00/0000:00:14.0/usb3/3-4/3-4:4.0'),0
2025-08-22T00:19:25,nanema-HP,2.9,28.8,51.0,2057135287,49316397,22,1,-1,Device('/sys/devices/pci0000:00/0000:00:14.0/usb3/3-4/3-4:4.1'),0
2025-08-22T00:19:31,nanema-HP,4.1,28.8,51.0,2072605939,49794809,22,1,-1,Device('/sys/devices/pci0000:00/0000:00:14.0/usb3/3-4/3-4:4.2'),0
2025-08-22T00:19:37,nanema-HP,3.0,28.8,51.0,2087015876,50249181,22,1,-1,Device('/sys/devices/pci0000:00/0000:00:14.0/usb3/3-4'),0
2025-08-22T00:19:43,nanema-HP,3.5,28.9,51.0,2102432781,50751538,22,1,1,Device('/sys/devices/pci0000:00/0000:00:14.0/usb3/3-4'),0
2025-08-22T00:19:49,nanema-HP,3.3,28.9,51.0,2116939015,51241956,22,1,1,Device('/sys/devices/pci0000:00/0000:00:14.0/usb3/3-4/3-4:1.0'),0
2025-08-22T00:19:55,nanema-HP,2.2,28.8,51.0,2131092487,51684706,22,1,-1,Device('/sys/devices/pci0000:00/0000:00:14.0/usb3/3-4/3-4:1.0'),0
2025-08-22T00:20:01,nanema-HP,3.5,28.2,51.0,2146989206,52191328,22,1,-1,Device('/sys/devices/pci0000:00/0000:00:14.0/usb3/3-4'),0
2025-08-22T00:20:07,nanema-HP,3.8,28.2,51.0,2161696844,52663994,22,1,1,Device('/sys/devices/pci0000:00/0000:00:14.0/usb3/3-4'),0
2025-08-22T00:20:13,nanema-HP,3.4,28.2,51.0,2177019124,53152984,21,1,1,Device('/sys/devices/pci0000:00/0000:00:14.0/usb3/3-4/3-4:1.0'),0
2025-08-22T00:20:20,nanema-HP,2.7,28.3,49.0,2192604840,53635834,21,1,-1,Device('/sys/devices/pci0000:00/0000:00:14.0/usb3/3-4/3-4:1.0'),0
2025-08-22T00:20:26,nanema-HP,3.4,28.2,49.0,2207518536,54087874,21,1,1,Device('/sys/devices/pci0000:00/0000:00:14.0/usb3/3-4/3-4:4.0'),0
2025-08-22T00:20:32,nanema-HP,3.8,27.7,49.0,2222469782,54586729,20,1,1,Device('/sys/devices/pci0000:00/0000:00:14.0/usb3/3-4/3-4:4.1'),0
2025-08-22T00:20:38,nanema-HP,2.2,27.7,48.0,2237576654,55089442,19,1,1,Device('/sys/devices/pci0000:00/0000:00:14.0/usb3/3-4/3-4:4.2'),0
2025-08-22T00:20:44,nanema-HP,3.8,27.7,48.0,2250751068,55519410,16,1,-1,Device('/sys/devices/pci0000:00/0000:00:14.0/usb3/3-4/3-4:4.1'),0
2025-08-22T00:20:50,nanema-HP,3.7,27.8,48.0,2266061236,56004916,16,1,-1,Device('/sys/devices/pci0000:00/0000:00:14.0/usb3/3-4/3-4:4.0'),0
2025-08-22T00:20:56,nanema-HP,3.2,27.9,48.0,2279769236,56353854,16,1,-1,Device('/sys/devices/pci0000:00/0000:00:14.0/usb3/3-4/3-4:4.2'),0
2025-08-22T00:21:02,nanema-HP,2.5,27.9,48.0,2294881713,56780490,16,1,-1,Device('/sys/devices/pci0000:00/0000:00:14.0/usb3/3-4'),0
2025-08-22T00:21:08,nanema-HP,1.8,27.9,47.0,2308292969,57147662,16,1,1,Device('/sys/devices/pci0000:00/0000:00:14.0/usb3/3-4'),0
2025-08-22T00:21:14,nanema-HP,3.3,27.8,47.0,2318508571,57390215,16,1,1,Device('/sys/devices/pci0000:00/0000:00:14.0/usb3/3-4/3-4:1.0'),0
2025-08-22T00:21:21,nanema-HP,2.9,27.7,47.0,2333289138,57731705,16,1,-1,Device('/sys/devices/pci0000:00/0000:00:14.0/usb3/3-4/3-4:1.0'),0
2025-08-22T00:21:27,nanema-HP,3.5,27.7,46.0,2348666506,58105387,16,1,1,Device('/sys/devices/pci0000:00/0000:00:14.0/usb3/3-4/3-4:4.1'),0
2025-08-22T00:21:33,nanema-HP,2.4,27.8,46.0,2363351232,58479963,15,1,1,Device('/sys/devices/pci0000:00/0000:00:14.0/usb3/3-4/3-4:4.0'),0
2025-08-22T00:21:39,nanema-HP,2.5,27.8,46.0,2377636366,58883193,15,1,1,Device('/sys/devices/pci0000:00/0000:00:14.0/usb3/3-4/3-4:4.2'),0
2025-08-22T00:21:45,nanema-HP,2.9,27.9,46.0,2391878950,59287443,15,1,-1,Device('/sys/devices/pci0000:00/0000:00:14.0/usb3/3-4/3-4:4.0'),0
2025-08-22T00:21:51,nanema-HP,2.4,27.9,46.0,2406098058,59661931,15,1,-1,Device('/sys/devices/pci0000:00/0000:00:14.0/usb3/3-4/3-4:4.1'),0
2025-08-22T00:21:57,nanema-HP,2.4,27.9,45.0,2419907090,60055107,15,1,-1,Device('/sys/devices/pci0000:00/0000:00:14.0/usb3/3-4/3-4:4.2'),0
2025-08-22T00:22:03,nanema-HP,3.2,27.9,45.0,2435566421,60430287,15,1,-1,Device('/sys/devices/pci0000:00/0000:00:14.0/usb3/3-4'),0
2025-08-22T00:22:09,nanema-HP,3.6,27.9,45.0,2449315377,60759521,15,1,1,Device('/sys/devices/pci0000:00/0000:00:14.0/usb3/3-4'),0
2025-08-22T00:22:15,nanema-HP,3.7,27.9,45.0,2464345300,61105144,15,1,1,Device('/sys/devices/pci0000:00/0000:00:14.0/usb3/3-4/3-4:1.0'),0
2025-08-22T00:22:21,nanema-HP,1.0,27.5,45.0,2474662654,61349093,15,1,-1,Device('/sys/devices/pci0000:00/0000:00:14.0/usb3/3-4/3-4:1.0'),0
2025-08-22T00:22:28,nanema-HP,1.1,27.6,45.0,2474663340,61350029,15,1,1,Device('/sys/devices/pci0000:00/0000:00:14.0/usb3/3-4/3-4:4.1'),0
2025-08-22T00:22:34,nanema-HP,0.8,27.6,45.0,2474664144,61350917,15,1,1,Device('/sys/devices/pci0000:00/0000:00:14.0/usb3/3-4/3-4:4.0'),0
2025-08-22T00:22:40,nanema-HP,1.0,27.6,45.0,2474664900,61351677,15,1,1,Device('/sys/devices/pci0000:00/0000:00:14.0/usb3/3-4/3-4:4.2'),0
2025-08-22T00:22:46,nanema-HP,0.8,27.7,45.0,2474665696,61352391,15,1,0,,0
2025-08-22T00:22:52,nanema-HP,1.0,27.7,45.0,2474666296,61353077,15,1,0,,0
2025-08-22T00:22:58,nanema-HP,1.2,27.8,45.0,2474667200,61353979,15,1,0,,0
2025-08-22T00:23:04,nanema-HP,1.0,27.3,45.0,2474668229,61354693,15,1,0,,0
2025-08-22T00:23:10,nanema-HP,0.8,27.3,45.0,2474668829,61355293,15,1,0,,0
2025-08-22T00:23:17,nanema-HP,0.9,27.4,44.0,2474669429,61355979,15,1,0,,0
2025-08-22T00:23:23,nanema-HP,1.1,27.4,44.0,2474670429,61356895,14,1,0,,0
2025-08-22T00:23:29,nanema-HP,0.9,27.5,44.0,2474671071,61357537,14,1,0,,0
2025-08-22T00:23:35,nanema-HP,0.9,27.5,43.0,2474671808,61358137,14,1,0,,0
2025-08-22T00:23:41,nanema-HP,1.0,27.3,43.0,2474673534,61359265,14,1,0,,0
2025-08-22T00:23:47,nanema-HP,1.0,27.4,43.0,2474674134,61359865,14,1,0,,0
2025-08-22T00:23:53,nanema-HP,1.2,27.4,43.0,2474674734,61360465,14,1,0,,0
2025-08-22T00:23:59,nanema-HP,1.3,27.4,43.0,2474675638,61361367,14,1,0,,0
2025-08-22T00:24:05,nanema-HP,1.0,27.3,43.0,2474676709,61362317,13,1,0,,0
2025-08-22T00:24:12,nanema-HP,0.9,27.3,43.0,2474677309,61362917,13,1,0,,0
2025-08-22T00:24:18,nanema-HP,0.7,27.3,43.0,2474677909,61363517,13,1,0,,0
2025-08-22T00:24:24,nanema-HP,1.1,27.4,43.0,2474678705,61364231,13,1,0,,0
2025-08-22T00:24:30,nanema-HP,0.8,27.4,43.0,2474679509,61365033,13,1,0,,0
2025-08-22T00:24:36,nanema-HP,1.0,27.4,43.0,2474680109,61365633,13,1,0,,0
2025-08-22T00:24:42,nanema-HP,0.8,27.4,42.0,2474680905,61366347,13,1,0,,0
2025-08-22T00:24:48,nanema-HP,0.8,27.4,42.0,2474681505,61366947,13,1,0,,0
2025-08-22T00:24:54,nanema-HP,0.8,27.5,42.0,2474682409,61367849,13,1,0,,0
2025-08-22T00:25:00,nanema-HP,1.0,27.5,42.0,2474683438,61368563,13,1,0,,0
2025-08-22T00:25:07,nanema-HP,0.7,27.5,42.0,2474684038,61369163,13,1,0,,0
2025-08-22T00:25:13,nanema-HP,1.1,27.5,43.0,2474684638,61369763,13,1,0,,0
2025-08-22T00:25:19,nanema-HP,0.8,27.5,43.0,2474685238,61370363,13,1,0,,0
2025-08-22T00:25:25,nanema-HP,0.8,27.5,43.0,2474686280,61371321,13,1,0,,0
2025-08-22T00:25:31,nanema-HP,1.0,27.5,42.0,2474687622,61372514,13,1,0,,0
2025-08-22T00:25:37,nanema-HP,0.8,27.6,42.0,2474689366,61373935,13,1,0,,0
2025-08-22T00:25:43,nanema-HP,0.7,27.6,42.0,2474690452,61374929,13,1,0,,0
2025-08-22T00:25:49,nanema-HP,0.8,27.7,42.0,2474691052,61375529,13,1,0,,0
2025-08-22T00:25:55,nanema-HP,0.9,27.7,42.0,2474691752,61376229,13,1,0,,0
2025-08-22T00:26:02,nanema-HP,0.8,27.8,42.0,2474693135,61377445,13,1,0,,0
2025-08-22T00:26:08,nanema-HP,1.2,27.8,42.0,2474693735,61378045,13,1,0,,0
2025-08-22T00:26:14,nanema-HP,1.2,27.8,42.0,2474694539,61378847,13,1,0,,0
2025-08-22T00:26:20,nanema-HP,0.6,27.4,42.0,2474695139,61379447,13,1,0,,0
2025-08-22T00:26:26,nanema-HP,1.1,27.3,42.0,2474695935,61380161,13,1,0,,0
2025-08-22T00:26:32,nanema-HP,0.8,27.3,42.0,2474696535,61380761,13,1,0,,0
2025-08-22T00:26:38,nanema-HP,0.8,27.3,42.0,2474697339,61381563,13,1,0,,0
2025-08-22T00:26:44,nanema-HP,0.9,27.4,42.0,2474698135,61382277,13,1,0,,0
2025-08-22T00:26:50,nanema-HP,0.8,27.4,42.0,2474698735,61382877,13,1,0,,0
2025-08-22T00:26:57,nanema-HP,0.8,27.5,42.0,2474699639,61383779,13,1,0,,0
2025-08-22T00:27:03,nanema-HP,0.8,27.5,42.0,2474700668,61384493,13,1,0,,0
2025-08-22T00:27:09,nanema-HP,0.9,27.2,43.0,2474720958,61385393,13,1,0,,0
2025-08-22T00:27:15,nanema-HP,0.7,27.3,43.0,2474721558,61385993,13,1,0,,0
2025-08-22T00:27:21,nanema-HP,1.0,27.3,42.0,2474722558,61386909,13,1,0,,0
2025-08-22T00:27:27,nanema-HP,0.9,27.4,42.0,2474723286,61387629,13,1,0,,0
2025-08-22T00:27:33,nanema-HP,1.0,27.5,42.0,2474723886,61388229,13,1,0,,0
2025-08-22T00:27:39,nanema-HP,0.9,27.4,43.0,2474724486,61388829,13,1,0,,0
2025-08-22T00:27:45,nanema-HP,0.8,27.4,43.0,2474725642,61389839,13,1,0,,0
2025-08-22T00:27:52,nanema-HP,1.8,27.4,43.0,2474726342,61390539,13,1,0,,0
2025-08-22T00:27:58,nanema-HP,1.0,27.4,43.0,2474726942,61391139,13,1,0,,0
2025-08-22T00:28:04,nanema-HP,0.9,27.5,43.0,2474727971,61391853,13,1,0,,0
2025-08-22T00:28:10,nanema-HP,1.8,27.5,43.0,2474728775,61395743,13,1,-1,Device('/sys/devices/pci0000:00/0000:00:14.0/usb3/3-4/3-4:4.0'),0
2025-08-22T00:28:16,nanema-HP,1.0,27.4,43.0,2474729981,61396343,13,1,-1,Device('/sys/devices/pci0000:00/0000:00:14.0/usb3/3-4/3-4:4.1'),0
2025-08-22T00:28:22,nanema-HP,0.9,27.4,43.0,2474733947,61399963,13,1,-1,Device('/sys/devices/pci0000:00/0000:00:14.0/usb3/3-4/3-4:4.2'),0
2025-08-22T00:28:28,nanema-HP,0.6,27.4,42.0,2474734791,61400605,13,1,-1,Device('/sys/devices/pci0000:00/0000:00:14.0/usb3/3-4'),0
2025-08-22T00:28:34,nanema-HP,1.8,27.4,42.0,2474735935,61404495,13,1,1,Device('/sys/devices/pci0000:00/0000:00:14.0/usb3/3-4'),0
2025-08-22T00:28:41,nanema-HP,0.9,27.4,42.0,2474736901,61405209,13,1,1,Device('/sys/devices/pci0000:00/0000:00:14.0/usb3/3-4/3-4:1.0'),0
2025-08-22T00:28:47,nanema-HP,0.8,27.4,42.0,2474740671,61408715,13,1,-1,Device('/sys/devices/pci0000:00/0000:00:14.0/usb3/3-4/3-4:1.0'),0
2025-08-22T00:28:53,nanema-HP,0.8,27.5,42.0,2474741573,61409415,13,1,1,Device('/sys/devices/pci0000:00/0000:00:14.0/usb3/3-4/3-4:4.1'),0
2025-08-22T00:28:59,nanema-HP,1.0,27.4,43.0,2474742695,61410421,13,1,1,Device('/sys/devices/pci0000:00/0000:00:14.0/usb3/3-4/3-4:4.0'),0
2025-08-22T00:29:05,nanema-HP,0.9,27.4,43.0,2474743724,61411135,13,1,1,Device('/sys/devices/pci0000:00/0000:00:14.0/usb3/3-4/3-4:4.2'),0
2025-08-22T00:29:11,nanema-HP,0.8,27.4,43.0,2474744324,61411735,13,1,0,,0
2025-08-22T00:29:17,nanema-HP,0.9,27.4,42.0,2474744924,61412335,13,1,0,,0
2025-08-22T00:29:23,nanema-HP,0.8,27.5,42.0,2474745924,61413251,13,1,0,,0
2025-08-22T00:29:29,nanema-HP,1.3,27.6,42.0,2474746566,61413893,13,1,0,,0
2025-08-22T00:29:36,nanema-HP,0.8,27.6,42.0,2474747166,61414493,13,1,0,,0
2025-08-22T00:29:42,nanema-HP,0.8,27.7,42.0,2474748166,61415409,13,1,0,,0
2025-08-22T00:29:48,nanema-HP,0.8,27.7,42.0,2474748866,61416109,13,1,0,,0
2025-08-22T00:29:54,nanema-HP,0.9,27.8,42.0,2474749466,61416709,13,1,0,,0
2025-08-22T00:30:00,nanema-HP,0.9,27.8,42.0,2474750503,61417511,13,1,0,,0
2025-08-22T00:30:06,nanema-HP,0.8,27.8,43.0,2474751299,61418225,13,1,0,,0
2025-08-22T00:30:12,nanema-HP,0.6,27.8,43.0,2474751899,61418825,13,1,0,,0
2025-08-22T00:30:18,nanema-HP,0.8,27.8,42.0,2474752499,61419425,13,1,0,,0
2025-08-22T00:30:25,nanema-HP,0.8,27.8,42.0,2474753295,61420139,13,1,0,,0
2025-08-22T00:30:31,nanema-HP,0.9,27.8,42.0,2474754841,61421534,13,1,0,,0
2025-08-22T00:30:37,nanema-HP,0.9,27.8,43.0,2474756433,61422975,13,1,0,,0
2025-08-22T00:30:43,nanema-HP,0.9,27.8,43.0,2474757315,61423767,13,1,0,,0
2025-08-22T00:30:49,nanema-HP,0.9,27.8,43.0,2474758219,61424669,13,1,0,,0
2025-08-22T00:30:55,nanema-HP,1.0,28.0,43.0,2474759223,61431445,13,1,-1,Device('/sys/devices/pci0000:00/0000:00:14.0/usb3/3-4/3-4:4.0'),0
2025-08-22T00:31:01,nanema-HP,0.9,28.0,43.0,2474760454,61432159,13,1,-1,Device('/sys/devices/pci0000:00/0000:00:14.0/usb3/3-4/3-4:4.1'),0
2025-08-22T00:31:07,nanema-HP,0.9,28.0,43.0,2474764426,61435665,13,1,-1,Device('/sys/devices/pci0000:00/0000:00:14.0/usb3/3-4/3-4:4.2'),0
2025-08-22T00:31:13,nanema-HP,1.0,27.9,43.0,2474765230,61436467,13,1,-1,Device('/sys/devices/pci0000:00/0000:00:14.0/usb3/3-4'),0
2025-08-22T00:31:20,nanema-HP,1.3,27.9,43.0,2474765830,61437067,13,1,1,Device('/sys/devices/pci0000:00/0000:00:14.0/usb3/3-4'),0
2025-08-22T00:31:26,nanema-HP,1.3,27.3,42.0,2474766626,61437781,13,1,1,Device('/sys/devices/pci0000:00/0000:00:14.0/usb3/3-4/3-4:1.0'),0
2025-08-22T00:31:32,nanema-HP,1.0,27.4,42.0,2474767580,61438883,13,1,-1,Device('/sys/devices/pci0000:00/0000:00:14.0/usb3/3-4/3-4:1.0'),0
2025-08-22T00:31:38,nanema-HP,1.0,27.4,42.0,2474768382,61439483,13,1,1,Device('/sys/devices/pci0000:00/0000:00:14.0/usb3/3-4/3-4:4.0'),0
2025-08-22T00:31:44,nanema-HP,0.8,27.4,42.0,2474769178,61440197,13,1,1,Device('/sys/devices/pci0000:00/0000:00:14.0/usb3/3-4/3-4:4.1'),0
2025-08-22T00:31:50,nanema-HP,0.8,27.5,42.0,2474769878,61440897,13,1,1,Device('/sys/devices/pci0000:00/0000:00:14.0/usb3/3-4/3-4:4.2'),0
2025-08-22T00:31:56,nanema-HP,1.1,27.5,42.0,2474770682,61441699,13,1,0,,0
2025-08-22T00:32:02,nanema-HP,0.8,27.6,42.0,2474771711,61442413,13,1,0,,0
2025-08-22T00:32:08,nanema-HP,0.8,27.5,42.0,2474790487,61443313,13,1,0,,0
2025-08-22T00:32:15,nanema-HP,0.9,27.5,42.0,2474791291,61444115,13,1,0,,0
2025-08-22T00:32:21,nanema-HP,0.9,27.5,42.0,2474792129,61444871,13,1,0,,0
2025-08-22T00:32:27,nanema-HP,1.1,27.5,42.0,2474792815,61445549,13,1,0,,0
2025-08-22T00:32:33,nanema-HP,0.8,27.5,42.0,2474793619,61446351,13,1,0,,0
2025-08-22T00:32:39,nanema-HP,0.8,27.6,42.0,2474794219,61447145,13,1,0,,0
2025-08-22T00:32:45,nanema-HP,0.8,27.6,42.0,2474795271,61448053,13,1,0,,0
2025-08-22T00:32:51,nanema-HP,1.9,27.7,42.0,2474795871,61448653,13,1,0,,0
2025-08-22T00:32:57,nanema-HP,1.1,27.7,42.0,2474796675,61449455,13,1,0,,0
2025-08-22T00:33:04,nanema-HP,0.8,27.8,42.0,2474797704,61450169,13,1,0,,0
2025-08-22T00:33:10,nanema-HP,0.9,27.8,42.0,2474798304,61450769,13,1,0,,0
2025-08-22T00:33:16,nanema-HP,0.8,27.8,42.0,2474798904,61451369,13,1,0,,0
2025-08-22T00:33:22,nanema-HP,1.0,27.8,42.0,2474799700,61452083,13,1,0,,0
2025-08-22T00:33:28,nanema-HP,1.0,27.8,42.0,2474800504,61452885,13,1,0,,0
2025-08-22T00:33:34,nanema-HP,0.9,27.8,42.0,2474801146,61453527,13,1,0,,0
2025-08-22T00:33:40,nanema-HP,0.9,27.6,42.0,2474801942,61454241,13,1,0,,0
2025-08-22T00:33:46,nanema-HP,0.9,27.3,42.0,2474802542,61454841,13,1,0,,0
2025-08-22T00:33:52,nanema-HP,0.8,27.3,41.0,2474803346,61455643,13,1,0,,0
2025-08-22T00:33:59,nanema-HP,1.5,27.4,41.0,2474804354,61456447,13,1,0,,0
2025-08-22T00:34:05,nanema-HP,0.8,27.4,41.0,2474805383,61457161,13,1,0,,0
2025-08-22T00:34:11,nanema-HP,0.9,27.4,41.0,2474806287,61458063,13,1,0,,0
2025-08-22T00:34:17,nanema-HP,0.8,27.4,41.0,2474806887,61458663,13,1,0,,0
2025-08-22T00:34:23,nanema-HP,1.0,27.4,42.0,2474807683,61459377,13,1,0,,0
2025-08-22T00:34:29,nanema-HP,0.8,27.5,42.0,2474808487,61460179,13,1,0,,0
2025-08-22T00:34:35,nanema-HP,0.9,27.5,42.0,2474809087,61460779,13,1,0,,0
2025-08-22T00:34:41,nanema-HP,0.8,27.6,42.0,2474809883,61461493,13,1,0,,0
2025-08-22T00:34:47,nanema-HP,0.8,27.7,42.0,2474811005,61462499,13,1,0,,0
2025-08-22T00:34:54,nanema-HP,0.8,27.7,42.0,2474811605,61463099,13,1,0,,0
2025-08-22T00:35:00,nanema-HP,7.0,28.0,42.0,2474812438,61463699,13,1,0,,0
2025-08-22T00:35:06,nanema-HP,0.8,27.9,42.0,2474813234,61464413,13,1,0,,0
2025-08-22T00:35:12,nanema-HP,1.1,27.8,43.0,2474814138,61465315,13,1,0,,0
2025-08-22T00:35:18,nanema-HP,0.9,27.8,43.0,2474814738,61465915,13,1,0,,0
2025-08-22T00:35:24,nanema-HP,0.8,27.8,43.0,2474815534,61466629,13,1,0,,0
2025-08-22T00:35:30,nanema-HP,1.0,27.8,42.0,2474816338,61467520,13,1,0,,0
2025-08-22T00:35:36,nanema-HP,1.0,27.8,42.0,2474818820,61469367,13,1,0,,0
2025-08-22T00:35:43,nanema-HP,0.9,27.7,43.0,2474819702,61470159,13,1,0,,0
2025-08-22T00:35:49,nanema-HP,0.8,27.7,43.0,2474820596,61470759,13,1,0,,0
2025-08-22T00:35:55,nanema-HP,0.9,27.7,43.0,2474821400,61471561,13,1,0,,0
2025-08-22T00:36:01,nanema-HP,0.7,27.8,42.0,2474822429,61472275,13,1,0,,0
2025-08-22T00:36:07,nanema-HP,1.0,27.8,42.0,2474823129,61472975,13,1,0,,0
2025-08-22T00:36:13,nanema-HP,0.8,27.8,42.0,2474823629,61473475,13,1,0,,0
2025-08-22T00:36:19,nanema-HP,0.7,27.7,42.0,2474824433,61474277,13,1,0,,0
2025-08-22T00:36:25,nanema-HP,1.1,27.7,42.0,2474825229,61474991,13,1,0,,0
2025-08-22T00:36:31,nanema-HP,0.8,27.5,42.0,2474825829,61475591,13,1,0,,0
2025-08-22T00:36:38,nanema-HP,0.8,27.5,42.0,2474826529,61476291,13,1,0,,0
2025-08-22T00:36:44,nanema-HP,0.8,27.4,42.0,2474827529,61477207,13,1,0,,0
2025-08-22T00:36:50,nanema-HP,0.9,27.4,42.0,2474828129,61477807,13,1,0,,0
2025-08-22T00:36:56,nanema-HP,0.8,27.4,42.0,2474828729,61478407,13,1,0,,0
2025-08-22T00:37:02,nanema-HP,0.8,27.4,42.0,2474829758,61479121,13,1,0,,0
2025-08-22T00:37:08,nanema-HP,0.8,27.4,42.0,2474848538,61480021,13,1,0,,0
2025-08-22T00:37:14,nanema-HP,0.8,27.4,42.0,2474849384,61480865,13,1,0,,0
2025-08-22T00:37:20,nanema-HP,0.8,27.4,42.0,2474850204,61481791,13,1,0,,0
2025-08-22T00:37:27,nanema-HP,1.4,27.3,42.0,2474851306,61483105,13,1,0,,0
2025-08-22T00:37:33,nanema-HP,0.8,27.3,42.0,2474852006,61483805,13,1,0,,0
2025-08-22T00:37:39,nanema-HP,0.8,27.3,43.0,2474852810,61484607,13,1,0,,0
2025-08-22T00:37:45,nanema-HP,0.8,27.4,43.0,2474865757,61492126,15,1,0,,0
2025-08-22T00:37:51,nanema-HP,0.9,27.3,43.0,2474866399,61492768,15,1,0,,0
2025-08-22T00:37:57,nanema-HP,1.0,27.4,43.0,2474867203,61493570,15,1,0,,0
2025-08-22T00:38:03,nanema-HP,0.8,27.3,43.0,2474868232,61494284,15,1,0,,0
2025-08-22T00:38:09,nanema-HP,1.0,27.3,42.0,2474868832,61494884,15,1,0,,0
2025-08-22T00:38:15,nanema-HP,0.8,27.4,42.0,2474869636,61495686,15,1,0,,0
2025-08-22T00:38:22,nanema-HP,0.8,27.4,42.0,2474870432,61496400,15,1,0,,0
2025-08-22T00:38:28,nanema-HP,0.8,27.5,42.0,2474871032,61497000,15,1,0,,0
2025-08-22T00:38:34,nanema-HP,0.8,27.5,42.0,2474871732,61497700,15,1,0,,0
2025-08-22T00:38:40,nanema-HP,0.9,27.6,42.0,2474876754,61499294,15,1,0,,0
2025-08-22T00:38:46,nanema-HP,0.8,27.6,42.0,2474877636,61500086,15,1,0,,0
2025-08-22T00:38:52,nanema-HP,1.8,27.7,42.0,2474878236,61500686,15,1,0,,0
2025-08-22T00:38:58,nanema-HP,1.0,27.7,43.0,2474878836,61501286,15,1,0,,0
2025-08-22T00:39:04,nanema-HP,0.9,27.9,43.0,2474880069,61508378,15,1,-1,Device('/sys/devices/pci0000:00/0000:00:14.0/usb3/3-4/3-4:4.0'),0
2025-08-22T00:39:11,nanema-HP,0.9,27.9,43.0,2474882515,61510773,15,1,-1,Device('/sys/devices/pci0000:00/0000:00:14.0/usb3/3-4/3-4:4.1'),0
2025-08-22T00:39:17,nanema-HP,0.8,27.9,43.0,2474884481,61512526,15,1,-1,Device('/sys/devices/pci0000:00/0000:00:14.0/usb3/3-4/3-4:4.2'),0
2025-08-22T00:39:23,nanema-HP,0.8,27.5,43.0,2474885277,61513240,15,1,-1,Device('/sys/devices/pci0000:00/0000:00:14.0/usb3/3-4'),0
2025-08-22T00:39:29,nanema-HP,1.3,27.5,42.0,2474886181,61514142,15,1,1,Device('/sys/devices/pci0000:00/0000:00:14.0/usb3/3-4'),0
2025-08-22T00:39:35,nanema-HP,1.0,27.3,42.0,2474886823,61514784,15,1,1,Device('/sys/devices/pci0000:00/0000:00:14.0/usb3/3-4/3-4:1.0'),0
2025-08-22T00:39:41,nanema-HP,0.9,27.3,42.0,2474887883,61515934,15,1,-1,Device('/sys/devices/pci0000:00/0000:00:14.0/usb3/3-4/3-4:1.0'),0
2025-08-22T00:39:47,nanema-HP,1.1,27.3,42.0,2474888773,61516814,15,1,1,Device('/sys/devices/pci0000:00/0000:00:14.0/usb3/3-4/3-4:4.0'),0
2025-08-22T00:39:53,nanema-HP,0.8,27.3,42.0,2474889373,61517414,15,1,1,Device('/sys/devices/pci0000:00/0000:00:14.0/usb3/3-4/3-4:4.1'),0
2025-08-22T00:40:00,nanema-HP,1.1,27.4,42.0,2474890206,61518014,15,1,1,Device('/sys/devices/pci0000:00/0000:00:14.0/usb3/3-4/3-4:4.2'),0
2025-08-22T00:40:06,nanema-HP,0.8,27.4,43.0,2474891002,61518728,15,1,0,,0
2025-08-22T00:40:12,nanema-HP,1.0,27.4,43.0,2474891806,61519530,15,1,0,,0
2025-08-22T00:40:18,nanema-HP,0.7,27.5,43.0,2474892406,61520130,15,1,0,,0
2025-08-22T00:40:24,nanema-HP,1.0,27.5,43.0,2474893302,61520944,15,1,0,,0
2025-08-22T00:40:30,nanema-HP,0.8,27.6,43.0,2474893902,61521544,15,1,0,,0
2025-08-22T00:40:36,nanema-HP,1.1,27.6,42.0,2474896780,61524326,15,1,0,,0
2025-08-22T00:40:42,nanema-HP,1.1,27.6,42.0,2474897780,61525242,15,1,0,,0
2025-08-22T00:40:48,nanema-HP,0.8,27.7,42.0,2474898380,61525842,15,1,0,,0
2025-08-22T00:40:55,nanema-HP,0.9,27.7,42.0,2474898980,61526442,15,1,0,,0
2025-08-22T00:41:01,nanema-HP,2.3,27.9,42.0,2474900009,61533332,15,1,-1,Device('/sys/devices/pci0000:00/0000:00:14.0/usb3/3-4/3-4:4.0'),0
2025-08-22T00:41:07,nanema-HP,0.8,27.9,42.0,2474900609,61533932,15,1,-1,Device('/sys/devices/pci0000:00/0000:00:14.0/usb3/3-4/3-4:4.1'),0
2025-08-22T00:41:13,nanema-HP,0.7,27.4,42.0,2474904583,61537640,15,1,-1,Device('/sys/devices/pci0000:00/0000:00:14.0/usb3/3-4/3-4:4.2'),0
2025-08-22T00:41:19,nanema-HP,0.8,27.4,42.0,2474905225,61538282,15,1,-1,Device('/sys/devices/pci0000:00/0000:00:14.0/usb3/3-4'),0
2025-08-22T00:41:25,nanema-HP,0.9,27.3,42.0,2474906121,61539096,15,1,1,Device('/sys/devices/pci0000:00/0000:00:14.0/usb3/3-4'),0
2025-08-22T00:41:31,nanema-HP,1.8,27.4,42.0,2474906721,61539696,15,1,1,Device('/sys/devices/pci0000:00/0000:00:14.0/usb3/3-4/3-4:1.0'),0
2025-08-22T00:41:37,nanema-HP,1.1,27.3,42.0,2474907751,61540702,13,1,-1,Device('/sys/devices/pci0000:00/0000:00:14.0/usb3/3-4/3-4:1.0'),0
2025-08-22T00:41:43,nanema-HP,1.0,27.3,43.0,2474908547,61541416,13,1,1,Device('/sys/devices/pci0000:00/0000:00:14.0/usb3/3-4/3-4:4.0'),0
2025-08-22T00:41:50,nanema-HP,0.9,27.4,43.0,2474909147,61542016,13,1,1,Device('/sys/devices/pci0000:00/0000:00:14.0/usb3/3-4/3-4:4.1'),0
2025-08-22T00:41:56,nanema-HP,0.8,27.4,42.0,2474909747,61542616,13,1,1,Device('/sys/devices/pci0000:00/0000:00:14.0/usb3/3-4/3-4:4.2'),0
2025-08-22T00:42:02,nanema-HP,0.9,27.5,42.0,2474911298,61543736,13,1,0,,0
2025-08-22T00:42:08,nanema-HP,1.0,27.5,42.0,2474930577,61544636,13,1,0,,0
2025-08-22T00:42:14,nanema-HP,0.9,27.5,43.0,2474931177,61545236,13,1,0,,0
2025-08-22T00:42:20,nanema-HP,0.8,27.5,43.0,2474931877,61545936,13,1,0,,0
2025-08-22T00:42:26,nanema-HP,1.1,27.5,43.0,2474932759,61546728,13,1,0,,0
2025-08-22T00:42:32,nanema-HP,0.8,27.5,43.0,2474933563,61547530,13,1,0,,0
2025-08-22T00:42:38,nanema-HP,0.8,27.6,43.0,2474934205,61548172,13,1,0,,0
2025-08-22T00:42:45,nanema-HP,0.8,27.6,43.0,2474935157,61549046,13,1,0,,0
2025-08-22T00:42:51,nanema-HP,0.8,27.7,43.0,2474935757,61549646,13,1,0,,0
2025-08-22T00:42:57,nanema-HP,0.8,27.7,43.0,2474936357,61550246,13,1,0,,0
2025-08-22T00:43:03,nanema-HP,0.7,27.7,43.0,2474937590,61551162,13,1,0,,0
2025-08-22T00:43:09,nanema-HP,0.8,27.7,43.0,2474938190,61551762,13,1,0,,0
2025-08-22T00:43:15,nanema-HP,0.8,27.7,42.0,2474938790,61552362,13,1,0,,0
2025-08-22T00:43:21,nanema-HP,0.8,27.7,42.0,2474939890,61553378,13,1,0,,0
2025-08-22T00:43:27,nanema-HP,0.9,27.7,42.0,2474940490,61553978,13,1,0,,0
2025-08-22T00:43:34,nanema-HP,0.8,27.8,42.0,2474941090,61554578,13,1,0,,0
2025-08-22T00:43:40,nanema-HP,0.8,28.0,42.0,2475004588,61563001,14,1,0,,0
2025-08-22T00:43:46,nanema-HP,0.7,27.8,42.0,2475005716,61564037,14,1,0,,0
2025-08-22T00:43:52,nanema-HP,1.2,27.8,43.0,2475011844,61575235,15,1,0,,0
2025-08-22T00:43:58,nanema-HP,0.8,27.8,43.0,2475012648,61576037,15,1,0,,0
2025-08-22T00:44:04,nanema-HP,1.3,27.8,43.0,2475013677,61576751,15,1,0,,0
2025-08-22T00:44:10,nanema-HP,0.8,27.7,43.0,2475014277,61577351,15,1,0,,0
2025-08-22T00:44:16,nanema-HP,0.9,27.7,43.0,2475015181,61578253,15,1,0,,0
2025-08-22T00:44:22,nanema-HP,0.8,27.7,43.0,2475015977,61578967,15,1,0,,0
2025-08-22T00:44:29,nanema-HP,1.0,27.8,43.0,2475016577,61579567,15,1,0,,0
2025-08-22T00:44:35,nanema-HP,1.0,27.8,43.0,2475017177,61580167,15,1,0,,0
2025-08-22T00:44:41,nanema-HP,0.9,27.7,43.0,2475018177,61581083,14,1,0,,0
2025-08-22T00:44:47,nanema-HP,0.8,27.7,43.0,2475018777,61581683,14,1,0,,0
2025-08-22T00:44:53,nanema-HP,1.0,27.8,43.0,2475019502,61582494,14,1,0,,0
2025-08-22T00:44:59,nanema-HP,1.0,27.7,43.0,2475020392,61583374,14,1,0,,0
2025-08-22T00:45:05,nanema-HP,1.0,27.7,43.0,2475021421,61584088,14,1,0,,0
2025-08-22T00:45:11,nanema-HP,0.8,27.7,43.0,2475022021,61584688,14,1,0,,0
2025-08-22T00:45:18,nanema-HP,0.9,27.7,43.0,2475023065,61585596,14,1,0,,0
2025-08-22T00:45:24,nanema-HP,1.0,27.7,43.0,2475024065,61586512,14,1,0,,0
2025-08-22T00:45:30,nanema-HP,1.3,27.9,43.0,2475024665,61587112,14,1,0,,0
2025-08-22T00:45:36,nanema-HP,0.8,27.8,43.0,2475027151,61589126,14,1,0,,0
2025-08-22T00:45:42,nanema-HP,0.8,27.8,42.0,2475028033,61589918,14,1,0,,0
2025-08-22T00:45:48,nanema-HP,0.7,27.8,42.0,2475028837,61590720,14,1,0,,0
2025-08-22T00:45:54,nanema-HP,0.8,27.7,42.0,2475029562,61591531,14,1,0,,0
2025-08-22T00:46:00,nanema-HP,0.9,27.7,42.0,2475030591,61592245,14,1,0,,0
2025-08-22T00:46:06,nanema-HP,1.2,27.7,42.0,2475031395,61593047,14,1,0,,0
2025-08-22T00:46:13,nanema-HP,0.8,27.7,42.0,2475032095,61593747,14,1,0,,0
2025-08-22T00:46:19,nanema-HP,0.8,27.7,42.0,2475032695,61594347,14,1,0,,0
2025-08-22T00:46:25,nanema-HP,1.0,27.7,42.0,2475033695,61595263,14,1,0,,0
2025-08-22T00:46:31,nanema-HP,0.8,27.7,42.0,2475034459,61596027,14,1,0,,0
2025-08-22T00:46:37,nanema-HP,0.9,27.6,42.0,2475035554,61596627,14,1,0,,0
2025-08-22T00:46:43,nanema-HP,0.8,27.3,42.0,2475036620,61597662,14,1,0,,0
2025-08-22T00:46:49,nanema-HP,0.9,27.3,42.0,2475037749,61598562,14,1,0,,0
2025-08-22T00:46:55,nanema-HP,1.3,27.4,42.0,2475038788,61599580,14,1,0,,0
2025-08-22T00:47:01,nanema-HP,1.3,27.4,42.0,2475041003,61601056,14,1,0,,0
2025-08-22T00:47:08,nanema-HP,1.1,27.4,42.0,2475061722,61602192,14,1,0,,0
2025-08-22T00:47:14,nanema-HP,0.8,27.4,42.0,2475062914,61603172,14,1,0,,0
2025-08-22T00:47:20,nanema-HP,0.8,27.5,43.0,2475063556,61603814,14,1,0,,0
2025-08-22T00:47:26,nanema-HP,1.0,27.5,43.0,2475064438,61604606,14,1,0,,0
2025-08-22T00:47:32,nanema-HP,0.9,27.6,43.0,2475065038,61605206,14,1,0,,0
2025-08-22T00:47:38,nanema-HP,0.9,27.6,43.0,2475065704,61605942,14,1,0,,0
2025-08-22T00:47:44,nanema-HP,1.0,27.6,43.0,2475067021,61607021,13,1,0,,0
2025-08-22T00:47:50,nanema-HP,0.8,27.7,43.0,2475068057,61607849,13,1,0,,0
2025-08-22T00:47:56,nanema-HP,1.2,27.7,43.0,2475068947,61608729,13,1,0,,0
2025-08-22T00:48:03,nanema-HP,1.0,27.8,43.0,2475069976,61609443,13,1,0,,0
2025-08-22T00:48:09,nanema-HP,0.8,27.8,43.0,2475070576,61610043,13,1,0,,0
2025-08-22T00:48:15,nanema-HP,1.0,27.8,43.0,2475071276,61610743,13,1,0,,0
2025-08-22T00:48:21,nanema-HP,1.1,27.8,43.0,2475072276,61611659,13,1,0,,0
2025-08-22T00:48:27,nanema-HP,0.9,27.7,42.0,2475072954,61612345,13,1,0,,0
2025-08-22T00:48:33,nanema-HP,1.2,27.7,42.0,2475074246,61613023,13,1,0,,0
2025-08-22T00:48:39,nanema-HP,0.8,27.8,42.0,2475074846,61613623,13,1,0,,0
2025-08-22T00:48:45,nanema-HP,0.8,27.8,42.0,2475075844,61614337,13,1,0,,0
2025-08-22T00:48:51,nanema-HP,1.0,27.8,42.0,2475076648,61615139,13,1,0,,0
2025-08-22T00:48:58,nanema-HP,0.8,27.8,42.0,2475077248,61615739,13,1,0,,0
2025-08-22T00:49:04,nanema-HP,1.0,27.8,42.0,2475078277,61616453,13,1,0,,0
2025-08-22T00:49:10,nanema-HP,0.8,27.8,42.0,2475079259,61617441,13,1,0,,0
2025-08-22T00:49:16,nanema-HP,0.8,27.7,42.0,2475079945,61618119,13,1,0,,0
2025-08-22T00:49:22,nanema-HP,0.8,27.7,42.0,2475080741,61618833,13,1,0,,0
2025-08-22T00:49:28,nanema-HP,0.8,27.7,43.0,2475081341,61619433,13,1,0,,0
2025-08-22T00:49:34,nanema-HP,1.2,27.8,43.0,2475082779,61620723,13,1,0,,0
2025-08-22T00:49:40,nanema-HP,0.9,27.8,43.0,2475083907,61621953,13,1,0,,0
2025-08-22T00:49:47,nanema-HP,1.2,27.9,44.0,2475084709,61628729,13,1,-1,Device('/sys/devices/pci0000:00/0000:00:14.0/usb3/3-4/3-4:4.0'),0
2025-08-22T00:49:53,nanema-HP,0.8,27.9,44.0,2475085613,61629229,13,1,-1,Device('/sys/devices/pci0000:00/0000:00:14.0/usb3/3-4/3-4:4.1'),0
2025-08-22T00:49:59,nanema-HP,1.0,28.0,44.0,2475089383,61632735,13,1,-1,Device('/sys/devices/pci0000:00/0000:00:14.0/usb3/3-4/3-4:4.2'),0
2025-08-22T00:50:05,nanema-HP,0.6,28.0,43.0,2475090918,61633751,13,1,-1,Device('/sys/devices/pci0000:00/0000:00:14.0/usb3/3-4'),0
2025-08-22T00:50:11,nanema-HP,0.8,28.0,43.0,2475092005,61634756,13,1,1,Device('/sys/devices/pci0000:00/0000:00:14.0/usb3/3-4'),0
2025-08-22T00:50:17,nanema-HP,1.0,28.0,43.0,2475105316,61665071,15,1,1,Device('/sys/devices/pci0000:00/0000:00:14.0/usb3/3-4/3-4:1.0'),0
2025-08-22T00:50:23,nanema-HP,0.8,27.9,43.0,2475105916,61665671,15,1,-1,Device('/sys/devices/pci0000:00/0000:00:14.0/usb3/3-4/3-4:1.0'),0
2025-08-22T00:50:29,nanema-HP,1.0,27.9,43.0,2475106718,61666271,15,1,1,Device('/sys/devices/pci0000:00/0000:00:14.0/usb3/3-4/3-4:4.1'),0
2025-08-22T00:50:35,nanema-HP,0.8,27.9,44.0,2475109232,61668333,15,1,1,Device('/sys/devices/pci0000:00/0000:00:14.0/usb3/3-4/3-4:4.0'),0
2025-08-22T00:50:42,nanema-HP,0.9,27.9,44.0,2475109832,61668933,15,1,1,Device('/sys/devices/pci0000:00/0000:00:14.0/usb3/3-4/3-4:4.2'),0
2025-08-22T00:50:48,nanema-HP,1.0,27.9,44.0,2475110636,61669735,15,1,0,,0
2025-08-22T00:50:54,nanema-HP,1.1,27.9,43.0,2475111236,61670335,15,1,0,,0
2025-08-22T00:51:00,nanema-HP,1.2,27.7,43.0,2475112343,61671135,15,1,0,,0
2025-08-22T00:51:06,nanema-HP,1.9,27.7,43.0,2475113535,61672115,15,1,0,,0
2025-08-22T00:51:12,nanema-HP,0.9,27.7,43.0,2475114649,61672825,15,1,0,,0
2025-08-22T00:51:18,nanema-HP,1.2,27.7,43.0,2475116071,61674241,15,1,0,,0
2025-08-22T00:51:24,nanema-HP,0.8,27.7,43.0,2475116671,61674841,15,1,0,,0
2025-08-22T00:51:30,nanema-HP,1.4,27.8,43.0,2475117271,61675441,15,1,0,,0
2025-08-22T00:51:37,nanema-HP,1.0,27.8,43.0,2475118067,61676155,15,1,0,,0
2025-08-22T00:51:43,nanema-HP,0.8,27.6,43.0,2475118871,61676957,15,1,0,,0
2025-08-22T00:51:49,nanema-HP,0.8,27.6,43.0,2475119471,61677557,15,1,0,,0
2025-08-22T00:51:55,nanema-HP,0.8,27.6,43.0,2475120267,61678271,15,1,0,,0
2025-08-22T00:52:01,nanema-HP,0.7,27.4,43.0,2475121100,61678871,15,1,0,,0
2025-08-22T00:52:07,nanema-HP,0.7,27.4,43.0,2475140458,61680073,15,1,0,,0
2025-08-22T00:52:13,nanema-HP,0.8,27.4,44.0,2475141532,61681095,15,1,0,,0
2025-08-22T00:52:19,nanema-HP,0.8,27.4,44.0,2475142414,61681887,15,1,0,,0
2025-08-22T00:52:26,nanema-HP,0.8,27.4,44.0,2475143260,61682731,15,1,0,,0
2025-08-22T00:52:32,nanema-HP,0.8,27.5,44.0,2475143860,61683331,15,1,0,,0
2025-08-22T00:52:38,nanema-HP,0.8,27.3,44.0,2475144656,61684045,15,1,0,,0
2025-08-22T00:52:44,nanema-HP,0.7,27.3,44.0,2475145616,61684941,15,1,0,,0
2025-08-22T00:52:50,nanema-HP,0.8,27.4,44.0,2475146216,61685541,15,1,0,,0
2025-08-22T00:52:56,nanema-HP,1.0,27.4,44.0,2475147012,61686255,15,1,0,,0
2025-08-22T00:53:02,nanema-HP,0.8,27.5,44.0,2475147945,61686955,15,1,0,,0
2025-08-22T00:53:08,nanema-HP,0.8,27.4,44.0,2475149289,61688399,15,1,0,,0
2025-08-22T00:53:15,nanema-HP,0.8,27.5,44.0,2475150171,61689191,15,1,0,,0
2025-08-22T00:53:21,nanema-HP,0.9,27.4,44.0,2475151085,61690103,15,1,0,,0
2025-08-22T00:53:27,nanema-HP,1.2,27.5,44.0,2475151685,61690703,15,1,0,,0
2025-08-22T00:53:33,nanema-HP,0.8,27.6,43.0,2475152693,61691507,15,1,0,,0
2025-08-22T00:53:39,nanema-HP,1.1,27.6,43.0,2475153720,61692363,15,1,0,,0
2025-08-22T00:53:45,nanema-HP,0.9,27.6,43.0,2475154524,61693165,15,1,0,,0
2025-08-22T00:53:51,nanema-HP,0.8,27.7,43.0,2475155696,61694112,15,1,0,,0
2025-08-22T00:53:57,nanema-HP,0.9,27.7,43.0,2475156950,61695068,15,1,0,,0
2025-08-22T00:54:03,nanema-HP,1.0,27.8,43.0,2475157783,61695668,15,1,0,,0
2025-08-22T00:54:10,nanema-HP,1.2,27.8,43.0,2475158587,61696470,13,1,0,,0
2025-08-22T00:54:16,nanema-HP,0.9,27.7,43.0,2475159383,61697184,13,1,0,,0
2025-08-22T00:54:22,nanema-HP,0.9,27.8,44.0,2475159983,61697784,13,1,0,,0
2025-08-22T00:54:28,nanema-HP,0.7,27.8,44.0,2475160583,61698384,13,1,0,,0
2025-08-22T00:54:34,nanema-HP,1.1,27.8,44.0,2475161387,61699186,13,1,0,,0
2025-08-22T00:54:40,nanema-HP,1.0,27.8,44.0,2475162183,61699900,13,1,0,,0
2025-08-22T00:54:46,nanema-HP,0.9,27.8,44.0,2475162783,61700500,13,1,0,,0
2025-08-22T00:54:52,nanema-HP,0.8,27.8,43.0,2475163383,61701100,13,1,0,,0
2025-08-22T00:54:58,nanema-HP,1.0,27.7,43.0,2475164483,61702116,13,1,0,,0
2025-08-22T00:55:05,nanema-HP,0.8,27.7,43.0,2475165316,61702716,13,1,0,,0
2025-08-22T00:55:11,nanema-HP,0.9,27.7,44.0,2475165916,61703316,13,1,0,,0
2025-08-22T00:55:17,nanema-HP,0.8,27.7,44.0,2475166712,61704030,13,1,0,,0
2025-08-22T00:55:23,nanema-HP,1.1,27.7,44.0,2475167516,61704832,13,1,0,,0
2025-08-22T00:55:29,nanema-HP,0.8,27.7,44.0,2475168116,61705432,13,1,0,,0
2025-08-22T00:55:35,nanema-HP,0.9,27.7,44.0,2475170764,61707430,13,1,0,,0
2025-08-22T00:55:41,nanema-HP,0.7,27.7,44.0,2475171696,61708352,13,1,0,,0
2025-08-22T00:55:47,nanema-HP,0.8,27.7,44.0,2475172296,61708952,13,1,0,,0
2025-08-22T00:55:54,nanema-HP,0.7,27.7,44.0,2475172996,61709652,13,1,0,,0
2025-08-22T00:56:00,nanema-HP,0.8,27.7,43.0,2475174229,61710568,13,1,0,,0
2025-08-22T00:56:06,nanema-HP,0.5,27.7,43.0,2475174829,61711168,13,1,0,,0
2025-08-22T00:56:12,nanema-HP,1.6,27.7,43.0,2475175429,61711768,13,1,0,,0
2025-08-22T00:56:18,nanema-HP,0.9,27.7,44.0,2475176429,61712684,13,1,0,,0
2025-08-22T00:56:24,nanema-HP,0.8,27.7,44.0,2475177029,61713284,13,1,0,,0
2025-08-22T00:56:30,nanema-HP,0.9,27.7,43.0,2475177629,61713884,13,1,0,,0
2025-08-22T00:56:36,nanema-HP,1.0,27.7,43.0,2475178425,61714598,13,1,0,,0
2025-08-22T00:56:43,nanema-HP,1.1,27.7,43.0,2475179229,61715400,13,1,0,,0
2025-08-22T00:56:49,nanema-HP,0.8,27.7,44.0,2475179929,61716100,13,1,0,,0
2025-08-22T00:56:55,nanema-HP,0.8,27.7,44.0,2475180725,61716814,13,1,0,,0
2025-08-22T00:57:01,nanema-HP,0.9,27.4,44.0,2475181558,61717414,13,1,0,,0
2025-08-22T00:57:07,nanema-HP,0.8,27.4,44.0,2475201884,61718366,13,1,0,,0
2025-08-22T00:57:13,nanema-HP,0.8,27.4,44.0,2475202708,61719116,13,1,0,,0
2025-08-22T00:57:19,nanema-HP,0.9,27.4,44.0,2475203504,61719830,13,1,0,,0
2025-08-22T00:57:25,nanema-HP,0.9,27.5,44.0,2475204190,61720508,13,1,0,,0
2025-08-22T00:57:31,nanema-HP,1.5,27.6,44.0,2475204790,61721108,13,1,0,,0
2025-08-22T00:57:38,nanema-HP,0.9,27.6,44.0,2475205790,61722134,13,1,0,,0
2025-08-22T00:57:44,nanema-HP,1.0,27.6,44.0,2475206630,61722912,13,1,0,,0
2025-08-22T00:57:50,nanema-HP,1.0,27.7,44.0,2475207330,61723612,13,1,0,,0
2025-08-22T00:57:56,nanema-HP,1.1,27.8,44.0,2475208526,61724716,13,1,0,,0
2025-08-22T00:58:02,nanema-HP,0.9,27.8,44.0,2475209359,61725316,13,1,0,,0
2025-08-22T00:58:08,nanema-HP,1.0,27.8,43.0,2475209959,61725916,13,1,0,,0
2025-08-22T00:58:14,nanema-HP,0.8,27.8,43.0,2475210763,61726718,13,1,0,,0
2025-08-22T00:58:20,nanema-HP,0.8,27.8,43.0,2475211559,61727432,13,1,0,,0
2025-08-22T00:58:27,nanema-HP,1.3,27.8,43.0,2475212159,61728032,13,1,0,,0
2025-08-22T00:58:33,nanema-HP,0.8,27.8,43.0,2475212759,61728632,13,1,0,,0
2025-08-22T00:58:39,nanema-HP,0.8,27.8,43.0,2475213555,61729346,13,1,0,,0
2025-08-22T00:58:45,nanema-HP,0.8,27.8,43.0,2475214459,61730248,13,1,0,,0
2025-08-22T00:58:51,nanema-HP,0.8,27.8,43.0,2475215059,61730848,13,1,0,,0
2025-08-22T00:58:57,nanema-HP,0.8,27.7,43.0,2475215855,61731562,13,1,0,,0
2025-08-22T00:59:03,nanema-HP,0.8,27.8,43.0,2475216892,61732364,13,1,0,,0
2025-08-22T00:59:09,nanema-HP,0.8,27.8,43.0,2475217492,61732964,13,1,0,,0
2025-08-22T00:59:15,nanema-HP,0.8,27.8,43.0,2475218288,61733678,13,1,0,,0
2025-08-22T00:59:22,nanema-HP,0.7,27.8,43.0,2475218888,61734278,13,1,0,,0
2025-08-22T00:59:28,nanema-HP,0.9,27.8,43.0,2475219692,61735080,13,1,0,,0
2025-08-22T00:59:34,nanema-HP,0.8,27.8,43.0,2475220292,61735680,13,1,0,,0
2025-08-22T00:59:40,nanema-HP,0.9,27.8,43.0,2475221188,61736494,13,1,0,,0
2025-08-22T00:59:46,nanema-HP,0.8,27.8,44.0,2475221990,61737094,13,1,0,,0
2025-08-22T00:59:52,nanema-HP,0.8,27.8,44.0,2475222590,61737694,13,1,0,,0
2025-08-22T00:59:58,nanema-HP,0.8,27.8,44.0,2475224118,61738610,13,1,0,,0
2025-08-22T01:00:04,nanema-HP,0.7,27.8,44.0,2475225257,61739252,13,1,0,,0
2025-08-22T01:00:11,nanema-HP,0.6,27.8,44.0,2475225857,61739852,13,1,0,,0
2025-08-22T01:00:17,nanema-HP,0.9,27.8,44.0,2475226857,61740768,13,1,0,,0
2025-08-22T01:00:23,nanema-HP,1.0,27.8,44.0,2475227457,61741368,13,1,0,,0
2025-08-22T01:00:29,nanema-HP,0.8,27.8,44.0,2475228057,61741968,13,1,0,,0
2025-08-22T01:00:35,nanema-HP,1.8,27.8,43.0,2475231796,61744700,13,1,0,,0
2025-08-22T01:00:41,nanema-HP,1.0,27.8,43.0,2475232728,61745622,13,1,0,,0
2025-08-22T01:00:47,nanema-HP,0.9,27.8,43.0,2475233644,61746426,13,1,0,,0
2025-08-22T01:00:53,nanema-HP,0.9,27.8,43.0,2475234448,61747228,13,1,0,,0
2025-08-22T01:00:59,nanema-HP,1.5,27.8,43.0,2475235477,61747942,13,1,0,,0
2025-08-22T01:01:06,nanema-HP,0.9,27.8,43.0,2475236077,61748542,13,1,0,,0
2025-08-22T01:01:12,nanema-HP,0.8,27.8,43.0,2475236677,61749142,13,1,0,,0
2025-08-22T01:01:18,nanema-HP,1.0,27.8,43.0,2475237473,61749856,13,1,0,,0
2025-08-22T01:01:24,nanema-HP,1.0,27.8,43.0,2475238277,61750658,13,1,0,,0
2025-08-22T01:01:30,nanema-HP,1.0,27.8,43.0,2475238877,61751258,13,1,0,,0
2025-08-22T01:01:36,nanema-HP,1.0,27.9,43.0,2475239773,61752072,13,1,0,,0
2025-08-22T01:01:42,nanema-HP,1.0,27.8,43.0,2475240373,61752672,13,1,0,,0
2025-08-22T01:01:48,nanema-HP,1.3,27.8,43.0,2475241177,61753474,13,1,0,,0
2025-08-22T01:01:55,nanema-HP,0.9,27.7,43.0,2475241973,61754188,13,1,0,,0
2025-08-22T01:02:01,nanema-HP,0.9,27.3,43.0,2475242806,61754788,13,1,0,,0
2025-08-22T01:02:07,nanema-HP,1.0,27.3,43.0,2475262404,61755674,13,1,0,,0
2025-08-22T01:02:13,nanema-HP,2.0,27.4,43.0,2475263474,61756532,13,1,0,,0
2025-08-22T01:02:19,nanema-HP,0.9,27.4,43.0,2475264270,61757246,13,1,0,,0
2025-08-22T01:02:25,nanema-HP,0.9,27.5,43.0,2475265160,61758126,13,1,0,,0
2025-08-22T01:02:31,nanema-HP,0.8,27.5,44.0,2475265860,61758826,13,1,0,,0
2025-08-22T01:02:37,nanema-HP,0.8,27.6,44.0,2475266656,61759540,13,1,0,,0
2025-08-22T01:02:43,nanema-HP,0.8,27.6,43.0,2475267412,61760234,13,1,0,,0
2025-08-22T01:02:50,nanema-HP,1.1,27.7,43.0,2475268216,61761036,13,1,0,,0
2025-08-22T01:02:56,nanema-HP,0.9,27.7,43.0,2475269012,61761750,13,1,0,,0
2025-08-22T01:03:02,nanema-HP,0.9,27.7,43.0,2475269845,61762350,13,1,0,,0
2025-08-22T01:03:08,nanema-HP,0.8,27.7,43.0,2475270649,61763152,13,1,0,,0
2025-08-22T01:03:14,nanema-HP,0.8,27.7,43.0,2475271249,61763752,13,1,0,,0
2025-08-22T01:03:20,nanema-HP,0.9,27.7,43.0,2475272045,61764466,13,1,0,,0
2025-08-22T01:03:26,nanema-HP,1.2,27.7,43.0,2475272745,61765166,13,1,0,,0
2025-08-22T01:03:32,nanema-HP,0.8,27.9,43.0,2475273549,61765968,13,1,0,,0
2025-08-22T01:03:39,nanema-HP,0.8,27.8,43.0,2475274345,61766682,13,1,0,,0
2025-08-22T01:03:45,nanema-HP,0.8,27.8,43.0,2475275171,61767487,13,1,0,,0
2025-08-22T01:03:51,nanema-HP,0.7,27.8,43.0,2475275975,61768289,13,1,0,,0
2025-08-22T01:03:57,nanema-HP,0.8,27.8,43.0,2475276771,61769003,13,1,0,,0
2025-08-22T01:04:03,nanema-HP,0.7,27.7,43.0,2475277604,61769603,13,1,0,,0
2025-08-22T01:04:09,nanema-HP,1.2,27.7,43.0,2475278204,61770203,13,1,0,,0
2025-08-22T01:04:15,nanema-HP,0.9,27.7,43.0,2475279000,61771053,13,1,0,,0
2025-08-22T01:04:21,nanema-HP,1.0,27.7,44.0,2475279846,61771761,13,1,0,,0
2025-08-22T01:04:27,nanema-HP,1.0,27.4,44.0,2475280546,61772461,13,1,0,,0
2025-08-22T01:04:34,nanema-HP,1.0,27.5,44.0,2475281350,61773263,13,1,0,,0
2025-08-22T01:04:40,nanema-HP,0.9,27.3,43.0,2475282146,61773977,13,1,0,,0
2025-08-22T01:04:46,nanema-HP,1.0,27.3,43.0,2475282746,61774577,13,1,0,,0
2025-08-22T01:04:52,nanema-HP,0.8,27.3,43.0,2475283346,61775177,13,1,0,,0
2025-08-22T01:04:58,nanema-HP,0.9,27.4,43.0,2475284142,61775891,13,1,0,,0
2025-08-22T01:05:04,nanema-HP,0.8,27.4,43.0,2475285179,61776693,13,1,0,,0
2025-08-22T01:05:10,nanema-HP,0.8,27.4,44.0,2475285779,61777293,13,1,0,,0
2025-08-22T01:05:16,nanema-HP,0.6,27.4,44.0,2475286575,61778007,13,1,0,,0
2025-08-22T01:05:23,nanema-HP,0.7,27.4,44.0,2475287275,61778707,13,1,0,,0
2025-08-22T01:05:29,nanema-HP,0.8,27.5,43.0,2475288079,61779509,13,1,0,,0
2025-08-22T01:05:35,nanema-HP,0.9,27.6,43.0,2475290785,61781669,13,1,0,,0
2025-08-22T01:05:41,nanema-HP,0.9,27.6,43.0,2475291579,61782525,13,1,0,,0
2025-08-22T01:05:47,nanema-HP,1.0,27.6,43.0,2475292317,61783191,13,1,0,,0
2025-08-22T01:05:53,nanema-HP,0.9,27.6,43.0,2475292917,61783791,13,1,0,,0
2025-08-22T01:05:59,nanema-HP,0.8,27.3,43.0,2475293713,61784505,13,1,0,,0
2025-08-22T01:06:05,nanema-HP,0.8,27.3,43.0,2475294750,61785307,13,1,0,,0
2025-08-22T01:06:11,nanema-HP,0.8,27.3,43.0,2475295350,61785907,13,1,0,,0
2025-08-22T01:06:18,nanema-HP,0.8,27.4,43.0,2475296246,61786721,13,1,0,,0
2025-08-22T01:06:24,nanema-HP,0.8,27.4,43.0,2475296956,61787431,13,1,0,,0
2025-08-22T01:06:30,nanema-HP,1.0,27.5,43.0,2475297642,61788109,13,1,0,,0
2025-08-22T01:06:36,nanema-HP,0.9,27.5,43.0,2475298642,61789025,13,1,0,,0
2025-08-22T01:06:42,nanema-HP,0.9,27.6,43.0,2475299242,61789625,13,1,0,,0
2025-08-22T01:06:48,nanema-HP,1.0,27.6,43.0,2475299842,61790225,13,1,0,,0
2025-08-22T01:06:54,nanema-HP,1.2,27.7,43.0,2475300442,61790825,13,1,0,,0
2025-08-22T01:07:00,nanema-HP,0.7,27.3,43.0,2475301675,61791741,13,1,0,,0
2025-08-22T01:07:07,nanema-HP,1.2,27.3,43.0,2475322249,61792641,13,1,0,,0
2025-08-22T01:07:13,nanema-HP,1.9,27.3,43.0,2475323139,61793377,13,1,0,,0
2025-08-22T01:07:19,nanema-HP,0.9,27.4,43.0,2475324215,61794299,13,1,0,,0
2025-08-22T01:07:25,nanema-HP,0.9,27.4,43.0,2475324901,61794977,13,1,0,,0
2025-08-22T01:07:31,nanema-HP,0.9,27.5,43.0,2475325501,61795577,13,1,0,,0
2025-08-22T01:07:37,nanema-HP,0.8,27.6,44.0,2475326297,61796291,13,1,0,,0
2025-08-22T01:07:43,nanema-HP,0.8,27.6,44.0,2475327415,61797415,13,1,0,,0
2025-08-22T01:07:49,nanema-HP,1.3,27.6,44.0,2475328057,61798057,13,1,0,,0
2025-08-22T01:07:55,nanema-HP,0.8,27.7,43.0,2475329057,61798973,13,1,0,,0
2025-08-22T01:08:02,nanema-HP,0.9,27.7,43.0,2475329890,61799573,13,1,0,,0
2025-08-22T01:08:08,nanema-HP,1.0,27.7,43.0,2475330490,61800173,13,1,0,,0
2025-08-22T01:08:14,nanema-HP,0.9,27.7,43.0,2475331394,61801075,13,1,0,,0
2025-08-22T01:08:20,nanema-HP,0.8,27.7,43.0,2475332190,61801789,13,1,0,,0
2025-08-22T01:08:26,nanema-HP,1.3,27.7,44.0,2475332994,61802591,13,1,0,,0
2025-08-22T01:08:32,nanema-HP,0.8,27.7,44.0,2475333594,61803191,13,1,0,,0
2025-08-22T01:08:38,nanema-HP,1.2,27.7,43.0,2475334390,61803905,13,1,0,,0
2025-08-22T01:08:44,nanema-HP,0.8,27.7,43.0,2475335128,61804707,13,1,0,,0
2025-08-22T01:08:51,nanema-HP,0.7,27.7,43.0,2475335770,61805349,13,1,0,,0
2025-08-22T01:08:57,nanema-HP,0.8,27.7,43.0,2475336566,61806063,13,1,0,,0
2025-08-22T01:09:03,nanema-HP,0.9,27.3,43.0,2475337603,61806865,13,1,0,,0
2025-08-22T01:09:09,nanema-HP,0.8,27.3,43.0,2475338203,61807465,13,1,0,,0
2025-08-22T01:09:15,nanema-HP,0.8,27.4,43.0,2475339099,61808279,13,1,0,,0
2025-08-22T01:09:21,nanema-HP,0.8,27.4,43.0,2475339699,61808879,13,1,0,,0
2025-08-22T01:09:27,nanema-HP,1.0,27.5,43.0,2475340503,61809681,13,1,0,,0
2025-08-22T01:09:33,nanema-HP,0.9,27.7,43.0,2475341145,61810323,13,1,0,,0
2025-08-22T01:09:39,nanema-HP,0.8,27.7,43.0,2475341941,61811037,13,1,0,,0
2025-08-22T01:09:46,nanema-HP,0.8,27.7,44.0,2475342541,61811637,13,1,0,,0
2025-08-22T01:09:52,nanema-HP,0.7,27.7,44.0,2475343345,61812439,13,1,0,,0
2025-08-22T01:09:58,nanema-HP,0.8,27.8,44.0,2475344141,61813153,13,1,0,,0
2025-08-22T01:10:04,nanema-HP,0.9,27.8,44.0,2475344974,61813753,13,1,0,,0
2025-08-22T01:10:10,nanema-HP,0.8,27.8,44.0,2475345878,61814655,13,1,0,,0
2025-08-22T01:10:16,nanema-HP,0.7,27.8,43.0,2475346716,61815411,13,1,0,,0
2025-08-22T01:10:22,nanema-HP,0.9,27.8,43.0,2475347316,61816011,13,1,0,,0
2025-08-22T01:10:28,nanema-HP,0.7,27.8,43.0,2475347916,61816611,13,1,0,,0
2025-08-22T01:10:35,nanema-HP,0.9,27.8,43.0,2475350420,61818631,13,1,0,,0
2025-08-22T01:10:41,nanema-HP,0.9,27.7,43.0,2475351352,61819553,13,1,0,,0
2025-08-22T01:10:47,nanema-HP,1.0,27.7,43.0,2475351952,61820153,13,1,0,,0
2025-08-22T01:10:53,nanema-HP,0.9,27.7,43.0,2475352552,61820753,13,1,0,,0
2025-08-22T01:10:59,nanema-HP,1.1,27.7,43.0,2475353348,61821467,13,1,0,,0
2025-08-22T01:11:05,nanema-HP,1.0,27.7,43.0,2475354281,61822167,13,1,0,,0
2025-08-22T01:11:11,nanema-HP,1.1,27.7,43.0,2475355085,61822969,13,1,0,,0
2025-08-22T01:11:17,nanema-HP,0.7,27.7,43.0,2475355881,61823683,13,1,0,,0
2025-08-22T01:11:23,nanema-HP,0.8,27.7,43.0,2475356481,61824283,13,1,0,,0
2025-08-22T01:11:30,nanema-HP,0.8,27.7,43.0,2475357081,61824883,13,1,0,,0
2025-08-22T01:11:36,nanema-HP,0.8,27.8,43.0,2475358081,61825799,13,1,0,,0
2025-08-22T01:11:42,nanema-HP,0.8,27.8,43.0,2475358681,61826399,13,1,0,,0
2025-08-22T01:11:48,nanema-HP,0.8,27.7,43.0,2475359281,61826999,13,1,0,,0
2025-08-22T01:11:54,nanema-HP,0.8,27.7,43.0,2475360085,61827801,13,1,0,,0
2025-08-22T01:12:00,nanema-HP,1.3,27.3,43.0,2475361023,61828657,13,1,0,,0
2025-08-22T01:12:06,nanema-HP,1.0,27.3,43.0,2475380961,61829257,13,1,0,,0
2025-08-22T01:12:12,nanema-HP,0.8,27.3,44.0,2475382181,61830401,13,1,0,,0
2025-08-22T01:12:19,nanema-HP,0.8,27.4,44.0,2475383283,61831229,13,1,0,,0
2025-08-22T01:12:25,nanema-HP,0.8,27.4,44.0,2475383969,61831907,13,1,0,,0
2025-08-22T01:12:31,nanema-HP,1.1,27.7,44.0,2475384569,61838683,13,1,-1,Device('/sys/devices/pci0000:00/0000:00:14.0/usb3/3-4/3-4:4.0'),0
2025-08-22T01:12:37,nanema-HP,1.2,27.8,44.0,2475385569,61839599,13,1,-1,Device('/sys/devices/pci0000:00/0000:00:14.0/usb3/3-4/3-4:4.1'),0
2025-08-22T01:12:43,nanema-HP,0.9,27.8,44.0,2475389537,61843241,13,1,-1,Device('/sys/devices/pci0000:00/0000:00:14.0/usb3/3-4/3-4:4.2'),0
2025-08-22T01:12:49,nanema-HP,0.8,27.3,44.0,2475390179,61843883,13,1,-1,Device('/sys/devices/pci0000:00/0000:00:14.0/usb3/3-4'),0
2025-08-22T01:12:55,nanema-HP,0.9,27.4,44.0,2475390975,61844597,13,1,1,Device('/sys/devices/pci0000:00/0000:00:14.0/usb3/3-4'),0
2025-08-22T01:13:01,nanema-HP,0.8,27.4,43.0,2475392012,61845399,13,1,1,Device('/sys/devices/pci0000:00/0000:00:14.0/usb3/3-4/3-4:1.0'),0
2025-08-22T01:13:08,nanema-HP,1.1,27.4,43.0,2475392612,61845999,13,1,-1,Device('/sys/devices/pci0000:00/0000:00:14.0/usb3/3-4/3-4:1.0'),0
2025-08-22T01:13:14,nanema-HP,0.9,27.4,43.0,2475393212,61846599,13,1,1,Device('/sys/devices/pci0000:00/0000:00:14.0/usb3/3-4/3-4:4.0'),0
2025-08-22T01:13:20,nanema-HP,0.9,27.7,43.0,2475401695,61853390,13,1,1,Device('/sys/devices/pci0000:00/0000:00:14.0/usb3/3-4/3-4:4.1'),0
2025-08-22T01:13:26,nanema-HP,0.8,27.6,43.0,2475402523,61854210,13,1,1,Device('/sys/devices/pci0000:00/0000:00:14.0/usb3/3-4/3-4:4.2'),0
2025-08-22T01:13:32,nanema-HP,0.9,27.6,43.0,2475403123,61854810,13,1,0,,0
2025-08-22T01:13:38,nanema-HP,1.1,27.5,43.0,2475404123,61855726,13,1,0,,0
2025-08-22T01:13:44,nanema-HP,0.8,27.5,43.0,2475404723,61856326,13,1,0,,0
2025-08-22T01:13:50,nanema-HP,0.9,27.5,43.0,2475405323,61856926,13,1,0,,0
2025-08-22T01:13:56,nanema-HP,1.0,27.5,43.0,2475411990,61868493,14,1,0,,0
2025-08-22T01:14:03,nanema-HP,1.3,27.5,43.0,2475434264,61888501,14,1,0,,0
2025-08-22T01:14:09,nanema-HP,0.9,27.4,43.0,2475435700,61889101,14,1,0,,0
2025-08-22T01:14:15,nanema-HP,1.1,27.4,43.0,2475436496,61889815,14,1,0,,0
2025-08-22T01:14:21,nanema-HP,1.0,27.4,43.0,2475437196,61890515,14,1,0,,0
2025-08-22T01:14:27,nanema-HP,1.0,27.5,43.0,2475437796,61891251,14,1,0,,0
2025-08-22T01:14:33,nanema-HP,1.3,27.5,43.0,2475438642,61891959,14,1,0,,0
2025-08-22T01:14:39,nanema-HP,1.1,27.6,43.0,2475439438,61892673,14,1,0,,0
2025-08-22T01:14:45,nanema-HP,0.9,27.6,43.0,2475440038,61893273,14,1,0,,0
2025-08-22T01:14:52,nanema-HP,1.1,27.6,42.0,2475440967,61894286,14,1,0,,0
2025-08-22T01:14:58,nanema-HP,0.9,27.7,42.0,2475441959,61895188,14,1,0,,0
2025-08-22T01:15:04,nanema-HP,0.8,27.7,42.0,2475442792,61895788,14,1,0,,0
2025-08-22T01:15:10,nanema-HP,0.8,27.3,41.0,2475443392,61896388,14,1,0,,0
2025-08-22T01:15:16,nanema-HP,0.9,27.3,41.0,2475444288,61897202,14,1,0,,0
2025-08-22T01:15:22,nanema-HP,0.9,27.4,41.0,2475445092,61898004,14,1,0,,0
2025-08-22T01:15:28,nanema-HP,0.8,27.4,41.0,2475445807,61898719,14,1,0,,0
2025-08-22T01:15:34,nanema-HP,0.8,27.5,41.0,2475448483,61901041,15,1,0,,0
2025-08-22T01:15:41,nanema-HP,0.8,27.4,41.0,2475449321,61901797,15,1,0,,0
2025-08-22T01:15:47,nanema-HP,0.9,27.4,41.0,2475450125,61902599,15,1,0,,0
2025-08-22T01:15:53,nanema-HP,0.9,27.4,41.0,2475451168,61903614,15,1,0,,0
2025-08-22T01:15:59,nanema-HP,1.2,27.5,41.0,2475452254,61904608,15,1,0,,0
2025-08-22T01:16:05,nanema-HP,0.8,27.3,41.0,2475453087,61905208,15,1,0,,0
2025-08-22T01:16:11,nanema-HP,0.9,27.3,41.0,2475453787,61905908,15,1,0,,0
2025-08-22T01:16:17,nanema-HP,1.2,27.4,41.0,2475454583,61906622,15,1,0,,0
2025-08-22T01:16:23,nanema-HP,0.9,27.4,41.0,2475455387,61907424,15,1,0,,0
2025-08-22T01:16:29,nanema-HP,0.8,27.4,41.0,2475455987,61908024,15,1,0,,0
2025-08-22T01:16:36,nanema-HP,1.0,27.4,41.0,2475456783,61908738,14,1,0,,0
2025-08-22T01:16:42,nanema-HP,0.8,27.5,41.0,2475457383,61909338,14,1,0,,0
2025-08-22T01:16:48,nanema-HP,1.2,27.5,41.0,2475458457,61910461,14,1,0,,0
2025-08-22T01:16:54,nanema-HP,1.0,27.5,41.0,2475459185,61911181,14,1,0,,0
2025-08-22T01:17:00,nanema-HP,1.2,27.4,41.0,2475460214,61911895,14,1,0,,0
2025-08-22T01:17:06,nanema-HP,1.2,27.4,41.0,2475479650,61912495,14,1,0,,0
2025-08-22T01:17:12,nanema-HP,0.8,27.4,41.0,2475480724,61913495,14,1,0,,0
2025-08-22T01:17:18,nanema-HP,0.9,27.4,42.0,2475481766,61914453,14,1,0,,0
2025-08-22T01:17:24,nanema-HP,1.1,27.3,42.0,2475482366,61915053,14,1,0,,0
2025-08-22T01:17:31,nanema-HP,0.8,27.4,42.0,2475482966,61915653,14,1,0,,0
2025-08-22T01:17:37,nanema-HP,0.8,27.4,41.0,2475483966,61916569,14,1,0,,0
2025-08-22T01:17:43,nanema-HP,0.8,27.4,41.0,2475484740,61917325,13,1,0,,0
2025-08-22T01:17:49,nanema-HP,0.8,27.4,41.0,2475495850,61927693,15,1,0,,0
2025-08-22T01:17:55,nanema-HP,1.0,27.4,41.0,2475546033,61939519,16,1,0,,0
2025-08-22T01:18:01,nanema-HP,0.8,27.4,41.0,2475547136,61940315,15,1,0,,0
2025-08-22T01:18:07,nanema-HP,0.8,27.4,41.0,2475547836,61941015,15,1,0,,0
2025-08-22T01:18:13,nanema-HP,0.9,27.4,41.0,2475548540,61941717,15,1,0,,0
2025-08-22T01:18:20,nanema-HP,0.8,27.4,41.0,2475549336,61942431,15,1,0,,0
2025-08-22T01:18:26,nanema-HP,1.0,27.4,41.0,2475550140,61943233,15,1,0,,0
2025-08-22T01:18:32,nanema-HP,0.8,27.5,41.0,2475550740,61943833,15,1,0,,0
2025-08-22T01:18:38,nanema-HP,0.8,27.5,41.0,2475551636,61944647,15,1,0,,0
2025-08-22T01:18:44,nanema-HP,0.9,27.6,41.0,2475552625,61945636,15,1,0,,0
2025-08-22T01:18:50,nanema-HP,1.1,27.6,41.0,2475553515,61946516,15,1,0,,0
2025-08-22T01:18:56,nanema-HP,0.8,27.7,41.0,2475554311,61947230,15,1,0,,0
2025-08-22T01:19:02,nanema-HP,1.3,27.7,41.0,2475555144,61947830,15,1,0,,0
2025-08-22T01:19:09,nanema-HP,0.9,27.4,41.0,2475555744,61948430,15,1,0,,0
2025-08-22T01:19:15,nanema-HP,0.8,27.4,41.0,2475556744,61949346,15,1,0,,0
2025-08-22T01:19:21,nanema-HP,0.8,27.4,41.0,2475557344,61949946,15,1,0,,0
2025-08-22T01:19:27,nanema-HP,1.3,27.4,42.0,2475557944,61950546,15,1,0,,0
2025-08-22T01:19:33,nanema-HP,1.6,27.5,42.0,2475558644,61951246,15,1,0,,0
2025-08-22T01:19:39,nanema-HP,0.9,27.5,42.0,2475559644,61952162,15,1,0,,0
2025-08-22T01:19:45,nanema-HP,0.8,27.5,41.0,2475560481,61953151,15,1,0,,0
2025-08-22T01:19:51,nanema-HP,0.8,27.5,41.0,2475561167,61953829,15,1,0,,0
2025-08-22T01:19:58,nanema-HP,0.9,27.5,41.0,2475562167,61954745,15,1,0,,0
2025-08-22T01:20:04,nanema-HP,0.8,27.3,41.0,2475563000,61955345,15,1,0,,0
2025-08-22T01:20:10,nanema-HP,0.9,27.4,41.0,2475563600,61955945,15,1,0,,0
2025-08-22T01:20:16,nanema-HP,0.9,27.3,41.0,2475564396,61956659,15,1,0,,0
2025-08-22T01:20:22,nanema-HP,1.0,27.4,41.0,2475565200,61957461,15,1,0,,0
2025-08-22T01:20:28,nanema-HP,0.9,27.4,41.0,2475565942,61958203,15,1,0,,0
2025-08-22T01:20:34,nanema-HP,0.9,27.4,42.0,2475568320,61960105,15,1,0,,0
2025-08-22T01:20:40,nanema-HP,0.9,27.3,42.0,2475569548,61961621,15,1,0,,0
2025-08-22T01:20:46,nanema-HP,0.9,27.3,42.0,2475570352,61962423,15,1,0,,0
2025-08-22T01:20:53,nanema-HP,1.0,27.3,41.0,2475570952,61963023,15,1,0,,0
2025-08-22T01:20:59,nanema-HP,1.0,27.4,41.0,2475572168,61964055,15,1,0,,0
2025-08-22T01:21:05,nanema-HP,1.0,27.4,41.0,2475573205,61964857,15,1,0,,0
2025-08-22T01:21:11,nanema-HP,1.0,27.4,41.0,2475573805,61965457,15,1,0,,0
2025-08-22T01:21:17,nanema-HP,1.2,27.4,41.0,2475574601,61966171,15,1,0,,0
2025-08-22T01:21:23,nanema-HP,1.0,27.5,42.0,2475575505,61967073,15,1,0,,0
2025-08-22T01:21:29,nanema-HP,0.8,27.6,42.0,2475576105,61967673,15,1,0,,0
2025-08-22T01:21:35,nanema-HP,0.7,27.7,42.0,2475576901,61968387,15,1,0,,0
2025-08-22T01:21:42,nanema-HP,0.8,27.7,42.0,2475577501,61968987,13,1,0,,0
2025-08-22T01:21:48,nanema-HP,0.8,27.7,42.0,2475578305,61969789,13,1,0,,0
2025-08-22T01:21:54,nanema-HP,0.8,27.7,41.0,2475579097,61970731,13,1,0,,0
2025-08-22T01:22:00,nanema-HP,1.0,27.3,41.0,2475580126,61971445,13,1,0,,0
2025-08-22T01:22:06,nanema-HP,1.2,27.3,41.0,2475595669,61972045,13,1,0,,0
2025-08-22T01:22:12,nanema-HP,0.8,27.3,41.0,2475596493,61972645,13,1,0,,0
2025-08-22T01:22:18,nanema-HP,0.8,27.3,41.0,2475597593,61973661,13,1,0,,0
2025-08-22T01:22:24,nanema-HP,0.7,27.3,41.0,2475598321,61974381,13,1,0,,0
2025-08-22T01:22:31,nanema-HP,0.9,27.4,41.0,2475598921,61974981,13,1,0,,0
2025-08-22T01:22:37,nanema-HP,0.8,27.4,41.0,2475599921,61975897,13,1,0,,0
2025-08-22T01:22:43,nanema-HP,0.9,27.4,41.0,2475600521,61976497,13,1,0,,0
2025-08-22T01:22:49,nanema-HP,0.8,27.4,41.0,2475604592,61980352,14,1,0,,0
2025-08-22T01:22:55,nanema-HP,1.0,27.5,41.0,2475605516,61981186,14,1,0,,0
2025-08-22T01:23:01,nanema-HP,1.0,27.5,41.0,2475606553,61981988,14,1,0,,0
2025-08-22T01:23:07,nanema-HP,0.7,27.5,41.0,2475607195,61982630,14,1,0,,0
2025-08-22T01:23:13,nanema-HP,0.8,27.4,41.0,2475607895,61983330,14,1,0,,0
2025-08-22T01:23:19,nanema-HP,1.6,27.4,41.0,2475608691,61984044,14,1,0,,0
2025-08-22T01:23:26,nanema-HP,0.8,27.4,41.0,2475609291,61984644,14,1,0,,0
2025-08-22T01:23:32,nanema-HP,0.8,27.5,41.0,2475610095,61985446,14,1,0,,0
2025-08-22T01:23:38,nanema-HP,1.0,27.6,41.0,2475610891,61986160,14,1,0,,0
2025-08-22T01:23:44,nanema-HP,0.8,27.6,41.0,2475611491,61986760,14,1,0,,0
2025-08-22T01:23:50,nanema-HP,0.9,27.6,42.0,2475612952,61988325,13,1,0,,0
2025-08-22T01:23:56,nanema-HP,0.8,27.7,42.0,2475625587,62017644,16,1,0,,0
2025-08-22T01:24:02,nanema-HP,0.8,27.7,42.0,2475626666,62018488,16,1,0,,0
2025-08-22T01:24:08,nanema-HP,0.9,27.4,42.0,2475627366,62019188,16,1,0,,0
2025-08-22T01:24:15,nanema-HP,1.2,27.4,42.0,2475628162,62019902,16,1,0,,0
2025-08-22T01:24:21,nanema-HP,0.8,27.4,41.0,2475628966,62020704,16,1,0,,0
2025-08-22T01:24:27,nanema-HP,1.2,27.4,41.0,2475629566,62021304,16,1,0,,0
2025-08-22T01:24:33,nanema-HP,1.1,27.4,41.0,2475630566,62022220,16,1,0,,0
2025-08-22T01:24:39,nanema-HP,0.8,27.4,41.0,2475631166,62022820,16,1,0,,0
2025-08-22T01:24:45,nanema-HP,0.8,27.4,41.0,2475631898,62023638,16,1,0,,0
2025-08-22T01:24:51,nanema-HP,0.8,27.4,41.0,2475633124,62024940,16,1,0,,0
2025-08-22T01:24:57,nanema-HP,0.8,27.4,41.0,2475633920,62025654,16,1,0,,0
2025-08-22T01:25:04,nanema-HP,1.0,27.3,41.0,2475634753,62026254,16,1,0,,0
2025-08-22T01:25:10,nanema-HP,1.0,27.3,42.0,2475635353,62026854,16,1,0,,0
2025-08-22T01:25:16,nanema-HP,0.8,27.3,42.0,2475636353,62027770,16,1,0,,0
2025-08-22T01:25:22,nanema-HP,0.8,27.3,42.0,2475636995,62028412,16,1,0,,0
2025-08-22T01:25:28,nanema-HP,0.7,27.3,41.0,2475637595,62029012,16,1,0,,0
2025-08-22T01:25:34,nanema-HP,1.3,27.4,41.0,2475640331,62031198,16,1,0,,0
2025-08-22T01:25:40,nanema-HP,0.9,27.3,42.0,2475641607,62032541,15,1,0,,0
2025-08-22T01:25:46,nanema-HP,0.9,27.3,42.0,2475642207,62033141,15,1,0,,0
2025-08-22T01:25:53,nanema-HP,0.8,27.3,42.0,2475643057,62034163,15,1,0,,0
2025-08-22T01:25:59,nanema-HP,1.1,27.3,42.0,2475643853,62034877,15,1,0,,0
2025-08-22T01:26:05,nanema-HP,0.8,27.3,42.0,2475644686,62035477,15,1,0,,0
2025-08-22T01:26:11,nanema-HP,0.9,27.3,42.0,2475645640,62036641,15,1,0,,0
2025-08-22T01:26:17,nanema-HP,0.8,27.3,42.0,2475646478,62037397,15,1,0,,0
2025-08-22T01:26:23,nanema-HP,0.7,27.3,42.0,2475647078,62037997,15,1,0,,0
2025-08-22T01:26:29,nanema-HP,0.8,27.3,41.0,2475647778,62038697,15,1,0,,0
2025-08-22T01:26:35,nanema-HP,0.8,27.3,41.0,2475648574,62039411,15,1,0,,0
2025-08-22T01:26:41,nanema-HP,0.9,27.3,41.0,2475649378,62040213,15,1,0,,0
2025-08-22T01:26:48,nanema-HP,0.7,27.3,41.0,2475650616,62041565,15,1,0,,0
2025-08-22T01:26:54,nanema-HP,0.8,27.3,41.0,2475651498,62042357,15,1,0,,0
2025-08-22T01:27:00,nanema-HP,1.0,27.3,41.0,2475652535,62043159,15,1,0,,0
2025-08-22T01:27:06,nanema-HP,1.2,27.3,41.0,2475672014,62043759,15,1,0,,0
2025-08-22T01:27:12,nanema-HP,1.1,27.3,41.0,2475672988,62044659,15,1,0,,0
2025-08-22T01:27:18,nanema-HP,1.0,27.3,41.0,2475673870,62045451,15,1,0,,0
2025-08-22T01:27:24,nanema-HP,1.0,27.3,41.0,2475674716,62046295,15,1,0,,0
2025-08-22T01:27:30,nanema-HP,1.0,27.3,41.0,2475675416,62046995,15,1,0,,0
2025-08-22T01:27:36,nanema-HP,0.8,27.4,42.0,2475676212,62047709,15,1,0,,0
2025-08-22T01:27:43,nanema-HP,1.1,27.3,42.0,2475677016,62048511,15,1,0,,0
2025-08-22T01:27:49,nanema-HP,0.8,27.3,41.0,2475677772,62049271,13,1,0,,0
2025-08-22T01:27:55,nanema-HP,0.8,27.3,41.0,2475678610,62050027,13,1,0,,0
2025-08-22T01:28:01,nanema-HP,0.8,27.3,41.0,2475679443,62050627,13,1,0,,0
2025-08-22T01:28:07,nanema-HP,0.9,27.3,41.0,2475680247,62051429,13,1,0,,0
2025-08-22T01:28:13,nanema-HP,0.8,27.3,41.0,2475681043,62052143,13,1,0,,0
2025-08-22T01:28:19,nanema-HP,0.8,27.3,41.0,2475681643,62052743,13,1,0,,0
2025-08-22T01:28:25,nanema-HP,0.8,27.2,42.0,2475682343,62053443,13,1,0,,0
2025-08-22T01:28:32,nanema-HP,0.7,27.2,42.0,2475683147,62054245,13,1,0,,0
2025-08-22T01:28:38,nanema-HP,0.7,27.3,42.0,2475683985,62055001,13,1,0,,0
2025-08-22T01:28:44,nanema-HP,0.8,27.3,42.0,2475684585,62055601,13,1,0,,0
2025-08-22T01:28:50,nanema-HP,0.8,27.3,42.0,2475685389,62056403,13,1,0,,0
2025-08-22T01:28:56,nanema-HP,0.8,27.3,41.0,2475686185,62057117,13,1,0,,0
2025-08-22T01:29:02,nanema-HP,0.8,27.3,41.0,2475687018,62057717,13,1,0,,0
2025-08-22T01:29:08,nanema-HP,0.9,27.3,41.0,2475687822,62058519,13,1,0,,0
2025-08-22T01:29:14,nanema-HP,1.0,27.3,41.0,2475688660,62059275,13,1,0,,0
2025-08-22T01:29:21,nanema-HP,0.8,27.3,41.0,2475689360,62059975,13,1,0,,0
2025-08-22T01:29:27,nanema-HP,1.3,27.3,41.0,2475689960,62060575,13,1,0,,0
2025-08-22T01:29:33,nanema-HP,1.0,27.3,41.0,2475690960,62061491,13,1,0,,0
2025-08-22T01:29:39,nanema-HP,1.0,27.3,41.0,2475691602,62062133,13,1,0,,0
2025-08-22T01:29:45,nanema-HP,0.8,27.3,41.0,2475692202,62062733,13,1,0,,0
2025-08-22T01:29:51,nanema-HP,1.0,27.3,41.0,2475693006,62063535,13,1,0,,0
2025-08-22T01:29:57,nanema-HP,0.8,27.3,41.0,2475693802,62064249,13,1,0,,0
2025-08-22T01:30:03,nanema-HP,1.4,27.3,41.0,2475694635,62064849,13,1,0,,0
2025-08-22T01:30:09,nanema-HP,1.0,27.3,41.0,2475695235,62065449,13,1,0,,0
2025-08-22T01:30:16,nanema-HP,0.8,27.3,41.0,2475696131,62066263,13,1,0,,0
2025-08-22T01:30:22,nanema-HP,1.0,27.3,41.0,2475696977,62067107,13,1,0,,0
2025-08-22T01:30:28,nanema-HP,0.8,27.3,41.0,2475697577,62067707,13,1,0,,0
2025-08-22T01:30:34,nanema-HP,1.2,27.3,42.0,2475700081,62069649,13,1,0,,0
2025-08-22T01:30:40,nanema-HP,1.0,27.3,42.0,2475701013,62070571,13,1,0,,0
2025-08-22T01:30:46,nanema-HP,1.0,27.3,42.0,2475701613,62071171,13,1,0,,0
2025-08-22T01:30:52,nanema-HP,0.7,27.3,42.0,2475702213,62071771,13,1,0,,0
2025-08-22T01:30:58,nanema-HP,0.7,27.3,42.0,2475703009,62072485,13,1,0,,0
2025-08-22T01:31:05,nanema-HP,0.9,27.3,42.0,2475703842,62073085,13,1,0,,0
2025-08-22T01:31:11,nanema-HP,0.9,27.3,42.0,2475704746,62073987,13,1,0,,0
2025-08-22T01:31:17,nanema-HP,0.8,27.3,42.0,2475705584,62074743,13,1,0,,0
2025-08-22T01:31:23,nanema-HP,0.9,27.3,41.0,2475706184,62075343,13,1,0,,0
2025-08-22T01:31:29,nanema-HP,0.8,27.3,41.0,2475706922,62076145,13,1,0,,0
2025-08-22T01:31:35,nanema-HP,0.8,27.4,42.0,2475707718,62076859,13,1,0,,0
2025-08-22T01:31:41,nanema-HP,0.8,27.3,42.0,2475708318,62077459,13,1,0,,0
2025-08-22T01:31:47,nanema-HP,0.9,27.3,42.0,2475708918,62078059,13,1,0,,0
2025-08-22T01:31:54,nanema-HP,0.8,27.3,42.0,2475709918,62078975,13,1,0,,0
2025-08-22T01:32:00,nanema-HP,1.2,27.3,42.0,2475710903,62079727,13,1,0,,0
2025-08-22T01:32:06,nanema-HP,1.1,27.3,42.0,2475730507,62080505,13,1,0,,0
2025-08-22T01:32:12,nanema-HP,1.0,27.2,42.0,2475731685,62081607,13,1,0,,0
2025-08-22T01:32:18,nanema-HP,1.3,27.3,42.0,2475732523,62082363,13,1,0,,0
2025-08-22T01:32:24,nanema-HP,0.8,27.3,42.0,2475733123,62082963,13,1,0,,0
2025-08-22T01:32:30,nanema-HP,0.9,27.3,42.0,2475733927,62083765,13,1,0,,0
2025-08-22T01:32:36,nanema-HP,0.8,27.3,42.0,2475734723,62084479,13,1,0,,0
2025-08-22T01:32:43,nanema-HP,0.8,27.3,42.0,2475735323,62085079,13,1,0,,0
2025-08-22T01:32:49,nanema-HP,0.9,27.3,42.0,2475736283,62085975,13,1,0,,0
2025-08-22T01:32:55,nanema-HP,0.9,27.3,42.0,2475737079,62086689,13,1,0,,0
2025-08-22T01:33:01,nanema-HP,0.8,27.3,42.0,2475738012,62087389,13,1,0,,0
2025-08-22T01:33:07,nanema-HP,0.7,27.3,42.0,2475738612,62087989,13,1,0,,0
2025-08-22T01:33:13,nanema-HP,0.8,27.3,43.0,2475739612,62088905,13,1,0,,0
2025-08-22T01:33:19,nanema-HP,0.8,27.3,43.0,2475740212,62089505,13,1,0,,0
2025-08-22T01:33:25,nanema-HP,0.9,27.3,43.0,2475740812,62090105,13,1,0,,0
2025-08-22T01:33:31,nanema-HP,0.9,27.3,42.0,2475741412,62090705,13,1,0,,0
2025-08-22T01:33:38,nanema-HP,0.9,27.3,42.0,2475742208,62091419,13,1,0,,0
2025-08-22T01:33:44,nanema-HP,1.0,27.3,42.0,2475743012,62092221,13,1,0,,0
2025-08-22T01:33:50,nanema-HP,1.0,27.3,42.0,2475743612,62092821,13,1,0,,0
2025-08-22T01:33:56,nanema-HP,1.0,27.3,42.0,2475744712,62093837,13,1,0,,0
2025-08-22T01:34:02,nanema-HP,1.0,27.3,42.0,2475745545,62094437,13,1,0,,0
2025-08-22T01:34:08,nanema-HP,0.8,27.3,42.0,2475746145,62095037,13,1,0,,0
2025-08-22T01:34:14,nanema-HP,0.8,27.3,42.0,2475747145,62095953,13,1,0,,0
2025-08-22T01:34:20,nanema-HP,0.7,27.2,42.0,2475747745,62096553,13,1,0,,0
2025-08-22T01:34:27,nanema-HP,1.1,27.2,42.0,2475748345,62097153,13,1,0,,0
2025-08-22T01:34:33,nanema-HP,0.8,27.2,42.0,2475749141,62097867,13,1,0,,0
2025-08-22T01:34:39,nanema-HP,0.9,27.3,42.0,2475749945,62098669,13,1,0,,0
2025-08-22T01:34:45,nanema-HP,0.8,27.3,42.0,2475750587,62099311,13,1,0,,0
2025-08-22T01:34:51,nanema-HP,0.7,27.3,42.0,2475751287,62100011,13,1,0,,0
2025-08-22T01:34:57,nanema-HP,0.8,27.2,42.0,2475752083,62100725,13,1,0,,0
2025-08-22T01:35:03,nanema-HP,0.7,27.3,42.0,2475753154,62101533,13,1,0,,0
2025-08-22T01:35:09,nanema-HP,1.2,27.3,43.0,2475753958,62102335,13,1,0,,0
2025-08-22T01:35:15,nanema-HP,0.8,27.3,43.0,2475754754,62103049,13,1,0,,0
2025-08-22T01:35:22,nanema-HP,0.8,27.2,43.0,2475755354,62103649,13,1,0,,0
2025-08-22T01:35:28,nanema-HP,0.7,27.3,43.0,2475755954,62104249,13,1,0,,0
2025-08-22T01:35:34,nanema-HP,1.2,27.2,43.0,2475759204,62106741,13,1,0,,0
2025-08-22T01:35:40,nanema-HP,0.8,27.4,43.0,2475759932,62107461,13,1,0,,0
2025-08-22T01:35:46,nanema-HP,0.8,27.3,43.0,2475760632,62108161,13,1,0,,0
2025-08-22T01:35:52,nanema-HP,0.8,27.3,43.0,2475761436,62108963,13,1,0,,0
2025-08-22T01:35:58,nanema-HP,0.8,27.2,43.0,2475762232,62109677,13,1,0,,0
2025-08-22T01:36:04,nanema-HP,1.0,27.2,43.0,2475763065,62110277,13,1,0,,0
2025-08-22T01:36:11,nanema-HP,0.8,27.2,43.0,2475764069,62110877,13,1,0,,0
2025-08-22T01:36:17,nanema-HP,1.8,27.3,43.0,2475765069,62111793,13,1,0,,0
2025-08-22T01:36:23,nanema-HP,1.1,27.3,43.0,2475765669,62118569,13,1,-1,Device('/sys/devices/pci0000:00/0000:00:14.0/usb3/3-4/3-4:4.0'),0
2025-08-22T01:36:29,nanema-HP,1.0,27.3,43.0,2475769439,62122075,13,1,-1,Device('/sys/devices/pci0000:00/0000:00:14.0/usb3/3-4/3-4:4.1'),0
2025-08-22T01:36:35,nanema-HP,1.1,27.3,43.0,2475770277,62122831,13,1,-1,Device('/sys/devices/pci0000:00/0000:00:14.0/usb3/3-4/3-4:4.2'),0
2025-08-22T01:36:41,nanema-HP,1.2,27.3,43.0,2475771081,62123633,13,1,-1,Device('/sys/devices/pci0000:00/0000:00:14.0/usb3/3-4'),0
2025-08-22T01:36:47,nanema-HP,0.7,27.3,44.0,2475771781,62124333,13,1,1,Device('/sys/devices/pci0000:00/0000:00:14.0/usb3/3-4'),0
2025-08-22T01:36:53,nanema-HP,1.0,27.3,44.0,2475772577,62125047,13,1,1,Device('/sys/devices/pci0000:00/0000:00:14.0/usb3/3-4/3-4:1.0'),0
2025-08-22T01:37:00,nanema-HP,0.8,27.3,44.0,2475773410,62125647,13,1,-1,Device('/sys/devices/pci0000:00/0000:00:14.0/usb3/3-4/3-4:1.0'),0
2025-08-22T01:37:06,nanema-HP,0.9,27.3,44.0,2475788382,62126247,13,1,1,Device('/sys/devices/pci0000:00/0000:00:14.0/usb3/3-4/3-4:4.0'),0
2025-08-22T01:37:12,nanema-HP,0.8,27.3,44.0,2475794511,62127349,13,1,1,Device('/sys/devices/pci0000:00/0000:00:14.0/usb3/3-4/3-4:4.1'),0
2025-08-22T01:37:18,nanema-HP,1.1,27.3,44.0,2475795477,62128225,13,1,1,Device('/sys/devices/pci0000:00/0000:00:14.0/usb3/3-4/3-4:4.2'),0
2025-08-22T01:37:24,nanema-HP,1.1,27.3,44.0,2475796077,62128825,13,1,0,,0
2025-08-22T01:37:30,nanema-HP,0.9,27.3,44.0,2475796881,62129627,13,1,0,,0
2025-08-22T01:37:36,nanema-HP,0.9,27.4,45.0,2475797677,62130341,13,1,0,,0
2025-08-22T01:37:42,nanema-HP,0.8,27.3,45.0,2475798377,62131041,13,1,0,,0
2025-08-22T01:37:49,nanema-HP,0.8,27.3,44.0,2475799335,62131735,13,1,0,,0
2025-08-22T01:37:55,nanema-HP,0.9,27.3,44.0,2475800131,62132449,13,1,0,,0
2025-08-22T01:38:01,nanema-HP,0.9,27.3,44.0,2475801168,62133251,13,1,0,,0
2025-08-22T01:38:07,nanema-HP,1.1,27.3,43.0,2475801768,62136939,13,1,-1,Device('/sys/devices/pci0000:00/0000:00:14.0/usb3/3-4/3-4:4.0'),0
2025-08-22T01:38:13,nanema-HP,0.8,27.3,43.0,2475802564,62137653,13,1,-1,Device('/sys/devices/pci0000:00/0000:00:14.0/usb3/3-4/3-4:4.1'),0
2025-08-22T01:38:19,nanema-HP,0.8,27.3,43.0,2475806412,62141245,13,1,-1,Device('/sys/devices/pci0000:00/0000:00:14.0/usb3/3-4/3-4:4.2'),0
2025-08-22T01:38:25,nanema-HP,0.9,27.3,44.0,2475807344,62142167,13,1,-1,Device('/sys/devices/pci0000:00/0000:00:14.0/usb3/3-4'),0
2025-08-22T01:38:31,nanema-HP,0.8,27.3,44.0,2475807944,62142767,13,1,0,,0
2025-08-22T01:38:38,nanema-HP,7.5,27.6,43.0,2475822750,62157429,13,1,0,,0
2025-08-22T12:51:38,nanema-HP,21.9,28.5,43.0,2476088162,62278174,30,1,-1,Device('/sys/devices/pci0000:00/0000:00:14.0/usb3/3-2/3-2:1.0'),1
2025-08-22T12:51:44,nanema-HP,8.6,28.9,43.0,2477894842,62374427,24,1,-1,Device('/sys/devices/pci0000:00/0000:00:14.0/usb3/3-2'),0
2025-08-22T12:51:50,nanema-HP,7.3,28.5,36.0,2477923197,62423678,28,1,0,,1
2025-08-22T12:51:56,nanema-HP,4.8,28.9,36.0,2477984915,62468898,34,1,0,,0
2025-08-22T12:52:02,nanema-HP,2.8,28.8,36.0,2477986211,62469872,33,1,0,,0
2025-08-22T12:52:09,nanema-HP,5.6,28.8,36.0,2480017196,62836796,47,1,0,,1
2025-08-22T12:52:15,nanema-HP,1.2,28.8,36.0,2480018370,62838240,47,1,0,,0
2025-08-22T12:52:21,nanema-HP,9.5,28.7,37.0,2480057753,62866921,48,1,0,,1
2025-08-22T12:52:27,nanema-HP,3.4,29.4,37.0,2481418612,63143246,68,1,0,,1
2025-08-22T12:52:33,nanema-HP,5.6,29.3,37.0,2481461679,63167712,69,1,0,,1
2025-08-22T12:52:39,nanema-HP,9.8,30.0,39.0,2481604658,63237422,69,1,0,,1
2025-08-22T12:52:46,nanema-HP,6.1,29.6,39.0,2482029425,63330043,64,1,0,,1
2025-08-22T12:52:52,nanema-HP,15.6,29.1,40.0,2485311345,63461938,65,1,0,,1
2025-08-22T12:52:58,nanema-HP,13.8,31.4,40.0,2490074794,64183660,84,1,0,,1
2025-08-22T12:53:04,nanema-HP,20.4,32.5,40.0,2491505459,66037254,68,1,0,,1
2025-08-22T12:53:10,nanema-HP,3.3,32.0,44.0,2491826903,66533361,74,1,0,,1
2025-08-22T12:53:16,nanema-HP,3.5,31.8,44.0,2491829144,66540364,74,1,0,,1
2025-08-22T12:53:23,nanema-HP,2.7,31.9,43.0,2491872979,66624666,75,1,0,,1
2025-08-22T12:53:29,nanema-HP,2.8,31.9,43.0,2491879440,66697001,67,1,0,,1
2025-08-22T12:53:35,nanema-HP,1.8,31.8,43.0,2491882684,66704141,65,1,0,,1
2025-08-22T12:53:41,nanema-HP,1.8,31.7,44.0,2491884201,66705797,64,1,0,,1
2025-08-22T12:53:47,nanema-HP,1.5,31.5,44.0,2491885365,66707071,64,1,0,,1
2025-08-22T12:53:53,nanema-HP,2.0,31.6,44.0,2491886645,66715186,64,1,0,,1
2025-08-22T12:54:00,nanema-HP,1.3,31.6,43.0,2491892163,66738313,58,1,0,,0
2025-08-22T12:54:06,nanema-HP,1.6,31.6,43.0,2491893667,66739542,58,1,0,,0
2025-08-22T12:54:12,nanema-HP,1.1,31.5,43.0,2491894613,66740860,17,1,0,,0
2025-08-22T12:54:18,nanema-HP,1.3,31.5,43.0,2491898432,66742172,17,1,0,,0
2025-08-22T12:54:24,nanema-HP,3.3,31.5,43.0,2491899507,66743144,17,1,0,,0
2025-08-22T12:54:30,nanema-HP,1.3,31.5,43.0,2491900303,66743858,17,1,0,,0
2025-08-22T12:54:36,nanema-HP,1.3,31.5,43.0,2491901107,66744660,17,1,0,,0
2025-08-22T12:54:43,nanema-HP,1.0,31.5,43.0,2491902324,66745773,16,1,0,,0
2025-08-22T12:54:49,nanema-HP,1.2,31.5,43.0,2491903220,66746587,16,1,0,,0
2025-08-22T12:54:55,nanema-HP,5.0,31.6,43.0,2491908679,66756442,16,1,0,,0
2025-08-22T12:55:01,nanema-HP,0.9,31.6,43.0,2491909569,66757322,16,1,0,,0
2025-08-22T12:55:07,nanema-HP,0.9,31.5,43.0,2491910365,66758036,16,1,0,,0
2025-08-22T12:55:13,nanema-HP,1.0,31.5,43.0,2491911065,66758742,16,1,0,,0
2025-08-22T12:55:20,nanema-HP,6.2,31.6,43.0,2491912247,66759966,16,1,0,,0
2025-08-22T12:55:26,nanema-HP,4.8,30.8,43.0,2491914720,66770717,16,1,0,,0
2025-08-22T12:55:32,nanema-HP,0.8,30.7,43.0,2491915420,66771417,16,1,0,,0
2025-08-22T12:55:38,nanema-HP,1.1,30.7,43.0,2491916020,66772017,16,1,0,,0
2025-08-22T12:55:44,nanema-HP,1.7,30.7,43.0,2491916924,66772925,16,1,0,,0
2025-08-22T12:55:50,nanema-HP,1.5,30.7,43.0,2491917798,66773919,16,1,0,,0
2025-08-22T12:55:57,nanema-HP,1.4,30.7,43.0,2491922286,66782964,16,1,0,,0
2025-08-22T12:56:03,nanema-HP,3.2,30.8,43.0,2491923119,66783564,16,1,0,,0
2025-08-22T12:56:09,nanema-HP,1.3,30.7,44.0,2491924319,66784686,16,1,0,,0
2025-08-22T12:56:15,nanema-HP,1.3,30.7,44.0,2491925655,66786154,15,1,0,,0
2025-08-22T12:56:21,nanema-HP,1.7,30.7,44.0,2491926459,66786956,15,1,0,,0
2025-08-22T12:56:27,nanema-HP,1.3,30.7,44.0,2491927355,66787776,15,1,0,,0
2025-08-22T12:56:34,nanema-HP,1.5,30.7,44.0,2491927955,66788376,15,1,0,,0
2025-08-22T12:56:40,nanema-HP,1.8,30.7,44.0,2491930625,66790662,15,1,0,,0
2025-08-22T12:56:46,nanema-HP,1.3,31.0,44.0,2492027598,66805939,16,1,0,,0
2025-08-22T12:56:52,nanema-HP,1.2,30.8,44.0,2492028509,66806850,16,1,0,,0
2025-08-22T12:56:58,nanema-HP,3.4,30.8,44.0,2492039323,66827539,17,1,0,,0
2025-08-22T12:57:04,nanema-HP,1.1,30.8,44.0,2492040360,66828341,17,1,0,,0
2025-08-22T12:57:11,nanema-HP,1.0,30.8,44.0,2492041256,66829161,17,1,0,,0
2025-08-22T13:23:21,nanema-HP,3.1,30.5,44.0,2492091676,66879524,16,1,0,,0
2025-08-22T13:23:27,nanema-HP,3.4,30.5,36.0,2492149849,66948934,25,1,0,,0
2025-08-22T13:23:34,nanema-HP,3.2,30.6,36.0,2492242239,67096532,30,1,0,,0
2025-08-22T13:23:40,nanema-HP,2.7,30.6,36.0,2492245463,67101307,30,1,0,,0
2025-08-22T13:23:46,nanema-HP,2.3,30.6,38.0,2492246177,67102165,30,1,0,,0
2025-08-22T13:23:52,nanema-HP,1.1,30.5,38.0,2492247575,67103465,29,1,0,,0
2025-08-22T13:23:58,nanema-HP,1.9,30.5,38.0,2492250062,67107708,29,1,0,,0
2025-08-22T13:24:04,nanema-HP,2.4,30.5,38.0,2492252548,67113682,29,1,0,,0
2025-08-22T13:24:11,nanema-HP,0.5,30.5,38.0,2492254279,67117862,29,1,0,,0
2025-08-22T13:24:17,nanema-HP,3.1,30.5,39.0,2492255652,67118981,29,1,0,,0
2025-08-22T13:24:23,nanema-HP,0.6,30.5,39.0,2492257227,67120017,29,1,0,,0
2025-08-22T13:24:29,nanema-HP,1.3,30.9,39.0,2492262160,67129545,29,1,0,,0
2025-08-22T13:24:35,nanema-HP,1.1,30.7,42.0,2492263982,67131067,28,1,0,,0
2025-08-22T13:24:41,nanema-HP,1.4,30.8,42.0,2492286903,67132993,28,1,0,,0
2025-08-22T13:24:47,nanema-HP,1.1,30.8,42.0,2492287976,67133999,28,1,0,,0
2025-08-22T13:24:53,nanema-HP,1.2,30.8,42.0,2492288990,67134997,28,1,0,,0
2025-08-22T13:25:00,nanema-HP,1.3,30.8,42.0,2492292880,67135939,28,1,0,,0
2025-08-22T13:25:06,nanema-HP,1.1,30.8,42.0,2492294816,67136913,28,1,0,,0
2025-08-22T13:25:12,nanema-HP,1.0,30.8,42.0,2492295568,67137665,28,1,0,,0
2025-08-22T13:25:18,nanema-HP,1.1,30.8,42.0,2492296887,67138651,27,1,0,,0
2025-08-22T13:25:24,nanema-HP,1.3,30.8,42.0,2492298022,67139469,27,1,0,,0
2025-08-22T13:25:30,nanema-HP,1.0,30.8,42.0,2492303801,67150522,26,1,0,,0
2025-08-22T13:25:36,nanema-HP,1.3,30.8,42.0,2492304927,67151750,26,1,0,,0
2025-08-22T13:25:42,nanema-HP,1.1,30.8,44.0,2492306623,67153040,24,1,0,,0
2025-08-22T13:25:49,nanema-HP,1.2,30.7,44.0,2492311387,67154133,23,1,0,,0
2025-08-22T13:25:55,nanema-HP,2.3,30.7,44.0,2492315617,67154847,22,1,0,,0
2025-08-22T13:26:01,nanema-HP,6.7,30.9,45.0,2492322764,67174385,22,1,0,,0
2025-08-22T13:26:07,nanema-HP,4.6,30.9,45.0,2492332757,67213113,23,1,0,,0
2025-08-22T13:26:13,nanema-HP,3.0,30.8,44.0,2492334978,67221461,23,1,0,,0
2025-08-22T13:26:19,nanema-HP,1.9,30.9,44.0,2492337556,67222857,23,1,0,,0
2025-08-22T13:26:25,nanema-HP,2.8,30.9,44.0,2492338914,67224655,21,1,0,,0
2025-08-22T13:26:31,nanema-HP,2.8,31.0,45.0,2492343417,67233832,18,1,0,,0
2025-08-22T13:26:37,nanema-HP,2.1,31.0,45.0,2492344471,67234546,18,1,0,,0
2025-08-22T13:26:44,nanema-HP,1.5,30.9,45.0,2492345315,67235388,18,1,0,,0
